Trial,Time,train_batch_size,tau,optimization/actor_learning_rate,optimization/critic_learning_rate,Reward,policy_update_state,policy_update_state_valid,td_reference_ema,target_entropy,is_synthetic,guided_update,o2i_uncertainty_raw,o2i_uncertainty_thresholded,o2i_warmup_gain,o2i_uncertainty_effective,actuator_increment,gp_data_count
CODA_I2O_Walker2d-v5_6198_bae0c_00002,53248,382,0.007918047383201178,0.00012252332691400656,0.00041309586401957983,8.046982365570738,0.76926373048338,1.0,1.08849201924222,-6.0,False,0.0,0.0,0.0,0.0,0.0,0.0,0.0
CODA_I2O_Walker2d-v5_6198_bae0c_00003,53248,1149,0.0011006315732845484,0.00024160544508353268,0.0004655459151439638,5.023351891702161,1.0,1.0,0.5676016740295589,-6.0,False,0.0,0.0,0.0,0.0,0.0,0.0,0.0
CODA_I2O_Walker2d-v5_6198_bae0c_00000,53248,810,0.010731692186099701,0.00029642935503568896,0.0007390084929168911,2.9578434729014846,0.6725491512427125,1.0,1.080674586335918,-6.0,False,0.0,0.0,0.0,0.0,0.0,0.0,0.0
CODA_I2O_Walker2d-v5_6198_bae0c_00001,53248,1943,0.003493415620330878,2.0847250206697404e-05,0.00014344362475023157,14.13337309721079,1.0,1.0,1.2488650194054012,-6.0,False,0.0,0.0,0.0,0.0,0.0,0.0,0.0
CODA_I2O_Walker2d-v5_6198_bae0c_00002,106496,382,0.007918047383201178,0.00012252332691400656,0.00041309586401957983,49.988427211356814,0.9010988315702164,1.0,1.3656188163636813,-6.0,False,0.0,0.0,0.0,0.0,0.0,0.0,0.0
CODA_I2O_Walker2d-v5_6198_bae0c_00003,106496,1149,0.0011006315732845484,0.00024160544508353268,0.0004655459151439638,26.358829062900572,1.0,1.0,0.3923961256575192,-6.0,False,0.0,0.0,0.0,0.0,0.0,0.0,0.0
CODA_I2O_Walker2d-v5_6198_bae0c_00000,106496,810,0.010731692186099701,0.00029642935503568896,0.0007390084929168911,185.13668893566938,0.859390703369485,1.0,1.3421657694202755,-6.0,False,0.0,0.0,0.0,0.0,0.0,0.0,0.0
CODA_I2O_Walker2d-v5_6198_bae0c_00001,106496,1943,0.003493415620330878,2.0847250206697404e-05,0.00014344362475023157,9.369404226583054,0.9698797706318923,1.0,1.0732361201366198,-6.0,False,0.0,0.0,0.0,0.0,0.0,0.0,0.0
CODA_I2O_Walker2d-v5_6198_bae0c_00001,106496,810,0.01073168683797121,0.00029641948640346527,0.0007390013779513538,185.13668893566938,0.859390703369485,1.0,1.3421657694202755,-6.0,True,,,,,,,
CODA_I2O_Walker2d-v5_6198_bae0c_00003,159744,1149,0.0011006315732845484,0.00024160544508353268,0.0004655459151439638,31.42208866357667,0.9928586850634139,1.0,0.32675332920480704,-6.0,False,0.0,0.0,0.0,0.0,0.0,0.0,0.0
CODA_I2O_Walker2d-v5_6198_bae0c_00002,159744,382,0.007918047383201178,0.00012252332691400656,0.00041309586401957983,291.1472819886418,0.9023207302875118,1.0,1.5337503174306697,-6.0,False,0.0,0.0,0.0,0.0,0.0,0.0,0.0
CODA_I2O_Walker2d-v5_6198_bae0c_00000,159744,810,0.010731692186099701,0.00029642935503568896,0.0007390084929168911,297.1728604047373,0.885002075639489,1.0,1.671682802781619,-6.0,False,0.0,0.0,0.0,0.0,0.0,0.0,0.0
CODA_I2O_Walker2d-v5_6198_bae0c_00001,159744,810,0.01073168683797121,0.00029641948640346527,0.0007390013779513538,124.99491383555932,0.9966595078165553,1.0,0.7343406255359605,-6.0,False,1.0,0.0,0.0,0.0,0.0,0.0,4.0
CODA_I2O_Walker2d-v5_6198_bae0c_00003,212992,1149,0.0011006315732845484,0.00024160544508353268,0.0004655459151439638,64.32283982922075,0.9596454045904681,1.0,0.3345318361571603,-6.0,False,0.0,0.0,0.0,0.0,0.0,0.0,0.0
CODA_I2O_Walker2d-v5_6198_bae0c_00003,159744,1753,0.011669189669191837,0.00021282964735291898,0.00043513800483196974,297.1728604047373,0.885002075639489,1.0,1.671682802781619,-6.0,True,,,,,,,
CODA_I2O_Walker2d-v5_6198_bae0c_00002,212992,382,0.007918047383201178,0.00012252332691400656,0.00041309586401957983,306.67856760848554,0.8656602189347182,1.0,1.8445586652746906,-6.0,False,0.0,0.0,0.0,0.0,0.0,0.0,0.0
CODA_I2O_Walker2d-v5_6198_bae0c_00001,212992,810,0.01073168683797121,0.00029641948640346527,0.0007390013779513538,341.8293386706822,0.7472949409437908,1.0,0.9955091423389214,-6.0,False,1.0,0.0,0.0,0.0,0.0,0.0,4.0
CODA_I2O_Walker2d-v5_6198_bae0c_00000,212992,810,0.010731692186099701,0.00029642935503568896,0.0007390084929168911,338.8325107320442,0.8568993407748172,1.0,2.080624713212961,-6.0,False,0.0,0.0,0.0,0.0,0.0,0.0,0.0
CODA_I2O_Walker2d-v5_6198_bae0c_00003,212992,1753,0.011669189669191837,0.00021282964735291898,0.00043513800483196974,253.82096479537523,0.9972679639494386,1.0,0.8187115348861409,-6.0,False,1.0,0.0,0.0,0.0,0.0,0.0,9.0
CODA_I2O_Walker2d-v5_6198_bae0c_00003,212992,1512,0.008593287318944931,0.00029557771631516516,0.000384591898182407,341.8293386706822,0.7472949409437908,1.0,0.9955091423389214,-6.0,True,,,,,,,
CODA_I2O_Walker2d-v5_6198_bae0c_00000,266240,810,0.010731692186099701,0.00029642935503568896,0.0007390084929168911,320.2803342294982,0.9046312533092435,1.0,2.4969102702281667,-6.0,False,0.0,0.0,0.0,0.0,0.0,0.0,0.0
CODA_I2O_Walker2d-v5_6198_bae0c_00002,266240,382,0.007918047383201178,0.00012252332691400656,0.00041309586401957983,334.89796205107444,0.850330681563812,1.0,2.2348898342016135,-6.0,False,0.0,0.0,0.0,0.0,0.0,0.0,0.0
CODA_I2O_Walker2d-v5_6198_bae0c_00001,266240,810,0.01073168683797121,0.00029641948640346527,0.0007390013779513538,386.4936368858396,0.8090774959003949,1.0,1.412173562613279,-6.0,False,1.0,0.0,0.0,0.0,0.0,0.0,4.0
CODA_I2O_Walker2d-v5_6198_bae0c_00000,319488,810,0.010731692186099701,0.00029642935503568896,0.0007390084929168911,307.98554614222115,0.9562259603778123,1.0,2.582033401321191,-6.0,False,0.0,0.0,0.0,0.0,0.0,0.0,0.0
CODA_I2O_Walker2d-v5_6198_bae0c_00003,266240,1512,0.008593287318944931,0.00029557771631516516,0.000384591898182407,291.73911592062024,0.9939964191933025,1.0,0.5465165179919463,-6.0,False,1.0,0.0,0.0,0.0,0.0,0.0,13.0
CODA_I2O_Walker2d-v5_6198_bae0c_00003,266240,942,0.00943940132856369,0.00010967822890961543,0.0004344320041127503,386.4936368858396,0.8090774959003949,1.0,1.412173562613279,-6.0,True,,,,,,,
CODA_I2O_Walker2d-v5_6198_bae0c_00002,319488,382,0.007918047383201178,0.00012252332691400656,0.00041309586401957983,214.8013082113852,0.9146186036321375,1.0,2.4498093442683837,-6.0,False,0.0,0.0,0.0,0.0,0.0,0.0,0.0
CODA_I2O_Walker2d-v5_6198_bae0c_00002,266240,330,0.0025559705682098866,0.0001385331415804103,0.0009247405687347054,386.4936368858396,0.8090774959003949,1.0,1.412173562613279,-6.0,True,,,,,,,
CODA_I2O_Walker2d-v5_6198_bae0c_00001,319488,810,0.01073168683797121,0.00029641948640346527,0.0007390013779513538,322.51838417541546,0.838617837860679,1.0,1.7343719168703287,-6.0,False,1.0,0.0,0.0,0.0,0.0,0.0,4.0
CODA_I2O_Walker2d-v5_6198_bae0c_00000,372736,810,0.010731692186099701,0.00029642935503568896,0.0007390084929168911,145.59800503330075,0.8663534610781685,1.0,3.018977376122655,-6.0,False,0.0,0.0,0.0,0.0,0.0,0.0,0.0
CODA_I2O_Walker2d-v5_6198_bae0c_00000,319488,1467,0.011065853759646416,3.7241450627334416e-05,0.000310623028781265,322.51838417541546,0.838617837860679,1.0,1.7343719168703287,-6.0,True,,,,,,,
CODA_I2O_Walker2d-v5_6198_bae0c_00003,319488,942,0.00943940132856369,0.00010967822890961543,0.0004344320041127503,329.30330408643454,0.9954642036631167,1.0,0.6685983594489506,-6.0,False,1.0,0.0,0.0,0.0,0.0,0.0,18.0
CODA_I2O_Walker2d-v5_6198_bae0c_00002,319488,330,0.0025559705682098866,0.0001385331415804103,0.0009247405687347054,165.98493860332542,0.9954642036631167,1.0,0.5168030629445209,-6.0,False,1.0,0.0,0.0,0.0,0.0,0.0,19.0
CODA_I2O_Walker2d-v5_6198_bae0c_00001,372736,810,0.01073168683797121,0.00029641948640346527,0.0007390013779513538,255.56344295706964,0.8667479296182814,1.0,2.1066438962712026,-6.0,False,1.0,0.0,0.0,0.0,0.0,0.0,4.0
CODA_I2O_Walker2d-v5_6198_bae0c_00000,372736,1467,0.011065853759646416,3.7241450627334416e-05,0.000310623028781265,331.908284530639,0.9924932243983473,1.0,1.029432211093816,-6.0,False,1.0,0.0,0.0,0.0,0.0,0.0,21.0
CODA_I2O_Walker2d-v5_6198_bae0c_00002,372736,330,0.0025559705682098866,0.0001385331415804103,0.0009247405687347054,338.69045593340684,0.9998922418888926,1.0,0.3101858152861188,-6.0,False,1.0,0.0,0.0,0.0,0.0,0.0,19.0
CODA_I2O_Walker2d-v5_6198_bae0c_00003,372736,942,0.00943940132856369,0.00010967822890961543,0.0004344320041127503,370.00160268277426,0.8289304937936992,1.0,0.6732138757135618,-6.0,False,1.0,0.0,0.0,0.0,0.0,0.0,18.0
CODA_I2O_Walker2d-v5_6198_bae0c_00001,425984,810,0.01073168683797121,0.00029641948640346527,0.0007390013779513538,240.3230717917296,0.9362584679232956,1.0,2.3866616219790586,-6.0,False,1.0,0.0,0.0,0.0,0.0,0.0,4.0
CODA_I2O_Walker2d-v5_6198_bae0c_00001,372736,1760,0.014493521302938461,2.6705556592787616e-05,0.00015327581786550581,370.00160268277426,0.8289304937936992,1.0,0.6732138757135618,-6.0,True,,,,,,,
CODA_I2O_Walker2d-v5_6198_bae0c_00000,425984,1467,0.011065853759646416,3.7241450627334416e-05,0.000310623028781265,341.8999040239581,0.964389499337017,1.0,0.8773286395914992,-6.0,False,1.0,0.0,0.0,0.0,0.0,0.0,21.0
CODA_I2O_Walker2d-v5_6198_bae0c_00002,425984,330,0.0025559705682098866,0.0001385331415804103,0.0009247405687347054,348.3825923077154,0.9944264527118236,1.0,0.28134776711199827,-6.0,False,1.0,0.0,0.0,0.0,0.0,0.0,19.0
CODA_I2O_Walker2d-v5_6198_bae0c_00003,425984,942,0.00943940132856369,0.00010967822890961543,0.0004344320041127503,265.0933918436713,0.7176939018479334,1.0,1.0017139210670585,-6.0,False,1.0,0.0,0.0,0.0,0.0,0.0,18.0
CODA_I2O_Walker2d-v5_6198_bae0c_00001,425984,1760,0.014493521302938461,2.6705556592787616e-05,0.00015327581786550581,425.35904928306417,0.9699409943902861,1.0,0.7683402162111386,-6.0,False,1.0,0.0,0.0,0.0,0.0,0.0,28.0
CODA_I2O_Walker2d-v5_6198_bae0c_00000,479232,1467,0.011065853759646416,3.7241450627334416e-05,0.000310623028781265,249.69823643674835,0.8032154846660166,1.0,1.1634783461519171,-6.0,False,1.0,0.0,0.0,0.0,0.0,0.0,21.0
CODA_I2O_Walker2d-v5_6198_bae0c_00000,425984,1049,0.0197916217148304,0.00019684100698214024,0.00046452475362457335,425.35904928306417,0.9699409943902861,1.0,0.7683402162111386,-6.0,True,,,,,,,
CODA_I2O_Walker2d-v5_6198_bae0c_00002,479232,330,0.0025559705682098866,0.0001385331415804103,0.0009247405687347054,402.63992761700763,0.8755452297303076,1.0,0.32946731508033583,-6.0,False,1.0,0.0,0.0,0.0,0.0,0.0,19.0
CODA_I2O_Walker2d-v5_6198_bae0c_00003,479232,942,0.00943940132856369,0.00010967822890961543,0.0004344320041127503,243.75314197804684,0.7593542683743753,1.0,1.541151022515528,-6.0,False,1.0,0.0,0.0,0.0,0.0,0.0,18.0
CODA_I2O_Walker2d-v5_6198_bae0c_00003,425984,1560,0.011339067481458187,6.65662664687261e-05,0.0003426024632062763,425.35904928306417,0.9699409943902861,1.0,0.7683402162111386,-6.0,True,,,,,,,
CODA_I2O_Walker2d-v5_6198_bae0c_00001,479232,1760,0.014493521302938461,2.6705556592787616e-05,0.00015327581786550581,216.1716722421435,0.7062818371516694,1.0,1.1459715342933892,-6.0,False,1.0,0.0,0.0,0.0,0.0,0.0,28.0
CODA_I2O_Walker2d-v5_6198_bae0c_00000,479232,1049,0.0197916217148304,0.00019684100698214024,0.00046452475362457335,389.69791696440967,0.904583055589782,1.0,0.6090891074862121,-6.0,False,1.0,0.0,0.0,0.0,0.0,0.0,33.0
CODA_I2O_Walker2d-v5_6198_bae0c_00003,479232,1560,0.011339067481458187,6.65662664687261e-05,0.0003426024632062763,400.22355470358957,0.994195680733819,1.0,0.5215590941229529,-6.0,False,1.0,0.0,0.0,0.0,0.0,0.0,35.0
CODA_I2O_Walker2d-v5_6198_bae0c_00002,532480,330,0.0025559705682098866,0.0001385331415804103,0.0009247405687347054,387.25315604991533,0.9954642036631167,1.0,0.48092862899144756,-6.0,False,1.0,0.0,0.0,0.0,0.0,0.0,19.0
CODA_I2O_Walker2d-v5_6198_bae0c_00001,532480,1760,0.014493521302938461,2.6705556592787616e-05,0.00015327581786550581,257.2691791036154,0.776692236289475,1.0,1.789612675151869,-6.0,False,1.0,0.0,0.0,0.0,0.0,0.0,28.0
CODA_I2O_Walker2d-v5_6198_bae0c_00000,532480,1049,0.0197916217148304,0.00019684100698214024,0.00046452475362457335,249.27741728552417,0.6656924329311891,1.0,1.1690948142923543,-6.0,False,1.0,0.0,0.0,0.0,0.0,0.0,33.0
CODA_I2O_Walker2d-v5_6198_bae0c_00003,532480,1560,0.011339067481458187,6.65662664687261e-05,0.0003426024632062763,276.857560248018,0.7603299586936294,1.0,0.661132826499844,-6.0,False,1.0,0.0,0.0,0.0,0.0,0.0,35.0
CODA_I2O_Walker2d-v5_6198_bae0c_00002,585728,330,0.0025559705682098866,0.0001385331415804103,0.0009247405687347054,359.63974312010396,0.9998922418888926,1.0,0.23431762247520063,-6.0,False,1.0,0.0,0.0,0.0,0.0,0.0,19.0
CODA_I2O_Walker2d-v5_6198_bae0c_00001,585728,1760,0.014493521302938461,2.6705556592787616e-05,0.00015327581786550581,186.3392097716439,0.8132459002163909,1.0,2.3198256901486176,-6.0,False,1.0,0.0,0.0,0.0,0.0,0.0,28.0
CODA_I2O_Walker2d-v5_6198_bae0c_00001,585728,1763,0.005528043955564499,1.435008380212821e-05,0.00025848104269243777,359.63974312010396,0.9998922418888926,1.0,0.23431762247520063,-6.0,True,,,,,,,
CODA_I2O_Walker2d-v5_6198_bae0c_00000,585728,1049,0.0197916217148304,0.00019684100698214024,0.00046452475362457335,246.39506508816336,0.6930169271221326,1.0,1.8884584071241963,-6.0,False,1.0,0.0,0.0,0.0,0.0,0.0,33.0
CODA_I2O_Walker2d-v5_6198_bae0c_00003,585728,1560,0.011339067481458187,6.65662664687261e-05,0.0003426024632062763,216.14827324065772,0.7011928978205357,1.0,1.074599047948814,-6.0,False,1.0,0.0,0.0,0.0,0.0,0.0,35.0
CODA_I2O_Walker2d-v5_6198_bae0c_00002,638976,330,0.0025559705682098866,0.0001385331415804103,0.0009247405687347054,413.6711520361072,0.9297769446483833,1.0,0.19005430900536488,-6.0,False,1.0,0.0,0.0,0.0,0.0,0.0,19.0
CODA_I2O_Walker2d-v5_6198_bae0c_00001,638976,1763,0.005528043955564499,1.435008380212821e-05,0.00025848104269243777,388.03551079558974,0.9921572597977002,1.0,0.20559615848542223,-6.0,False,1.0,0.0,0.0,0.0,0.0,0.0,44.0
CODA_I2O_Walker2d-v5_6198_bae0c_00000,638976,1049,0.0197916217148304,0.00019684100698214024,0.00046452475362457335,287.2229215278813,0.750723462724896,1.0,2.744676180701881,-6.0,False,1.0,0.0,0.0,0.0,0.0,0.0,33.0
CODA_I2O_Walker2d-v5_6198_bae0c_00003,638976,1560,0.011339067481458187,6.65662664687261e-05,0.0003426024632062763,290.69743424929686,0.813951698488972,1.0,1.4794413748601014,-6.0,False,1.0,0.0,0.0,0.0,0.0,0.0,35.0
CODA_I2O_Walker2d-v5_6198_bae0c_00001,692224,1763,0.005528043955564499,1.435008380212821e-05,0.00025848104269243777,412.35047331689896,0.9222674033158034,1.0,0.20932585986064428,-6.0,False,1.0,0.0,0.0,0.0,0.0,0.0,44.0
CODA_I2O_Walker2d-v5_6198_bae0c_00002,692224,330,0.0025559705682098866,0.0001385331415804103,0.0009247405687347054,388.9194447238832,0.7465537288452768,1.0,0.23698123711815766,-6.0,False,1.0,0.0,0.0,0.0,0.0,0.0,19.0
CODA_I2O_Walker2d-v5_6198_bae0c_00000,692224,1049,0.0197916217148304,0.00019684100698214024,0.00046452475362457335,195.79863909957595,0.8571434826260931,1.0,3.7435179497536333,-6.0,False,1.0,0.0,0.0,0.0,0.0,0.0,33.0
CODA_I2O_Walker2d-v5_6198_bae0c_00003,692224,1560,0.011339067481458187,6.65662664687261e-05,0.0003426024632062763,150.72048210872245,0.8174362714480087,1.0,1.977349605974677,-6.0,False,1.0,0.0,0.0,0.0,0.0,0.0,35.0
CODA_I2O_Walker2d-v5_6198_bae0c_00001,745472,1763,0.005528043955564499,1.435008380212821e-05,0.00025848104269243777,242.2076479891561,0.6705749960977232,1.0,0.34826249174149576,-6.0,False,1.0,0.0,0.0,0.0,0.0,0.0,44.0
CODA_I2O_Walker2d-v5_6198_bae0c_00002,745472,330,0.0025559705682098866,0.0001385331415804103,0.0009247405687347054,387.02250266490273,0.8563443087059294,1.0,0.3269557213032085,-6.0,False,1.0,0.0,0.0,0.0,0.0,0.0,19.0
CODA_I2O_Walker2d-v5_6198_bae0c_00000,745472,1049,0.0197916217148304,0.00019684100698214024,0.00046452475362457335,180.53284800723046,0.9199174604535725,1.0,4.475473859434993,-6.0,False,1.0,0.0,0.0,0.0,0.0,0.0,33.0
CODA_I2O_Walker2d-v5_6198_bae0c_00003,745472,1560,0.011339067481458187,6.65662664687261e-05,0.0003426024632062763,301.77190760477873,0.8023955058270277,1.0,2.478887872177345,-6.0,False,1.0,0.0,0.0,0.0,0.0,0.0,35.0
CODA_I2O_Walker2d-v5_6198_bae0c_00001,798720,1763,0.005528043955564499,1.435008380212821e-05,0.00025848104269243777,133.44495771596624,0.6322596200683044,1.0,0.6358284247309569,-6.0,False,1.0,0.0,0.0,0.0,0.0,0.0,44.0
CODA_I2O_Walker2d-v5_6198_bae0c_00001,745472,911,0.008062686771154404,0.00014942190318834037,0.00038745783967897296,387.02250266490273,0.8563443087059294,1.0,0.3269557213032085,-6.0,True,,,,,,,
CODA_I2O_Walker2d-v5_6198_bae0c_00000,798720,1049,0.0197916217148304,0.00019684100698214024,0.00046452475362457335,273.16974770712727,0.9581992449302789,1.0,4.7013450198264435,-6.0,False,1.0,0.0,0.0,0.0,0.0,0.0,33.0
CODA_I2O_Walker2d-v5_6198_bae0c_00002,798720,330,0.0025559705682098866,0.0001385331415804103,0.0009247405687347054,271.6845676845995,0.7924056405599214,1.0,0.44907554766588687,-6.0,False,1.0,0.0,0.0,0.0,0.0,0.0,19.0
CODA_I2O_Walker2d-v5_6198_bae0c_00003,798720,1560,0.011339067481458187,6.65662664687261e-05,0.0003426024632062763,494.2269092542289,0.8932397829914381,1.0,2.907831568904664,-6.0,False,1.0,0.0,0.0,0.0,0.0,0.0,35.0
CODA_I2O_Walker2d-v5_6198_bae0c_00000,851968,1049,0.0197916217148304,0.00019684100698214024,0.00046452475362457335,224.47789736007937,0.9878104552532601,1.0,4.683295030688097,-6.0,False,1.0,0.0,0.0,0.0,0.0,0.0,33.0
CODA_I2O_Walker2d-v5_6198_bae0c_00001,798720,911,0.008062686771154404,0.00014942190318834037,0.00038745783967897296,457.9560276854511,0.980870680071739,1.0,0.3790921258567931,-6.0,False,1.0,0.0,0.0,0.0,0.0,0.0,59.0
CODA_I2O_Walker2d-v5_6198_bae0c_00002,851968,330,0.0025559705682098866,0.0001385331415804103,0.0009247405687347054,194.39695639955266,0.7884699504892858,1.0,0.5992009048259485,-6.0,False,1.0,0.0,0.0,0.0,0.0,0.0,19.0
CODA_I2O_Walker2d-v5_6198_bae0c_00002,798720,1487,0.0051506743766367435,0.0002742134965956211,0.0006215248140506446,494.2269092542289,0.8932397829914381,1.0,2.907831568904664,-6.0,True,,,,,,,
CODA_I2O_Walker2d-v5_6198_bae0c_00003,851968,1560,0.011339067481458187,6.65662664687261e-05,0.0003426024632062763,378.02141598483644,0.9564572997328028,1.0,2.9477873545180135,-6.0,False,1.0,0.0,0.0,0.0,0.0,0.0,35.0
CODA_I2O_Walker2d-v5_6198_bae0c_00000,905216,1049,0.0197916217148304,0.00019684100698214024,0.00046452475362457335,157.1571966813944,0.9935577784581915,1.0,4.446922941941749,-6.0,False,1.0,0.0,0.0,0.0,0.0,0.0,33.0
CODA_I2O_Walker2d-v5_6198_bae0c_00001,851968,911,0.008062686771154404,0.00014942190318834037,0.00038745783967897296,321.55939663947004,0.7288552590987585,1.0,0.4671217902879327,-6.0,False,1.0,0.0,0.0,0.0,0.0,0.0,59.0
CODA_I2O_Walker2d-v5_6198_bae0c_00002,851968,1487,0.0051506743766367435,0.0002742134965956211,0.0006215248140506446,2.3441950538448397,0.9960746454756707,1.0,1.311460613970376,-6.0,False,1.0,0.0,0.0,0.0,0.0,0.0,65.0
CODA_I2O_Walker2d-v5_6198_bae0c_00003,905216,1560,0.011339067481458187,6.65662664687261e-05,0.0003426024632062763,231.69266639409636,0.9635192329943869,1.0,2.78752985635451,-6.0,False,1.0,0.0,0.0,0.0,0.0,0.0,35.0
CODA_I2O_Walker2d-v5_6198_bae0c_00001,905216,911,0.008062686771154404,0.00014942190318834037,0.00038745783967897296,215.30066236737272,0.6975601904681847,1.0,0.753509430545063,-6.0,False,1.0,0.0,0.0,0.0,0.0,0.0,59.0
CODA_I2O_Walker2d-v5_6198_bae0c_00000,958464,1049,0.0197916217148304,0.00019684100698214024,0.00046452475362457335,317.92727005351685,0.9998469504419685,1.0,3.9597888094336517,-6.0,False,1.0,0.0,0.0,0.0,0.0,0.0,33.0
CODA_I2O_Walker2d-v5_6198_bae0c_00002,905216,1487,0.0051506743766367435,0.0002742134965956211,0.0006215248140506446,-3.77304055638925,0.9999067443162011,1.0,0.8927997902102797,-6.0,False,1.0,0.0,0.0,0.0,0.0,0.0,65.0
CODA_I2O_Walker2d-v5_6198_bae0c_00002,958464,1902,0.01799873076379299,0.00015220341447275132,0.0007550379959866405,317.92727005351685,0.9998469504419685,1.0,3.9597888094336517,-6.0,True,,,,,,,
CODA_I2O_Walker2d-v5_6198_bae0c_00003,958464,1560,0.011339067481458187,6.65662664687261e-05,0.0003426024632062763,204.60641001810396,0.9962122514366845,1.0,2.6122671722099557,-6.0,False,1.0,0.0,0.0,0.0,0.0,0.0,35.0
CODA_I2O_Walker2d-v5_6198_bae0c_00001,958464,911,0.008062686771154404,0.00014942190318834037,0.00038745783967897296,223.44832665038408,0.7865044174486089,1.0,1.0196289851010865,-6.0,False,1.0,0.0,0.0,0.0,0.0,0.0,59.0
