learner,environment,method,raw_method,training_seed,n_participants,expected_participants,participant_count_ok,aggregate_interactions,aggregate_interactions_million,aggregate_trial_time_s,C_comp_s_per_100k_steps,source_file
PPO,HalfCheetah-v5,PBT,PBT_PPO_HPO,1042,4,4,True,8106888.0,8.106888,1831.4971878528595,22.591864940688207,HalfCheetah-v5/metrics_PBT_PPO_HPO_seed1042.csv
PPO,HalfCheetah-v5,PBT,PBT_PPO_HPO,2854,4,4,True,8033640.0,8.03364,1899.4975140094757,23.644294666047717,HalfCheetah-v5/metrics_PBT_PPO_HPO_seed2854.csv
PPO,HalfCheetah-v5,PBT,PBT_PPO_HPO,3910,4,4,True,8016760.0,8.01676,1817.1134104728699,22.66643145700844,HalfCheetah-v5/metrics_PBT_PPO_HPO_seed3910.csv
PPO,HalfCheetah-v5,PBT,PBT_PPO_HPO,4721,4,4,True,8000296.0,8.000296,1854.4563572406769,23.179846811176446,HalfCheetah-v5/metrics_PBT_PPO_HPO_seed4721.csv
PPO,HalfCheetah-v5,PBT,PBT_PPO_HPO,5603,4,4,True,8047248.0,8.047248,1856.62695479393,23.071576205852363,HalfCheetah-v5/metrics_PBT_PPO_HPO_seed5603.csv
PPO,HalfCheetah-v5,PBT,PBT_PPO_HPO,6198,4,4,True,8025960.0,8.02596,1834.2647144794464,22.854147223253623,HalfCheetah-v5/metrics_PBT_PPO_HPO_seed6198.csv
PPO,HalfCheetah-v5,PBT,PBT_PPO_HPO,7433,4,4,True,8020384.0,8.020384,1851.8403570652008,23.08917324987433,HalfCheetah-v5/metrics_PBT_PPO_HPO_seed7433.csv
PPO,HalfCheetah-v5,PBT,PBT_PPO_HPO,8256,4,4,True,8039152.0,8.039152,1849.4587054252625,23.00564419512484,HalfCheetah-v5/metrics_PBT_PPO_HPO_seed8256.csv
PPO,HalfCheetah-v5,PBT,PBT_PPO_HPO,9107,4,4,True,8036440.0,8.03644,1787.299515247345,22.239941009294476,HalfCheetah-v5/metrics_PBT_PPO_HPO_seed9107.csv
PPO,HalfCheetah-v5,PBT,PBT_PPO_HPO,9845,4,4,True,8068672.0,8.068672,1846.1981151103973,22.881065373712023,HalfCheetah-v5/metrics_PBT_PPO_HPO_seed9845.csv
PPO,HalfCheetah-v5,PB2,PB2_PPO_HPO,1042,4,4,True,8034672.0,8.034672,1834.7348275184631,22.83521751128687,HalfCheetah-v5/metrics_PB2_PPO_HPO_seed1042.csv
PPO,HalfCheetah-v5,PB2,PB2_PPO_HPO,2854,4,4,True,8030696.0,8.030696,1758.3766107559204,21.895693857119237,HalfCheetah-v5/metrics_PB2_PPO_HPO_seed2854.csv
PPO,HalfCheetah-v5,PB2,PB2_PPO_HPO,3910,4,4,True,8081144.0,8.081144,1753.3024461269379,21.69621585912759,HalfCheetah-v5/metrics_PB2_PPO_HPO_seed3910.csv
PPO,HalfCheetah-v5,PB2,PB2_PPO_HPO,4721,4,4,True,8054600.0,8.0546,1758.2398843765259,21.829015523756933,HalfCheetah-v5/metrics_PB2_PPO_HPO_seed4721.csv
PPO,HalfCheetah-v5,PB2,PB2_PPO_HPO,5603,4,4,True,8028056.0,8.028056,1729.8427937030792,21.547467951183688,HalfCheetah-v5/metrics_PB2_PPO_HPO_seed5603.csv
PPO,HalfCheetah-v5,PB2,PB2_PPO_HPO,6198,4,4,True,8052504.0,8.052504,1932.7346789836884,24.001660588851472,HalfCheetah-v5/metrics_PB2_PPO_HPO_seed6198.csv
PPO,HalfCheetah-v5,PB2,PB2_PPO_HPO,7433,4,4,True,8073888.0,8.073888,1785.25346159935,22.11144694599863,HalfCheetah-v5/metrics_PB2_PPO_HPO_seed7433.csv
PPO,HalfCheetah-v5,PB2,PB2_PPO_HPO,8256,4,4,True,8048984.0,8.048984,1935.753279209137,24.0496599224093,HalfCheetah-v5/metrics_PB2_PPO_HPO_seed8256.csv
PPO,HalfCheetah-v5,PB2,PB2_PPO_HPO,9107,4,4,True,8090656.0,8.090656,1851.486656665802,22.884258787739856,HalfCheetah-v5/metrics_PB2_PPO_HPO_seed9107.csv
PPO,HalfCheetah-v5,PB2,PB2_PPO_HPO,9845,4,4,True,8060264.0,8.060264,1804.5136079788208,22.387773005683446,HalfCheetah-v5/metrics_PB2_PPO_HPO_seed9845.csv
PPO,HalfCheetah-v5,ASHA,ASHA_PPO_HPO,1042,30,30,True,12291344.0,12.291344,2775.552789926529,22.581361240288523,HalfCheetah-v5/metrics_ASHA_PPO_HPO_seed1042.csv
PPO,HalfCheetah-v5,ASHA,ASHA_PPO_HPO,2854,30,30,True,4914016.0,4.914016,1044.804368019104,21.261720922746363,HalfCheetah-v5/metrics_ASHA_PPO_HPO_seed2854.csv
PPO,HalfCheetah-v5,ASHA,ASHA_PPO_HPO,3910,30,30,True,9960752.0,9.960752,2184.3457837104797,21.929526844062373,HalfCheetah-v5/metrics_ASHA_PPO_HPO_seed3910.csv
PPO,HalfCheetah-v5,ASHA,ASHA_PPO_HPO,4721,30,30,True,14791376.0,14.791376,3306.838483572006,22.356530478111072,HalfCheetah-v5/metrics_ASHA_PPO_HPO_seed4721.csv
PPO,HalfCheetah-v5,ASHA,ASHA_PPO_HPO,5603,30,30,True,11299464.0,11.299464,2479.0564925670624,21.93959370610024,HalfCheetah-v5/metrics_ASHA_PPO_HPO_seed5603.csv
PPO,HalfCheetah-v5,ASHA,ASHA_PPO_HPO,6198,30,30,True,13288680.0,13.28868,2874.0615079402924,21.627893123623206,HalfCheetah-v5/metrics_ASHA_PPO_HPO_seed6198.csv
PPO,HalfCheetah-v5,ASHA,ASHA_PPO_HPO,7433,30,30,True,9282864.0,9.282864,2051.4599616527557,22.099429245680597,HalfCheetah-v5/metrics_ASHA_PPO_HPO_seed7433.csv
PPO,HalfCheetah-v5,ASHA,ASHA_PPO_HPO,8256,30,30,True,13824440.0,13.82444,2956.1305100917816,21.38336533047112,HalfCheetah-v5/metrics_ASHA_PPO_HPO_seed8256.csv
PPO,HalfCheetah-v5,ASHA,ASHA_PPO_HPO,9107,30,30,True,17229104.0,17.229104,3871.5066957473755,22.47073728121541,HalfCheetah-v5/metrics_ASHA_PPO_HPO_seed9107.csv
PPO,HalfCheetah-v5,ASHA,ASHA_PPO_HPO,9845,30,30,True,21278408.0,21.278408,4698.292910814285,22.08009598657139,HalfCheetah-v5/metrics_ASHA_PPO_HPO_seed9845.csv
PPO,HalfCheetah-v5,CODA,CODA_FULL,1042,4,4,True,8054224.0,8.054224,1890.8162858486176,23.47608268467102,HalfCheetah-v5/metrics_CODA_FULL_seed1042.csv
PPO,HalfCheetah-v5,CODA,CODA_FULL,2854,4,4,True,8051256.0,8.051256,1759.4211258888245,21.852753482050808,HalfCheetah-v5/metrics_CODA_FULL_seed2854.csv
PPO,HalfCheetah-v5,CODA,CODA_FULL,3910,4,4,True,8017360.0,8.01736,1890.3897540569305,23.57870613340215,HalfCheetah-v5/metrics_CODA_FULL_seed3910.csv
PPO,HalfCheetah-v5,CODA,CODA_FULL,4721,4,4,True,8062472.0,8.062472,1897.7826449871063,23.53847114119722,HalfCheetah-v5/metrics_CODA_FULL_seed4721.csv
PPO,HalfCheetah-v5,CODA,CODA_FULL,5603,4,4,True,8056464.0,8.056464,1855.3232688903809,23.029002163857257,HalfCheetah-v5/metrics_CODA_FULL_seed5603.csv
PPO,HalfCheetah-v5,CODA,CODA_FULL,6198,4,4,True,8023488.0,8.023488,1943.9297723770142,24.227988779655607,HalfCheetah-v5/metrics_CODA_FULL_seed6198.csv
PPO,HalfCheetah-v5,CODA,CODA_FULL,7433,4,4,True,8058928.0,8.058928,1887.468361377716,23.4208366345712,HalfCheetah-v5/metrics_CODA_FULL_seed7433.csv
PPO,HalfCheetah-v5,CODA,CODA_FULL,8256,4,4,True,8150208.0,8.150208,1774.753987789154,21.775566805033122,HalfCheetah-v5/metrics_CODA_FULL_seed8256.csv
PPO,HalfCheetah-v5,CODA,CODA_FULL,9107,4,4,True,8057320.0,8.05732,1890.4163703918457,23.462098692764414,HalfCheetah-v5/metrics_CODA_FULL_seed9107.csv
PPO,HalfCheetah-v5,CODA,CODA_FULL,9845,4,4,True,8029496.0,8.029496,1965.983280658722,24.484516595546246,HalfCheetah-v5/metrics_CODA_FULL_seed9845.csv
PPO,Hopper-v5,PBT,PBT_PPO_HPO,1042,4,4,True,8101296.0,8.101296,1993.2879457473755,24.60455642834647,Hopper-v5/metrics_PBT_PPO_HPO_seed1042.csv
PPO,Hopper-v5,PBT,PBT_PPO_HPO,2854,4,4,True,8041840.0,8.04184,1917.1783320903778,23.840045712055673,Hopper-v5/metrics_PBT_PPO_HPO_seed2854.csv
PPO,Hopper-v5,PBT,PBT_PPO_HPO,3910,4,4,True,8064992.0,8.064992,1979.4276213645935,24.543454244772885,Hopper-v5/metrics_PBT_PPO_HPO_seed3910.csv
PPO,Hopper-v5,PBT,PBT_PPO_HPO,4721,4,4,True,8061088.0,8.061088,2014.0527472496033,24.984874836369524,Hopper-v5/metrics_PBT_PPO_HPO_seed4721.csv
PPO,Hopper-v5,PBT,PBT_PPO_HPO,5603,4,4,True,8046432.0,8.046432,1982.9185056686401,24.6434507328048,Hopper-v5/metrics_PBT_PPO_HPO_seed5603.csv
PPO,Hopper-v5,PBT,PBT_PPO_HPO,6198,4,4,True,8077480.0,8.07748,2018.2513899803162,24.986151497500657,Hopper-v5/metrics_PBT_PPO_HPO_seed6198.csv
PPO,Hopper-v5,PBT,PBT_PPO_HPO,7433,4,4,True,8046456.0,8.046456,2039.662192106247,25.348578207676113,Hopper-v5/metrics_PBT_PPO_HPO_seed7433.csv
PPO,Hopper-v5,PBT,PBT_PPO_HPO,8256,4,4,True,8064376.0,8.064376,1871.7665185928347,23.21030813286527,Hopper-v5/metrics_PBT_PPO_HPO_seed8256.csv
PPO,Hopper-v5,PBT,PBT_PPO_HPO,9107,4,4,True,8054192.0,8.054192,2010.9294183254242,24.9674879655889,Hopper-v5/metrics_PBT_PPO_HPO_seed9107.csv
PPO,Hopper-v5,PBT,PBT_PPO_HPO,9845,4,4,True,8031760.0,8.03176,1975.7791357040405,24.599578868193777,Hopper-v5/metrics_PBT_PPO_HPO_seed9845.csv
PPO,Hopper-v5,PB2,PB2_PPO_HPO,1042,4,4,True,8059008.0,8.059008,1868.3898739814758,23.183869205508618,Hopper-v5/metrics_PB2_PPO_HPO_seed1042.csv
PPO,Hopper-v5,PB2,PB2_PPO_HPO,2854,4,4,True,8044592.0,8.044592,1889.2751214504242,23.48503344172612,Hopper-v5/metrics_PB2_PPO_HPO_seed2854.csv
PPO,Hopper-v5,PB2,PB2_PPO_HPO,3910,4,4,True,8045032.0,8.045032,1880.026252746582,23.368785267063974,Hopper-v5/metrics_PB2_PPO_HPO_seed3910.csv
PPO,Hopper-v5,PB2,PB2_PPO_HPO,4721,4,4,True,8060728.0,8.060728,1886.777351617813,23.407034099374314,Hopper-v5/metrics_PB2_PPO_HPO_seed4721.csv
PPO,Hopper-v5,PB2,PB2_PPO_HPO,5603,4,4,True,8035952.0,8.035952,1836.5711946487427,22.85443211518365,Hopper-v5/metrics_PB2_PPO_HPO_seed5603.csv
PPO,Hopper-v5,PB2,PB2_PPO_HPO,6198,4,4,True,8053960.0,8.05396,1946.6471600532532,24.17006242957816,Hopper-v5/metrics_PB2_PPO_HPO_seed6198.csv
PPO,Hopper-v5,PB2,PB2_PPO_HPO,7433,4,4,True,8079992.0,8.079992,1900.5737125873566,23.521975177541716,Hopper-v5/metrics_PB2_PPO_HPO_seed7433.csv
PPO,Hopper-v5,PB2,PB2_PPO_HPO,8256,4,4,True,8054440.0,8.05444,1827.1734828948975,22.685295103010233,Hopper-v5/metrics_PB2_PPO_HPO_seed8256.csv
PPO,Hopper-v5,PB2,PB2_PPO_HPO,9107,4,4,True,8013960.0,8.01396,1922.8647689819336,23.99394018664847,Hopper-v5/metrics_PB2_PPO_HPO_seed9107.csv
PPO,Hopper-v5,PB2,PB2_PPO_HPO,9845,4,4,True,8059960.0,8.05996,1919.1163568496704,23.810494802079297,Hopper-v5/metrics_PB2_PPO_HPO_seed9845.csv
PPO,Hopper-v5,ASHA,ASHA_PPO_HPO,1042,30,30,True,5788376.0,5.788376,1426.727243423462,24.64814385629859,Hopper-v5/metrics_ASHA_PPO_HPO_seed1042.csv
PPO,Hopper-v5,ASHA,ASHA_PPO_HPO,2854,30,30,True,8495824.0,8.495824,2167.7516107559204,25.51549573950591,Hopper-v5/metrics_ASHA_PPO_HPO_seed2854.csv
PPO,Hopper-v5,ASHA,ASHA_PPO_HPO,3910,30,30,True,5406696.0,5.406696,1289.7931332588196,23.85547723154436,Hopper-v5/metrics_ASHA_PPO_HPO_seed3910.csv
PPO,Hopper-v5,ASHA,ASHA_PPO_HPO,4721,30,30,True,12931816.0,12.931816,3142.250902414322,24.29860510244131,Hopper-v5/metrics_ASHA_PPO_HPO_seed4721.csv
PPO,Hopper-v5,ASHA,ASHA_PPO_HPO,5603,30,30,True,7159112.0,7.159112,1787.7433490753174,24.9715795628748,Hopper-v5/metrics_ASHA_PPO_HPO_seed5603.csv
PPO,Hopper-v5,ASHA,ASHA_PPO_HPO,6198,30,30,True,16011904.0,16.011904,3855.4037816524506,24.078359335981844,Hopper-v5/metrics_ASHA_PPO_HPO_seed6198.csv
PPO,Hopper-v5,ASHA,ASHA_PPO_HPO,7433,30,30,True,8742040.0,8.74204,2135.693195581436,24.430146688661186,Hopper-v5/metrics_ASHA_PPO_HPO_seed7433.csv
PPO,Hopper-v5,ASHA,ASHA_PPO_HPO,8256,30,30,True,5230248.0,5.230248,1220.5124447345734,23.335651478372984,Hopper-v5/metrics_ASHA_PPO_HPO_seed8256.csv
PPO,Hopper-v5,ASHA,ASHA_PPO_HPO,9107,30,30,True,13360496.0,13.360496,3253.0779926776886,24.348482217109968,Hopper-v5/metrics_ASHA_PPO_HPO_seed9107.csv
PPO,Hopper-v5,ASHA,ASHA_PPO_HPO,9845,30,30,True,13784584.0,13.784584,3458.9565889835358,25.09293417185122,Hopper-v5/metrics_ASHA_PPO_HPO_seed9845.csv
PPO,Hopper-v5,CODA,CODA_FULL,1042,4,4,True,8084720.0,8.08472,2112.1592712402344,26.125323712388735,Hopper-v5/metrics_CODA_FULL_seed1042.csv
PPO,Hopper-v5,CODA,CODA_FULL,2854,4,4,True,8042968.0,8.042968,2016.2369222640991,25.06831958381656,Hopper-v5/metrics_CODA_FULL_seed2854.csv
PPO,Hopper-v5,CODA,CODA_FULL,3910,4,4,True,8066360.0,8.06636,2078.7996871471405,25.77122378801765,Hopper-v5/metrics_CODA_FULL_seed3910.csv
PPO,Hopper-v5,CODA,CODA_FULL,4721,4,4,True,8066864.0,8.066864,2067.5547018051147,25.630216423694694,Hopper-v5/metrics_CODA_FULL_seed4721.csv
PPO,Hopper-v5,CODA,CODA_FULL,5603,4,4,True,8082600.0,8.0826,2083.93216919899,25.782943226177096,Hopper-v5/metrics_CODA_FULL_seed5603.csv
PPO,Hopper-v5,CODA,CODA_FULL,6198,4,4,True,8058896.0,8.058896,2007.3781507015228,24.9088479451965,Hopper-v5/metrics_CODA_FULL_seed6198.csv
PPO,Hopper-v5,CODA,CODA_FULL,7433,4,4,True,8089160.0,8.08916,2094.7282054424286,25.895497251166113,Hopper-v5/metrics_CODA_FULL_seed7433.csv
PPO,Hopper-v5,CODA,CODA_FULL,8256,4,4,True,8115464.0,8.115464,1983.5368204116821,24.44144685272071,Hopper-v5/metrics_CODA_FULL_seed8256.csv
PPO,Hopper-v5,CODA,CODA_FULL,9107,4,4,True,8035160.0,8.03516,1972.4724261760712,24.548016793393924,Hopper-v5/metrics_CODA_FULL_seed9107.csv
PPO,Hopper-v5,CODA,CODA_FULL,9845,4,4,True,8041904.0,8.041904,2062.411201238632,25.645807276966153,Hopper-v5/metrics_CODA_FULL_seed9845.csv
PPO,Swimmer-v5,PBT,PBT_PPO_HPO,1042,4,4,True,8025592.0,8.025592,1890.9767343997955,23.561834870247523,Swimmer-v5/metrics_PBT_PPO_HPO_seed1042.csv
PPO,Swimmer-v5,PBT,PBT_PPO_HPO,2854,4,4,True,8024000.0,8.024,1880.9621801376343,23.441702145284573,Swimmer-v5/metrics_PBT_PPO_HPO_seed2854.csv
PPO,Swimmer-v5,PBT,PBT_PPO_HPO,3910,4,4,True,8036744.0,8.036744,1866.067477941513,23.21919769923632,Swimmer-v5/metrics_PBT_PPO_HPO_seed3910.csv
PPO,Swimmer-v5,PBT,PBT_PPO_HPO,4721,4,4,True,8053400.0,8.0534,1886.8494646549225,23.429228209885544,Swimmer-v5/metrics_PBT_PPO_HPO_seed4721.csv
PPO,Swimmer-v5,PBT,PBT_PPO_HPO,5603,4,4,True,8041168.0,8.041168,1876.6437063217163,23.337949242220986,Swimmer-v5/metrics_PBT_PPO_HPO_seed5603.csv
PPO,Swimmer-v5,PBT,PBT_PPO_HPO,6198,4,4,True,8134632.0,8.134632,1876.9575700759888,23.07366295212849,Swimmer-v5/metrics_PBT_PPO_HPO_seed6198.csv
PPO,Swimmer-v5,PBT,PBT_PPO_HPO,7433,4,4,True,8005568.0,8.005568,1833.5411686897278,22.903323895190546,Swimmer-v5/metrics_PBT_PPO_HPO_seed7433.csv
PPO,Swimmer-v5,PBT,PBT_PPO_HPO,8256,4,4,True,8041488.0,8.041488,1746.5427658557892,21.71914906614036,Swimmer-v5/metrics_PBT_PPO_HPO_seed8256.csv
PPO,Swimmer-v5,PBT,PBT_PPO_HPO,9107,4,4,True,8028904.0,8.028904,1875.6311464309692,23.360986087652428,Swimmer-v5/metrics_PBT_PPO_HPO_seed9107.csv
PPO,Swimmer-v5,PBT,PBT_PPO_HPO,9845,4,4,True,8022944.0,8.022944,1870.5171117782593,23.314597631221897,Swimmer-v5/metrics_PBT_PPO_HPO_seed9845.csv
PPO,Swimmer-v5,PB2,PB2_PPO_HPO,1042,4,4,True,8007744.0,8.007744,1912.1708567142487,23.87902081677747,Swimmer-v5/metrics_PB2_PPO_HPO_seed1042.csv
PPO,Swimmer-v5,PB2,PB2_PPO_HPO,2854,4,4,True,8019504.0,8.019504,1782.191692829132,22.223215959854027,Swimmer-v5/metrics_PB2_PPO_HPO_seed2854.csv
PPO,Swimmer-v5,PB2,PB2_PPO_HPO,3910,4,4,True,8003040.0,8.00304,1835.6384871006012,22.93676511801267,Swimmer-v5/metrics_PB2_PPO_HPO_seed3910.csv
PPO,Swimmer-v5,PB2,PB2_PPO_HPO,4721,4,4,True,8046312.0,8.046312,1779.3138983249664,22.113409203184844,Swimmer-v5/metrics_PB2_PPO_HPO_seed4721.csv
PPO,Swimmer-v5,PB2,PB2_PPO_HPO,5603,4,4,True,8033648.0,8.033648,1860.5679862499237,23.159690171263712,Swimmer-v5/metrics_PB2_PPO_HPO_seed5603.csv
PPO,Swimmer-v5,PB2,PB2_PPO_HPO,6198,4,4,True,8122576.0,8.122576,1935.3023838996887,23.826214539570806,Swimmer-v5/metrics_PB2_PPO_HPO_seed6198.csv
PPO,Swimmer-v5,PB2,PB2_PPO_HPO,7433,4,4,True,8040240.0,8.04024,1887.2745742797852,23.472863674216008,Swimmer-v5/metrics_PB2_PPO_HPO_seed7433.csv
PPO,Swimmer-v5,PB2,PB2_PPO_HPO,8256,4,4,True,8095072.0,8.095072,1701.214980840683,21.01543977423157,Swimmer-v5/metrics_PB2_PPO_HPO_seed8256.csv
PPO,Swimmer-v5,PB2,PB2_PPO_HPO,9107,4,4,True,8058768.0,8.058768,1799.023742198944,22.32380609789169,Swimmer-v5/metrics_PB2_PPO_HPO_seed9107.csv
PPO,Swimmer-v5,PB2,PB2_PPO_HPO,9845,4,4,True,8067848.0,8.067848,1804.9233946800232,22.371807137169952,Swimmer-v5/metrics_PB2_PPO_HPO_seed9845.csv
PPO,Swimmer-v5,ASHA,ASHA_PPO_HPO,1042,30,30,True,9013216.0,9.013216,2086.712745666504,23.151700188550944,Swimmer-v5/metrics_ASHA_PPO_HPO_seed1042.csv
PPO,Swimmer-v5,ASHA,ASHA_PPO_HPO,2854,30,30,True,8293624.0,8.293624,1962.1907980442047,23.659027682520993,Swimmer-v5/metrics_ASHA_PPO_HPO_seed2854.csv
PPO,Swimmer-v5,ASHA,ASHA_PPO_HPO,3910,30,30,True,8286768.0,8.286768,1909.724276304245,23.045465690655814,Swimmer-v5/metrics_ASHA_PPO_HPO_seed3910.csv
PPO,Swimmer-v5,ASHA,ASHA_PPO_HPO,4721,30,30,True,7937440.0,7.93744,1859.8571531772614,23.431448340740356,Swimmer-v5/metrics_ASHA_PPO_HPO_seed4721.csv
PPO,Swimmer-v5,ASHA,ASHA_PPO_HPO,5603,30,30,True,9801520.0,9.80152,2258.8482394218445,23.045897365121373,Swimmer-v5/metrics_ASHA_PPO_HPO_seed5603.csv
PPO,Swimmer-v5,ASHA,ASHA_PPO_HPO,6198,30,30,True,9176000.0,9.176,2150.0411100387573,23.431136770256728,Swimmer-v5/metrics_ASHA_PPO_HPO_seed6198.csv
PPO,Swimmer-v5,ASHA,ASHA_PPO_HPO,7433,30,30,True,9959232.0,9.959232,2312.083532333374,23.2154801929845,Swimmer-v5/metrics_ASHA_PPO_HPO_seed7433.csv
PPO,Swimmer-v5,ASHA,ASHA_PPO_HPO,8256,30,30,True,5998000.0,5.998,1369.8151323795319,22.837864827934844,Swimmer-v5/metrics_ASHA_PPO_HPO_seed8256.csv
PPO,Swimmer-v5,ASHA,ASHA_PPO_HPO,9107,30,30,True,9423040.0,9.42304,2204.1743371486664,23.39132951944029,Swimmer-v5/metrics_ASHA_PPO_HPO_seed9107.csv
PPO,Swimmer-v5,ASHA,ASHA_PPO_HPO,9845,30,30,True,8920168.0,8.920168,2052.571687221527,23.010459973640934,Swimmer-v5/metrics_ASHA_PPO_HPO_seed9845.csv
PPO,Swimmer-v5,CODA,CODA_FULL,1042,4,4,True,8104352.0,8.104352,1967.0055742263794,24.270979027396383,Swimmer-v5/metrics_CODA_FULL_seed1042.csv
PPO,Swimmer-v5,CODA,CODA_FULL,2854,4,4,True,8022536.0,8.022536,1962.8441224098206,24.466629036127983,Swimmer-v5/metrics_CODA_FULL_seed2854.csv
PPO,Swimmer-v5,CODA,CODA_FULL,3910,4,4,True,8084032.0,8.084032,1841.7668554782867,22.782775420462052,Swimmer-v5/metrics_CODA_FULL_seed3910.csv
PPO,Swimmer-v5,CODA,CODA_FULL,4721,4,4,True,8018824.0,8.018824,1963.048618555069,24.48050510342999,Swimmer-v5/metrics_CODA_FULL_seed4721.csv
PPO,Swimmer-v5,CODA,CODA_FULL,5603,4,4,True,8074288.0,8.074288,2042.088182926178,25.29124775987899,Swimmer-v5/metrics_CODA_FULL_seed5603.csv
PPO,Swimmer-v5,CODA,CODA_FULL,6198,4,4,True,8042064.0,8.042064,1876.0124650001526,23.327499818456463,Swimmer-v5/metrics_CODA_FULL_seed6198.csv
PPO,Swimmer-v5,CODA,CODA_FULL,7433,4,4,True,8061760.0,8.06176,1847.7426359653473,22.919841771093996,Swimmer-v5/metrics_CODA_FULL_seed7433.csv
PPO,Swimmer-v5,CODA,CODA_FULL,8256,4,4,True,8108112.0,8.108112,1870.339008808136,23.067503369565394,Swimmer-v5/metrics_CODA_FULL_seed8256.csv
PPO,Swimmer-v5,CODA,CODA_FULL,9107,4,4,True,8006336.0,8.006336,1990.8823773860931,24.86633557954716,Swimmer-v5/metrics_CODA_FULL_seed9107.csv
PPO,Swimmer-v5,CODA,CODA_FULL,9845,4,4,True,8061136.0,8.061136,1895.062976360321,23.50863422178116,Swimmer-v5/metrics_CODA_FULL_seed9845.csv
PPO,Walker2d-v5,PBT,PBT_PPO_HPO,1042,4,4,True,8041392.0,8.041392,2108.40189409256,26.21936468328568,Walker2d-v5/metrics_PBT_PPO_HPO_seed1042.csv
PPO,Walker2d-v5,PBT,PBT_PPO_HPO,2854,4,4,True,8049672.0,8.049672,1989.1254818439484,24.71064015830643,Walker2d-v5/metrics_PBT_PPO_HPO_seed2854.csv
PPO,Walker2d-v5,PBT,PBT_PPO_HPO,3910,4,4,True,8042448.0,8.042448,2036.978713274002,25.32784437367829,Walker2d-v5/metrics_PBT_PPO_HPO_seed3910.csv
PPO,Walker2d-v5,PBT,PBT_PPO_HPO,4721,4,4,True,8044184.0,8.044184,2088.2120864391327,25.959277988160547,Walker2d-v5/metrics_PBT_PPO_HPO_seed4721.csv
PPO,Walker2d-v5,PBT,PBT_PPO_HPO,5603,4,4,True,8112312.0,8.112312,2095.788472890854,25.834663076208777,Walker2d-v5/metrics_PBT_PPO_HPO_seed5603.csv
PPO,Walker2d-v5,PBT,PBT_PPO_HPO,6198,4,4,True,8034248.0,8.034248,2069.691906929016,25.760866566840058,Walker2d-v5/metrics_PBT_PPO_HPO_seed6198.csv
PPO,Walker2d-v5,PBT,PBT_PPO_HPO,7433,4,4,True,8061424.0,8.061424,2013.2840332984924,24.974297758044887,Walker2d-v5/metrics_PBT_PPO_HPO_seed7433.csv
PPO,Walker2d-v5,PBT,PBT_PPO_HPO,8256,4,4,True,8062880.0,8.06288,1915.9474091529846,23.76256882345991,Walker2d-v5/metrics_PBT_PPO_HPO_seed8256.csv
PPO,Walker2d-v5,PBT,PBT_PPO_HPO,9107,4,4,True,8037408.0,8.037408,2116.4371478557587,26.33233435276346,Walker2d-v5/metrics_PBT_PPO_HPO_seed9107.csv
PPO,Walker2d-v5,PBT,PBT_PPO_HPO,9845,4,4,True,8110512.0,8.110512,2114.3144075870514,26.068815477827435,Walker2d-v5/metrics_PBT_PPO_HPO_seed9845.csv
PPO,Walker2d-v5,PB2,PB2_PPO_HPO,1042,4,4,True,8042400.0,8.0424,2014.430815935135,25.04763274563731,Walker2d-v5/metrics_PB2_PPO_HPO_seed1042.csv
PPO,Walker2d-v5,PB2,PB2_PPO_HPO,2854,4,4,True,8048136.0,8.048136,1918.446132659912,23.83714853551073,Walker2d-v5/metrics_PB2_PPO_HPO_seed2854.csv
PPO,Walker2d-v5,PB2,PB2_PPO_HPO,3910,4,4,True,8087272.0,8.087272,2033.5738418102264,25.14536226567162,Walker2d-v5/metrics_PB2_PPO_HPO_seed3910.csv
PPO,Walker2d-v5,PB2,PB2_PPO_HPO,4721,4,4,True,8053416.0,8.053416,2031.2418508529663,25.22211507331754,Walker2d-v5/metrics_PB2_PPO_HPO_seed4721.csv
PPO,Walker2d-v5,PB2,PB2_PPO_HPO,5603,4,4,True,8134680.0,8.13468,2076.8175942897797,25.530415385605576,Walker2d-v5/metrics_PB2_PPO_HPO_seed5603.csv
PPO,Walker2d-v5,PB2,PB2_PPO_HPO,6198,4,4,True,8052296.0,8.052296,2000.460000038147,24.843349027881576,Walker2d-v5/metrics_PB2_PPO_HPO_seed6198.csv
PPO,Walker2d-v5,PB2,PB2_PPO_HPO,7433,4,4,True,8049544.0,8.049544,2091.7802720069885,25.986320119586757,Walker2d-v5/metrics_PB2_PPO_HPO_seed7433.csv
PPO,Walker2d-v5,PB2,PB2_PPO_HPO,8256,4,4,True,8101456.0,8.101456,1973.4961569309235,24.359771341483846,Walker2d-v5/metrics_PB2_PPO_HPO_seed8256.csv
PPO,Walker2d-v5,PB2,PB2_PPO_HPO,9107,4,4,True,8039064.0,8.039064,1994.9663984775543,24.815903922117727,Walker2d-v5/metrics_PB2_PPO_HPO_seed9107.csv
PPO,Walker2d-v5,PB2,PB2_PPO_HPO,9845,4,4,True,8096824.0,8.096824,2014.9362351894379,24.885513569140663,Walker2d-v5/metrics_PB2_PPO_HPO_seed9845.csv
PPO,Walker2d-v5,ASHA,ASHA_PPO_HPO,1042,30,30,True,7983200.0,7.9832,2035.12557554245,25.49260416302297,Walker2d-v5/metrics_ASHA_PPO_HPO_seed1042.csv
PPO,Walker2d-v5,ASHA,ASHA_PPO_HPO,2854,30,30,True,4268752.0,4.268752,997.0388140678406,23.356681626570026,Walker2d-v5/metrics_ASHA_PPO_HPO_seed2854.csv
PPO,Walker2d-v5,ASHA,ASHA_PPO_HPO,3910,30,30,True,10220240.0,10.22024,2491.649572134018,24.379560285609905,Walker2d-v5/metrics_ASHA_PPO_HPO_seed3910.csv
PPO,Walker2d-v5,ASHA,ASHA_PPO_HPO,4721,30,30,True,13362816.0,13.362816,3216.319701194763,24.069175996996165,Walker2d-v5/metrics_ASHA_PPO_HPO_seed4721.csv
PPO,Walker2d-v5,ASHA,ASHA_PPO_HPO,5603,30,30,True,12470856.0,12.470856,3167.2684075832367,25.39736171745738,Walker2d-v5/metrics_ASHA_PPO_HPO_seed5603.csv
PPO,Walker2d-v5,ASHA,ASHA_PPO_HPO,6198,30,30,True,8579824.0,8.579824,2079.079775094986,24.232196081119916,Walker2d-v5/metrics_ASHA_PPO_HPO_seed6198.csv
PPO,Walker2d-v5,ASHA,ASHA_PPO_HPO,7433,30,30,True,10827640.0,10.82764,2628.5119926929474,24.275945567944145,Walker2d-v5/metrics_ASHA_PPO_HPO_seed7433.csv
PPO,Walker2d-v5,ASHA,ASHA_PPO_HPO,8256,30,30,True,7799536.0,7.799536,1969.6651792526245,25.253619949348582,Walker2d-v5/metrics_ASHA_PPO_HPO_seed8256.csv
PPO,Walker2d-v5,ASHA,ASHA_PPO_HPO,9107,30,30,True,14420640.0,14.42064,3513.618499994278,24.365205011665765,Walker2d-v5/metrics_ASHA_PPO_HPO_seed9107.csv
PPO,Walker2d-v5,ASHA,ASHA_PPO_HPO,9845,30,30,True,23426552.0,23.426552,5798.769221305847,24.752977823223183,Walker2d-v5/metrics_ASHA_PPO_HPO_seed9845.csv
PPO,Walker2d-v5,CODA,CODA_FULL,1042,4,4,True,8087344.0,8.087344,2109.0323152542114,26.078182345825915,Walker2d-v5/metrics_CODA_FULL_seed1042.csv
PPO,Walker2d-v5,CODA,CODA_FULL,2854,4,4,True,8061736.0,8.061736,2135.2742459774017,26.486531511046774,Walker2d-v5/metrics_CODA_FULL_seed2854.csv
PPO,Walker2d-v5,CODA,CODA_FULL,3910,4,4,True,8102864.0,8.102864,2107.54860162735,26.0099219439861,Walker2d-v5/metrics_CODA_FULL_seed3910.csv
PPO,Walker2d-v5,CODA,CODA_FULL,4721,4,4,True,8098896.0,8.098896,2112.013265132904,26.07779214763227,Walker2d-v5/metrics_CODA_FULL_seed4721.csv
PPO,Walker2d-v5,CODA,CODA_FULL,5603,4,4,True,8049824.0,8.049824,2086.2892508506775,25.917203293521418,Walker2d-v5/metrics_CODA_FULL_seed5603.csv
PPO,Walker2d-v5,CODA,CODA_FULL,6198,4,4,True,8071264.0,8.071264,2093.825635910034,25.941731504632163,Walker2d-v5/metrics_CODA_FULL_seed6198.csv
PPO,Walker2d-v5,CODA,CODA_FULL,7433,4,4,True,8093768.0,8.093768,2107.632470369339,26.040188826382707,Walker2d-v5/metrics_CODA_FULL_seed7433.csv
PPO,Walker2d-v5,CODA,CODA_FULL,8256,4,4,True,8017056.0,8.017056,2130.252944469452,26.571511343683415,Walker2d-v5/metrics_CODA_FULL_seed8256.csv
PPO,Walker2d-v5,CODA,CODA_FULL,9107,4,4,True,8041248.0,8.041248,2123.9223108291626,26.412844260358128,Walker2d-v5/metrics_CODA_FULL_seed9107.csv
PPO,Walker2d-v5,CODA,CODA_FULL,9845,4,4,True,8056488.0,8.056488,2100.242692232132,26.06896072124891,Walker2d-v5/metrics_CODA_FULL_seed9845.csv
SAC,HalfCheetah-v5,PBT,PBT_SAC_HPO,1042,4,4,True,4014080.0,4.01408,5137.284328222275,127.98161292805014,HalfCheetah-v5/metrics_PBT_SAC_HPO_seed1042.csv
SAC,HalfCheetah-v5,PBT,PBT_SAC_HPO,2854,4,4,True,4014080.0,4.01408,5080.204566001892,126.55962427260772,HalfCheetah-v5/metrics_PBT_SAC_HPO_seed2854.csv
SAC,HalfCheetah-v5,PBT,PBT_SAC_HPO,3910,4,4,True,4014080.0,4.01408,5118.660153627396,127.51764174175392,HalfCheetah-v5/metrics_PBT_SAC_HPO_seed3910.csv
SAC,HalfCheetah-v5,PBT,PBT_SAC_HPO,4721,4,4,True,4014080.0,4.01408,5122.087653636932,127.60302867996981,HalfCheetah-v5/metrics_PBT_SAC_HPO_seed4721.csv
SAC,HalfCheetah-v5,PBT,PBT_SAC_HPO,5603,4,4,True,4014080.0,4.01408,5119.16451883316,127.53020664344409,HalfCheetah-v5/metrics_PBT_SAC_HPO_seed5603.csv
SAC,HalfCheetah-v5,PBT,PBT_SAC_HPO,6198,4,4,True,4014080.0,4.01408,5128.246934175491,127.75647057795288,HalfCheetah-v5/metrics_PBT_SAC_HPO_seed6198.csv
SAC,HalfCheetah-v5,PBT,PBT_SAC_HPO,7433,4,4,True,4014080.0,4.01408,5076.188439369202,126.4595732862624,HalfCheetah-v5/metrics_PBT_SAC_HPO_seed7433.csv
SAC,HalfCheetah-v5,PBT,PBT_SAC_HPO,8256,4,4,True,4014080.0,4.01408,5230.644418478012,130.307428314284,HalfCheetah-v5/metrics_PBT_SAC_HPO_seed8256.csv
SAC,HalfCheetah-v5,PBT,PBT_SAC_HPO,9107,4,4,True,4014080.0,4.01408,5324.51088643074,132.6458587380107,HalfCheetah-v5/metrics_PBT_SAC_HPO_seed9107.csv
SAC,HalfCheetah-v5,PBT,PBT_SAC_HPO,9845,4,4,True,4014080.0,4.01408,5364.399593114853,133.6395785115108,HalfCheetah-v5/metrics_PBT_SAC_HPO_seed9845.csv
SAC,HalfCheetah-v5,PB2,PB2_SAC_HPO,1042,4,4,True,4014080.0,4.01408,5141.670993804932,128.09089489509256,HalfCheetah-v5/metrics_PB2_SAC_HPO_seed1042.csv
SAC,HalfCheetah-v5,PB2,PB2_SAC_HPO,2854,4,4,True,4014080.0,4.01408,5103.602939128876,127.14253176640415,HalfCheetah-v5/metrics_PB2_SAC_HPO_seed2854.csv
SAC,HalfCheetah-v5,PB2,PB2_SAC_HPO,3910,4,4,True,4014080.0,4.01408,5190.524413585663,129.30794636842472,HalfCheetah-v5/metrics_PB2_SAC_HPO_seed3910.csv
SAC,HalfCheetah-v5,PB2,PB2_SAC_HPO,4721,4,4,True,4014080.0,4.01408,5185.550379276276,129.18403169035685,HalfCheetah-v5/metrics_PB2_SAC_HPO_seed4721.csv
SAC,HalfCheetah-v5,PB2,PB2_SAC_HPO,5603,4,4,True,4014080.0,4.01408,5205.098410844803,129.67101828675072,HalfCheetah-v5/metrics_PB2_SAC_HPO_seed5603.csv
SAC,HalfCheetah-v5,PB2,PB2_SAC_HPO,6198,4,4,True,4014080.0,4.01408,5088.206219673157,126.75896393876447,HalfCheetah-v5/metrics_PB2_SAC_HPO_seed6198.csv
SAC,HalfCheetah-v5,PB2,PB2_SAC_HPO,7433,4,4,True,4014080.0,4.01408,5150.970455646515,128.32256595898724,HalfCheetah-v5/metrics_PB2_SAC_HPO_seed7433.csv
SAC,HalfCheetah-v5,PB2,PB2_SAC_HPO,8256,4,4,True,4014080.0,4.01408,5319.918449878693,132.53145054106278,HalfCheetah-v5/metrics_PB2_SAC_HPO_seed8256.csv
SAC,HalfCheetah-v5,PB2,PB2_SAC_HPO,9107,4,4,True,4014080.0,4.01408,5292.807840824127,131.85606267996968,HalfCheetah-v5/metrics_PB2_SAC_HPO_seed9107.csv
SAC,HalfCheetah-v5,PB2,PB2_SAC_HPO,9845,4,4,True,4014080.0,4.01408,5310.980947494507,132.30879672289808,HalfCheetah-v5/metrics_PB2_SAC_HPO_seed9845.csv
SAC,HalfCheetah-v5,ASHA,ASHA_SAC_HPO,1042,8,8,True,3776512.0,3.776512,4697.795161962509,124.39508101556434,HalfCheetah-v5/metrics_ASHA_SAC_HPO_seed1042.csv
SAC,HalfCheetah-v5,ASHA,ASHA_SAC_HPO,2854,8,8,True,3272704.0,3.272704,4008.473200559616,122.48199655574156,HalfCheetah-v5/metrics_ASHA_SAC_HPO_seed2854.csv
SAC,HalfCheetah-v5,ASHA,ASHA_SAC_HPO,3910,8,8,True,3022848.0,3.022848,3654.283876657486,120.88877365509235,HalfCheetah-v5/metrics_ASHA_SAC_HPO_seed3910.csv
SAC,HalfCheetah-v5,ASHA,ASHA_SAC_HPO,4721,8,8,True,2895872.0,2.895872,3485.131401538849,120.34825439587277,HalfCheetah-v5/metrics_ASHA_SAC_HPO_seed4721.csv
SAC,HalfCheetah-v5,ASHA,ASHA_SAC_HPO,5603,8,8,True,2146304.0,2.146304,2570.052510499954,119.74317293822097,HalfCheetah-v5/metrics_ASHA_SAC_HPO_seed5603.csv
SAC,HalfCheetah-v5,ASHA,ASHA_SAC_HPO,6198,8,8,True,2019328.0,2.019328,2414.856580734253,119.58713892613052,HalfCheetah-v5/metrics_ASHA_SAC_HPO_seed6198.csv
SAC,HalfCheetah-v5,ASHA,ASHA_SAC_HPO,7433,8,8,True,3399680.0,3.39968,4252.135566711426,125.07458251104298,HalfCheetah-v5/metrics_ASHA_SAC_HPO_seed7433.csv
SAC,HalfCheetah-v5,ASHA,ASHA_SAC_HPO,8256,8,8,True,4648960.0,4.64896,5918.589960575104,127.30997815802037,HalfCheetah-v5/metrics_ASHA_SAC_HPO_seed8256.csv
SAC,HalfCheetah-v5,ASHA,ASHA_SAC_HPO,9107,8,8,True,2273280.0,2.27328,2755.139496564865,121.19666282045613,HalfCheetah-v5/metrics_ASHA_SAC_HPO_seed9107.csv
SAC,HalfCheetah-v5,ASHA,ASHA_SAC_HPO,9845,8,8,True,1892352.0,1.892352,2254.235375881195,119.1234704685595,HalfCheetah-v5/metrics_ASHA_SAC_HPO_seed9845.csv
SAC,HalfCheetah-v5,CODA,CODA_FULL,1042,4,4,True,4014080.0,4.01408,5360.772644519806,133.54922284856818,HalfCheetah-v5/metrics_CODA_FULL_seed1042.csv
SAC,HalfCheetah-v5,CODA,CODA_FULL,2854,4,4,True,4014080.0,4.01408,5547.432716369629,138.19935617550294,HalfCheetah-v5/metrics_CODA_FULL_seed2854.csv
SAC,HalfCheetah-v5,CODA,CODA_FULL,3910,4,4,True,4014080.0,4.01408,5422.508786439896,135.08721267239056,HalfCheetah-v5/metrics_CODA_FULL_seed3910.csv
SAC,HalfCheetah-v5,CODA,CODA_FULL,4721,4,4,True,4014080.0,4.01408,5365.726967334747,133.67264646780202,HalfCheetah-v5/metrics_CODA_FULL_seed4721.csv
SAC,HalfCheetah-v5,CODA,CODA_FULL,5603,4,4,True,4014080.0,4.01408,5425.150480270386,135.15302336451654,HalfCheetah-v5/metrics_CODA_FULL_seed5603.csv
SAC,HalfCheetah-v5,CODA,CODA_FULL,6198,4,4,True,4014080.0,4.01408,5371.4762234687805,133.8158737112559,HalfCheetah-v5/metrics_CODA_FULL_seed6198.csv
SAC,HalfCheetah-v5,CODA,CODA_FULL,7433,4,4,True,4014080.0,4.01408,5534.572375297546,137.87897538906913,HalfCheetah-v5/metrics_CODA_FULL_seed7433.csv
SAC,HalfCheetah-v5,CODA,CODA_FULL,8256,4,4,True,4014080.0,4.01408,5573.756916284561,138.85515276936587,HalfCheetah-v5/metrics_CODA_FULL_seed8256.csv
SAC,HalfCheetah-v5,CODA,CODA_FULL,9107,4,4,True,4014080.0,4.01408,5408.556009054184,134.73961677530554,HalfCheetah-v5/metrics_CODA_FULL_seed9107.csv
SAC,HalfCheetah-v5,CODA,CODA_FULL,9845,4,4,True,4014080.0,4.01408,5482.739151716232,136.58769012367048,HalfCheetah-v5/metrics_CODA_FULL_seed9845.csv
SAC,Hopper-v5,PBT,PBT_SAC_HPO,1042,4,4,True,4014080.0,4.01408,5266.997131824493,131.21305833028973,Hopper-v5/metrics_PBT_SAC_HPO_seed1042.csv
SAC,Hopper-v5,PBT,PBT_SAC_HPO,2854,4,4,True,4014080.0,4.01408,5263.499719619751,131.1259297178868,Hopper-v5/metrics_PBT_SAC_HPO_seed2854.csv
SAC,Hopper-v5,PBT,PBT_SAC_HPO,3910,4,4,True,4014080.0,4.01408,5233.492346048355,130.3783767649961,Hopper-v5/metrics_PBT_SAC_HPO_seed3910.csv
SAC,Hopper-v5,PBT,PBT_SAC_HPO,4721,4,4,True,4014080.0,4.01408,5237.766155719757,130.4848472307417,Hopper-v5/metrics_PBT_SAC_HPO_seed4721.csv
SAC,Hopper-v5,PBT,PBT_SAC_HPO,5603,4,4,True,4014080.0,4.01408,5202.079515218735,129.59581062706113,Hopper-v5/metrics_PBT_SAC_HPO_seed5603.csv
SAC,Hopper-v5,PBT,PBT_SAC_HPO,6198,4,4,True,4014080.0,4.01408,5223.500440835953,130.12945533810867,Hopper-v5/metrics_PBT_SAC_HPO_seed6198.csv
SAC,Hopper-v5,PBT,PBT_SAC_HPO,7433,4,4,True,4014080.0,4.01408,5242.766207695007,130.60941006893253,Hopper-v5/metrics_PBT_SAC_HPO_seed7433.csv
SAC,Hopper-v5,PBT,PBT_SAC_HPO,8256,4,4,True,4014080.0,4.01408,5384.462853431702,134.1394006455203,Hopper-v5/metrics_PBT_SAC_HPO_seed8256.csv
SAC,Hopper-v5,PBT,PBT_SAC_HPO,9107,4,4,True,4014080.0,4.01408,5445.259283781052,135.6539800846284,Hopper-v5/metrics_PBT_SAC_HPO_seed9107.csv
SAC,Hopper-v5,PBT,PBT_SAC_HPO,9845,4,4,True,4014080.0,4.01408,5342.277107715607,133.08845632662047,Hopper-v5/metrics_PBT_SAC_HPO_seed9845.csv
SAC,Hopper-v5,PB2,PB2_SAC_HPO,1042,4,4,True,4014080.0,4.01408,5237.596574544907,130.48062257216864,Hopper-v5/metrics_PB2_SAC_HPO_seed1042.csv
SAC,Hopper-v5,PB2,PB2_SAC_HPO,2854,4,4,True,4014080.0,4.01408,5204.62121796608,129.65913031045918,Hopper-v5/metrics_PB2_SAC_HPO_seed2854.csv
SAC,Hopper-v5,PB2,PB2_SAC_HPO,3910,4,4,True,4014080.0,4.01408,5212.129306077957,129.84617411904986,Hopper-v5/metrics_PB2_SAC_HPO_seed3910.csv
SAC,Hopper-v5,PB2,PB2_SAC_HPO,4721,4,4,True,4014080.0,4.01408,5180.223349094391,129.05132307015285,Hopper-v5/metrics_PB2_SAC_HPO_seed4721.csv
SAC,Hopper-v5,PB2,PB2_SAC_HPO,5603,4,4,True,4014080.0,4.01408,5138.22580575943,128.00506730706488,Hopper-v5/metrics_PB2_SAC_HPO_seed5603.csv
SAC,Hopper-v5,PB2,PB2_SAC_HPO,6198,4,4,True,4014080.0,4.01408,5220.778019428253,130.0616335356608,Hopper-v5/metrics_PB2_SAC_HPO_seed6198.csv
SAC,Hopper-v5,PB2,PB2_SAC_HPO,7433,4,4,True,4014080.0,4.01408,5210.208857297897,129.79833130624942,Hopper-v5/metrics_PB2_SAC_HPO_seed7433.csv
SAC,Hopper-v5,PB2,PB2_SAC_HPO,8256,4,4,True,4014080.0,4.01408,5270.890813112259,131.31005892040665,Hopper-v5/metrics_PB2_SAC_HPO_seed8256.csv
SAC,Hopper-v5,PB2,PB2_SAC_HPO,9107,4,4,True,4014080.0,4.01408,5385.4884786605835,134.16495133780552,Hopper-v5/metrics_PB2_SAC_HPO_seed9107.csv
SAC,Hopper-v5,PB2,PB2_SAC_HPO,9845,4,4,True,4014080.0,4.01408,5399.700562953949,134.5190071686152,Hopper-v5/metrics_PB2_SAC_HPO_seed9845.csv
SAC,Hopper-v5,ASHA,ASHA_SAC_HPO,1042,8,8,True,2523136.0,2.523136,3162.627843618393,125.34511986743453,Hopper-v5/metrics_ASHA_SAC_HPO_seed1042.csv
SAC,Hopper-v5,ASHA,ASHA_SAC_HPO,2854,8,8,True,3526656.0,3.526656,4415.057099103928,125.19103363367245,Hopper-v5/metrics_ASHA_SAC_HPO_seed2854.csv
SAC,Hopper-v5,ASHA,ASHA_SAC_HPO,3910,8,8,True,2895872.0,2.895872,3578.0870757102966,123.55819165040087,Hopper-v5/metrics_ASHA_SAC_HPO_seed3910.csv
SAC,Hopper-v5,ASHA,ASHA_SAC_HPO,4721,8,8,True,5025792.0,5.025792,6541.11608338356,130.15095100202237,Hopper-v5/metrics_ASHA_SAC_HPO_seed4721.csv
SAC,Hopper-v5,ASHA,ASHA_SAC_HPO,5603,8,8,True,4898816.0,4.898816,6287.198586702347,128.34118666025316,Hopper-v5/metrics_ASHA_SAC_HPO_seed5603.csv
SAC,Hopper-v5,ASHA,ASHA_SAC_HPO,6198,8,8,True,4026368.0,4.026368,5221.742078304291,129.6886444136326,Hopper-v5/metrics_ASHA_SAC_HPO_seed6198.csv
SAC,Hopper-v5,ASHA,ASHA_SAC_HPO,7433,8,8,True,4022272.0,4.022272,5244.449757099152,130.3852588064445,Hopper-v5/metrics_ASHA_SAC_HPO_seed7433.csv
SAC,Hopper-v5,ASHA,ASHA_SAC_HPO,8256,8,8,True,4276224.0,4.276224,5490.96325969696,128.40682012207407,Hopper-v5/metrics_ASHA_SAC_HPO_seed8256.csv
SAC,Hopper-v5,ASHA,ASHA_SAC_HPO,9107,8,8,True,2146304.0,2.146304,2603.334927558899,121.29385807224415,Hopper-v5/metrics_ASHA_SAC_HPO_seed9107.csv
SAC,Hopper-v5,ASHA,ASHA_SAC_HPO,9845,8,8,True,2772992.0,2.772992,3473.6852419376373,125.26849128802526,Hopper-v5/metrics_ASHA_SAC_HPO_seed9845.csv
SAC,Hopper-v5,CODA,CODA_FULL,1042,4,4,True,4014080.0,4.01408,5603.285862207413,139.59078698499812,Hopper-v5/metrics_CODA_FULL_seed1042.csv
SAC,Hopper-v5,CODA,CODA_FULL,2854,4,4,True,4014080.0,4.01408,5545.610088348389,138.1539503036409,Hopper-v5/metrics_CODA_FULL_seed2854.csv
SAC,Hopper-v5,CODA,CODA_FULL,3910,4,4,True,4014080.0,4.01408,5520.453562259674,137.52724316056666,Hopper-v5/metrics_CODA_FULL_seed3910.csv
SAC,Hopper-v5,CODA,CODA_FULL,4721,4,4,True,4014080.0,4.01408,5378.234988451004,133.9842501507445,Hopper-v5/metrics_CODA_FULL_seed4721.csv
SAC,Hopper-v5,CODA,CODA_FULL,5603,4,4,True,4014080.0,4.01408,5545.866165161133,138.1603297682441,Hopper-v5/metrics_CODA_FULL_seed5603.csv
SAC,Hopper-v5,CODA,CODA_FULL,6198,4,4,True,4014080.0,4.01408,5360.240449666977,133.53596464612008,Hopper-v5/metrics_CODA_FULL_seed6198.csv
SAC,Hopper-v5,CODA,CODA_FULL,7433,4,4,True,4014080.0,4.01408,5711.082510232925,142.27625035457504,Hopper-v5/metrics_CODA_FULL_seed7433.csv
SAC,Hopper-v5,CODA,CODA_FULL,8256,4,4,True,4014080.0,4.01408,5490.06311416626,136.77014693693846,Hopper-v5/metrics_CODA_FULL_seed8256.csv
SAC,Hopper-v5,CODA,CODA_FULL,9107,4,4,True,4014080.0,4.01408,5507.58758354187,137.20672192736242,Hopper-v5/metrics_CODA_FULL_seed9107.csv
SAC,Hopper-v5,CODA,CODA_FULL,9845,4,4,True,4014080.0,4.01408,5546.113771438599,138.1664982122578,Hopper-v5/metrics_CODA_FULL_seed9845.csv
SAC,Swimmer-v5,PBT,PBT_SAC_HPO,1042,4,4,True,4014080.0,4.01408,5124.321480989456,127.65867847649913,Swimmer-v5/metrics_PBT_SAC_HPO_seed1042.csv
SAC,Swimmer-v5,PBT,PBT_SAC_HPO,2854,4,4,True,4014080.0,4.01408,5055.558404445648,125.94563148830238,Swimmer-v5/metrics_PBT_SAC_HPO_seed2854.csv
SAC,Swimmer-v5,PBT,PBT_SAC_HPO,3910,4,4,True,4014080.0,4.01408,5063.202711105347,126.13606881540345,Swimmer-v5/metrics_PBT_SAC_HPO_seed3910.csv
SAC,Swimmer-v5,PBT,PBT_SAC_HPO,4721,4,4,True,4014080.0,4.01408,5152.115831613541,128.35109991862495,Swimmer-v5/metrics_PBT_SAC_HPO_seed4721.csv
SAC,Swimmer-v5,PBT,PBT_SAC_HPO,5603,4,4,True,4014080.0,4.01408,5150.635621547699,128.31422446856314,Swimmer-v5/metrics_PBT_SAC_HPO_seed5603.csv
SAC,Swimmer-v5,PBT,PBT_SAC_HPO,6198,4,4,True,4014080.0,4.01408,5138.5914747715,128.01417696636588,Swimmer-v5/metrics_PBT_SAC_HPO_seed6198.csv
SAC,Swimmer-v5,PBT,PBT_SAC_HPO,7433,4,4,True,4014080.0,4.01408,5214.086963415146,129.8949438829108,Swimmer-v5/metrics_PBT_SAC_HPO_seed7433.csv
SAC,Swimmer-v5,PBT,PBT_SAC_HPO,8256,4,4,True,4014080.0,4.01408,5389.008254528046,134.25263708067715,Swimmer-v5/metrics_PBT_SAC_HPO_seed8256.csv
SAC,Swimmer-v5,PBT,PBT_SAC_HPO,9107,4,4,True,4014080.0,4.01408,5335.633365154266,132.9229453611853,Swimmer-v5/metrics_PBT_SAC_HPO_seed9107.csv
SAC,Swimmer-v5,PBT,PBT_SAC_HPO,9845,4,4,True,4014080.0,4.01408,5302.758314609528,132.10395195435885,Swimmer-v5/metrics_PBT_SAC_HPO_seed9845.csv
SAC,Swimmer-v5,PB2,PB2_SAC_HPO,1042,4,4,True,4014080.0,4.01408,5524.389302015305,137.62529152421737,Swimmer-v5/metrics_PB2_SAC_HPO_seed1042.csv
SAC,Swimmer-v5,PB2,PB2_SAC_HPO,2854,4,4,True,4014080.0,4.01408,5478.791195631027,136.48933742304655,Swimmer-v5/metrics_PB2_SAC_HPO_seed2854.csv
SAC,Swimmer-v5,PB2,PB2_SAC_HPO,3910,4,4,True,4014080.0,4.01408,5360.044787406921,133.53109024750182,Swimmer-v5/metrics_PB2_SAC_HPO_seed3910.csv
SAC,Swimmer-v5,PB2,PB2_SAC_HPO,4721,4,4,True,4014080.0,4.01408,5403.073307991028,134.60303003405582,Swimmer-v5/metrics_PB2_SAC_HPO_seed4721.csv
SAC,Swimmer-v5,PB2,PB2_SAC_HPO,5603,4,4,True,4014080.0,4.01408,5541.239991188049,138.04508109424947,Swimmer-v5/metrics_PB2_SAC_HPO_seed5603.csv
SAC,Swimmer-v5,PB2,PB2_SAC_HPO,6198,4,4,True,4014080.0,4.01408,5556.0041880607605,138.41289132405834,Swimmer-v5/metrics_PB2_SAC_HPO_seed6198.csv
SAC,Swimmer-v5,PB2,PB2_SAC_HPO,7433,4,4,True,4014080.0,4.01408,5547.382034063339,138.19809356224437,Swimmer-v5/metrics_PB2_SAC_HPO_seed7433.csv
SAC,Swimmer-v5,PB2,PB2_SAC_HPO,8256,4,4,True,4014080.0,4.01408,5360.452035903931,133.54123574776614,Swimmer-v5/metrics_PB2_SAC_HPO_seed8256.csv
SAC,Swimmer-v5,PB2,PB2_SAC_HPO,9107,4,4,True,4014080.0,4.01408,5318.141016960144,132.4871705835495,Swimmer-v5/metrics_PB2_SAC_HPO_seed9107.csv
SAC,Swimmer-v5,PB2,PB2_SAC_HPO,9845,4,4,True,4014080.0,4.01408,5320.581108093262,132.54795888704913,Swimmer-v5/metrics_PB2_SAC_HPO_seed9845.csv
SAC,Swimmer-v5,ASHA,ASHA_SAC_HPO,1042,8,8,True,4648960.0,4.64896,5958.5647168159485,128.16984264902146,Swimmer-v5/metrics_ASHA_SAC_HPO_seed1042.csv
SAC,Swimmer-v5,ASHA,ASHA_SAC_HPO,2854,8,8,True,2895872.0,2.895872,3551.6882524490356,122.64658978190458,Swimmer-v5/metrics_ASHA_SAC_HPO_seed2854.csv
SAC,Swimmer-v5,ASHA,ASHA_SAC_HPO,3910,8,8,True,2400256.0,2.400256,2923.2564067840576,121.78935941766451,Swimmer-v5/metrics_ASHA_SAC_HPO_seed3910.csv
SAC,Swimmer-v5,ASHA,ASHA_SAC_HPO,4721,8,8,True,2273280.0,2.27328,2763.932934999466,121.58348003763135,Swimmer-v5/metrics_ASHA_SAC_HPO_seed4721.csv
SAC,Swimmer-v5,ASHA,ASHA_SAC_HPO,5603,8,8,True,2777088.0,2.777088,3431.6253383159637,123.56919688234451,Swimmer-v5/metrics_ASHA_SAC_HPO_seed5603.csv
SAC,Swimmer-v5,ASHA,ASHA_SAC_HPO,6198,8,8,True,3149824.0,3.149824,3900.0407824516296,123.81773656088815,Swimmer-v5/metrics_ASHA_SAC_HPO_seed6198.csv
SAC,Swimmer-v5,ASHA,ASHA_SAC_HPO,7433,8,8,True,3526656.0,3.526656,4323.084107875824,122.5830959377899,Swimmer-v5/metrics_ASHA_SAC_HPO_seed7433.csv
SAC,Swimmer-v5,ASHA,ASHA_SAC_HPO,8256,8,8,True,2523136.0,2.523136,3085.5377168655396,122.28979004166004,Swimmer-v5/metrics_ASHA_SAC_HPO_seed8256.csv
SAC,Swimmer-v5,ASHA,ASHA_SAC_HPO,9107,8,8,True,4026368.0,4.026368,5125.576124191284,127.30023992320831,Swimmer-v5/metrics_ASHA_SAC_HPO_seed9107.csv
SAC,Swimmer-v5,ASHA,ASHA_SAC_HPO,9845,8,8,True,3903488.0,3.903488,4955.439770936966,126.94902023362096,Swimmer-v5/metrics_ASHA_SAC_HPO_seed9845.csv
SAC,Swimmer-v5,CODA,CODA_FULL,1042,4,4,True,4014080.0,4.01408,5232.934152841568,130.36447088352918,Swimmer-v5/metrics_CODA_FULL_seed1042.csv
SAC,Swimmer-v5,CODA,CODA_FULL,2854,4,4,True,4014080.0,4.01408,5385.882357597351,134.17476377145823,Swimmer-v5/metrics_CODA_FULL_seed2854.csv
SAC,Swimmer-v5,CODA,CODA_FULL,3910,4,4,True,4014080.0,4.01408,5316.656169891357,132.450179615039,Swimmer-v5/metrics_CODA_FULL_seed3910.csv
SAC,Swimmer-v5,CODA,CODA_FULL,4721,4,4,True,4014080.0,4.01408,5284.8426241874695,131.65763074446622,Swimmer-v5/metrics_CODA_FULL_seed4721.csv
SAC,Swimmer-v5,CODA,CODA_FULL,5603,4,4,True,4014080.0,4.01408,5250.820361375809,130.81005763153223,Swimmer-v5/metrics_CODA_FULL_seed5603.csv
SAC,Swimmer-v5,CODA,CODA_FULL,6198,4,4,True,4014080.0,4.01408,5359.103514671326,133.50764097056674,Swimmer-v5/metrics_CODA_FULL_seed6198.csv
SAC,Swimmer-v5,CODA,CODA_FULL,7433,4,4,True,4014080.0,4.01408,5394.2707052230835,134.38373687677085,Swimmer-v5/metrics_CODA_FULL_seed7433.csv
SAC,Swimmer-v5,CODA,CODA_FULL,8256,4,4,True,4014080.0,4.01408,5258.7431564331055,131.00743274755624,Swimmer-v5/metrics_CODA_FULL_seed8256.csv
SAC,Swimmer-v5,CODA,CODA_FULL,9107,4,4,True,4014080.0,4.01408,5333.157809257507,132.8612735485468,Swimmer-v5/metrics_CODA_FULL_seed9107.csv
SAC,Swimmer-v5,CODA,CODA_FULL,9845,4,4,True,4014080.0,4.01408,5352.346140623093,133.33929918245508,Swimmer-v5/metrics_CODA_FULL_seed9845.csv
SAC,Walker2d-v5,PBT,PBT_SAC_HPO,1042,4,4,True,4014080.0,4.01408,5184.33540725708,129.153763932385,Walker2d-v5/metrics_PBT_SAC_HPO_seed1042.csv
SAC,Walker2d-v5,PBT,PBT_SAC_HPO,2854,4,4,True,4014080.0,4.01408,5144.417106628418,128.15930690540344,Walker2d-v5/metrics_PBT_SAC_HPO_seed2854.csv
SAC,Walker2d-v5,PBT,PBT_SAC_HPO,3910,4,4,True,4014080.0,4.01408,5200.614717245102,129.5593191277977,Walker2d-v5/metrics_PBT_SAC_HPO_seed3910.csv
SAC,Walker2d-v5,PBT,PBT_SAC_HPO,4721,4,4,True,4014080.0,4.01408,5219.532806396484,130.03061240424915,Walker2d-v5/metrics_PBT_SAC_HPO_seed4721.csv
SAC,Walker2d-v5,PBT,PBT_SAC_HPO,5603,4,4,True,4014080.0,4.01408,5259.556200504303,131.02768755242303,Walker2d-v5/metrics_PBT_SAC_HPO_seed5603.csv
SAC,Walker2d-v5,PBT,PBT_SAC_HPO,6198,4,4,True,4014080.0,4.01408,5162.7299790382385,128.61552283557475,Walker2d-v5/metrics_PBT_SAC_HPO_seed6198.csv
SAC,Walker2d-v5,PBT,PBT_SAC_HPO,7433,4,4,True,4014080.0,4.01408,5140.455265522003,128.06060829684517,Walker2d-v5/metrics_PBT_SAC_HPO_seed7433.csv
SAC,Walker2d-v5,PBT,PBT_SAC_HPO,8256,4,4,True,4014080.0,4.01408,5435.160584449768,135.4023981696869,Walker2d-v5/metrics_PBT_SAC_HPO_seed8256.csv
SAC,Walker2d-v5,PBT,PBT_SAC_HPO,9107,4,4,True,4014080.0,4.01408,5419.222802877426,135.0053512355864,Walker2d-v5/metrics_PBT_SAC_HPO_seed9107.csv
SAC,Walker2d-v5,PBT,PBT_SAC_HPO,9845,4,4,True,4014080.0,4.01408,5563.746762275696,138.60577672282804,Walker2d-v5/metrics_PBT_SAC_HPO_seed9845.csv
SAC,Walker2d-v5,PB2,PB2_SAC_HPO,1042,4,4,True,4014080.0,4.01408,5186.285658836365,129.20234920171907,Walker2d-v5/metrics_PB2_SAC_HPO_seed1042.csv
SAC,Walker2d-v5,PB2,PB2_SAC_HPO,2854,4,4,True,4014080.0,4.01408,5184.985426425934,129.16995741056317,Walker2d-v5/metrics_PB2_SAC_HPO_seed2854.csv
SAC,Walker2d-v5,PB2,PB2_SAC_HPO,3910,4,4,True,4014080.0,4.01408,5265.231189727783,131.169064635677,Walker2d-v5/metrics_PB2_SAC_HPO_seed3910.csv
SAC,Walker2d-v5,PB2,PB2_SAC_HPO,4721,4,4,True,4014080.0,4.01408,5359.985812664032,133.52962105050304,Walker2d-v5/metrics_PB2_SAC_HPO_seed4721.csv
SAC,Walker2d-v5,PB2,PB2_SAC_HPO,5603,4,4,True,4014080.0,4.01408,5502.659343719482,137.08394809569023,Walker2d-v5/metrics_PB2_SAC_HPO_seed5603.csv
SAC,Walker2d-v5,PB2,PB2_SAC_HPO,6198,4,4,True,4014080.0,4.01408,5604.265722751617,139.6151975733323,Walker2d-v5/metrics_PB2_SAC_HPO_seed6198.csv
SAC,Walker2d-v5,PB2,PB2_SAC_HPO,7433,4,4,True,4014080.0,4.01408,5664.977058649063,141.12765711318815,Walker2d-v5/metrics_PB2_SAC_HPO_seed7433.csv
SAC,Walker2d-v5,PB2,PB2_SAC_HPO,8256,4,4,True,4014080.0,4.01408,5367.548142194748,133.71801613806272,Walker2d-v5/metrics_PB2_SAC_HPO_seed8256.csv
SAC,Walker2d-v5,PB2,PB2_SAC_HPO,9107,4,4,True,4014080.0,4.01408,5351.434125185013,133.31657877234667,Walker2d-v5/metrics_PB2_SAC_HPO_seed9107.csv
SAC,Walker2d-v5,PB2,PB2_SAC_HPO,9845,4,4,True,4014080.0,4.01408,5419.05593252182,135.00119410977908,Walker2d-v5/metrics_PB2_SAC_HPO_seed9845.csv
SAC,Walker2d-v5,ASHA,ASHA_SAC_HPO,1042,8,8,True,2895872.0,2.895872,3712.334474802017,128.1940111580214,Walker2d-v5/metrics_ASHA_SAC_HPO_seed1042.csv
SAC,Walker2d-v5,ASHA,ASHA_SAC_HPO,2854,8,8,True,5152768.0,5.152768,6602.522838354111,128.13545726013885,Walker2d-v5/metrics_ASHA_SAC_HPO_seed2854.csv
SAC,Walker2d-v5,ASHA,ASHA_SAC_HPO,3910,8,8,True,3522560.0,3.52256,4465.299399852753,126.76290538281116,Walker2d-v5/metrics_ASHA_SAC_HPO_seed3910.csv
SAC,Walker2d-v5,ASHA,ASHA_SAC_HPO,4721,8,8,True,3526656.0,3.526656,4465.45409321785,126.62006425400861,Walker2d-v5/metrics_ASHA_SAC_HPO_seed4721.csv
SAC,Walker2d-v5,ASHA,ASHA_SAC_HPO,5603,8,8,True,2895872.0,2.895872,3571.8343613147736,123.34227346080122,Walker2d-v5/metrics_ASHA_SAC_HPO_seed5603.csv
SAC,Walker2d-v5,ASHA,ASHA_SAC_HPO,6198,8,8,True,2273280.0,2.27328,2803.366370677948,123.31812934077404,Walker2d-v5/metrics_ASHA_SAC_HPO_seed6198.csv
SAC,Walker2d-v5,ASHA,ASHA_SAC_HPO,7433,8,8,True,4022272.0,4.022272,5171.0379457473755,128.5601258628799,Walker2d-v5/metrics_ASHA_SAC_HPO_seed7433.csv
SAC,Walker2d-v5,ASHA,ASHA_SAC_HPO,8256,8,8,True,4898816.0,4.898816,6239.814414262772,127.3739290118831,Walker2d-v5/metrics_ASHA_SAC_HPO_seed8256.csv
SAC,Walker2d-v5,ASHA,ASHA_SAC_HPO,9107,8,8,True,4898816.0,4.898816,6288.505964756012,128.36787429362548,Walker2d-v5/metrics_ASHA_SAC_HPO_seed9107.csv
SAC,Walker2d-v5,ASHA,ASHA_SAC_HPO,9845,8,8,True,3399680.0,3.39968,4277.335507392883,125.8158270011555,Walker2d-v5/metrics_ASHA_SAC_HPO_seed9845.csv
SAC,Walker2d-v5,CODA,CODA_FULL,1042,4,4,True,4014080.0,4.01408,5559.268958330154,138.49422428875744,Walker2d-v5/metrics_CODA_FULL_seed1042.csv
SAC,Walker2d-v5,CODA,CODA_FULL,2854,4,4,True,4014080.0,4.01408,5515.996346235275,137.4162036191425,Walker2d-v5/metrics_CODA_FULL_seed2854.csv
SAC,Walker2d-v5,CODA,CODA_FULL,3910,4,4,True,4014080.0,4.01408,5537.782520532608,137.95894751805167,Walker2d-v5/metrics_CODA_FULL_seed3910.csv
SAC,Walker2d-v5,CODA,CODA_FULL,4721,4,4,True,4014080.0,4.01408,5359.895844697952,133.52737974076132,Walker2d-v5/metrics_CODA_FULL_seed4721.csv
SAC,Walker2d-v5,CODA,CODA_FULL,5603,4,4,True,4014080.0,4.01408,5640.155730724335,140.50930053024192,Walker2d-v5/metrics_CODA_FULL_seed5603.csv
SAC,Walker2d-v5,CODA,CODA_FULL,6198,4,4,True,4014080.0,4.01408,5344.640000343323,133.1473214371244,Walker2d-v5/metrics_CODA_FULL_seed6198.csv
SAC,Walker2d-v5,CODA,CODA_FULL,7433,4,4,True,4014080.0,4.01408,5326.6659054756165,132.69954523765387,Walker2d-v5/metrics_CODA_FULL_seed7433.csv
SAC,Walker2d-v5,CODA,CODA_FULL,8256,4,4,True,4014080.0,4.01408,5511.051676750183,137.2930204866416,Walker2d-v5/metrics_CODA_FULL_seed8256.csv
SAC,Walker2d-v5,CODA,CODA_FULL,9107,4,4,True,4014080.0,4.01408,5547.598100185394,138.2034762681709,Walker2d-v5/metrics_CODA_FULL_seed9107.csv
SAC,Walker2d-v5,CODA,CODA_FULL,9845,4,4,True,4014080.0,4.01408,5267.634042263031,131.22892523973192,Walker2d-v5/metrics_CODA_FULL_seed9845.csv
