learner,environment,baseline,training_seed,C_comp_CODA,C_comp_baseline,relative_difference_pct
PPO,HalfCheetah-v5,PBT,1042,23.47608268467102,22.591864940688207,3.913876726442032
PPO,HalfCheetah-v5,PBT,2854,21.852753482050808,23.644294666047717,-7.577054884912648
PPO,HalfCheetah-v5,PBT,3910,23.57870613340215,22.66643145700844,4.024782984141231
PPO,HalfCheetah-v5,PBT,4721,23.53847114119722,23.179846811176446,1.5471384817256817
PPO,HalfCheetah-v5,PBT,5603,23.029002163857257,23.071576205852363,-0.18453027055995763
PPO,HalfCheetah-v5,PBT,6198,24.227988779655607,22.854147223253623,6.011344649972891
PPO,HalfCheetah-v5,PBT,7433,23.4208366345712,23.08917324987433,1.436445476447158
PPO,HalfCheetah-v5,PBT,8256,21.775566805033122,23.00564419512484,-5.3468504496491605
PPO,HalfCheetah-v5,PBT,9107,23.462098692764414,22.239941009294476,5.495327901090995
PPO,HalfCheetah-v5,PBT,9845,24.484516595546246,22.881065373712023,7.0077646982138475
PPO,HalfCheetah-v5,PB2,1042,23.47608268467102,22.83521751128687,2.806477201574218
PPO,HalfCheetah-v5,PB2,2854,21.852753482050808,21.895693857119237,-0.1961133332820491
PPO,HalfCheetah-v5,PB2,3910,23.57870613340215,21.69621585912759,8.676583448917873
PPO,HalfCheetah-v5,PB2,4721,23.53847114119722,21.829015523756933,7.831116412830685
PPO,HalfCheetah-v5,PB2,5603,23.029002163857257,21.547467951183688,6.875676603998302
PPO,HalfCheetah-v5,PB2,6198,24.227988779655607,24.001660588851472,0.9429688831999518
PPO,HalfCheetah-v5,PB2,7433,23.4208366345712,22.11144694599863,5.921772970219487
PPO,HalfCheetah-v5,PB2,8256,21.775566805033122,24.0496599224093,-9.455822347230761
PPO,HalfCheetah-v5,PB2,9107,23.462098692764414,22.884258787739856,2.525054057394827
PPO,HalfCheetah-v5,PB2,9845,24.484516595546246,22.387773005683446,9.365574634558394
PPO,Hopper-v5,PBT,1042,26.125323712388735,24.60455642834647,6.180836010887056
PPO,Hopper-v5,PBT,2854,25.06831958381656,23.840045712055673,5.152145623360786
PPO,Hopper-v5,PBT,3910,25.77122378801765,24.543454244772885,5.002431731899547
PPO,Hopper-v5,PBT,4721,25.630216423694694,24.984874836369524,2.5829290382746724
PPO,Hopper-v5,PBT,5603,25.782943226177096,24.6434507328048,4.623916129795201
PPO,Hopper-v5,PBT,6198,24.9088479451965,24.986151497500657,-0.3093855903014561
PPO,Hopper-v5,PBT,7433,25.895497251166113,25.348578207676113,2.157592583730715
PPO,Hopper-v5,PBT,8256,24.44144685272071,23.21030813286527,5.304275638254781
PPO,Hopper-v5,PBT,9107,24.548016793393924,24.9674879655889,-1.680069587990223
PPO,Hopper-v5,PBT,9845,25.645807276966153,24.599578868193777,4.253033819717559
PPO,Hopper-v5,PB2,1042,26.125323712388735,23.183869205508618,12.687504750851557
PPO,Hopper-v5,PB2,2854,25.06831958381656,23.48503344172612,6.741681445841155
PPO,Hopper-v5,PB2,3910,25.77122378801765,23.368785267063974,10.280545152424674
PPO,Hopper-v5,PB2,4721,25.630216423694694,23.407034099374314,9.497924063689073
PPO,Hopper-v5,PB2,5603,25.782943226177096,22.85443211518365,12.813755757457004
PPO,Hopper-v5,PB2,6198,24.9088479451965,24.17006242957816,3.056614014841141
PPO,Hopper-v5,PB2,7433,25.895497251166113,23.521975177541716,10.090658015363376
PPO,Hopper-v5,PB2,8256,24.44144685272071,22.685295103010233,7.741366121692827
PPO,Hopper-v5,PB2,9107,24.548016793393924,23.99394018664847,2.3092355921341023
PPO,Hopper-v5,PB2,9845,25.645807276966153,23.810494802079297,7.707998049358399
PPO,Swimmer-v5,PBT,1042,24.270979027396383,23.561834870247523,3.0097153343703478
PPO,Swimmer-v5,PBT,2854,24.466629036127983,23.441702145284573,4.37223749577238
PPO,Swimmer-v5,PBT,3910,22.782775420462052,23.21919769923632,-1.8795751878568296
PPO,Swimmer-v5,PBT,4721,24.48050510342999,23.429228209885544,4.487031685921602
PPO,Swimmer-v5,PBT,5603,25.29124775987899,23.337949242220986,8.369623643384502
PPO,Swimmer-v5,PBT,6198,23.327499818456463,23.07366295212849,1.1001151696400107
PPO,Swimmer-v5,PBT,7433,22.919841771093996,22.903323895190546,0.07211999436866996
PPO,Swimmer-v5,PBT,8256,23.067503369565394,21.71914906614036,6.208135960202444
PPO,Swimmer-v5,PBT,9107,24.86633557954716,23.360986087652428,6.44386108637081
PPO,Swimmer-v5,PBT,9845,23.50863422178116,23.314597631221897,0.8322536533910363
PPO,Swimmer-v5,PB2,1042,24.270979027396383,23.87902081677747,1.6414333469801334
PPO,Swimmer-v5,PB2,2854,24.466629036127983,22.223215959854027,10.09490741721025
PPO,Swimmer-v5,PB2,3910,22.782775420462052,22.93676511801267,-0.671366240000803
PPO,Swimmer-v5,PB2,4721,24.48050510342999,22.113409203184844,10.704346301809629
PPO,Swimmer-v5,PB2,5603,25.29124775987899,23.159690171263712,9.203739656500629
PPO,Swimmer-v5,PB2,6198,23.327499818456463,23.826214539570806,-2.0931345190654302
PPO,Swimmer-v5,PB2,7433,22.919841771093996,23.472863674216008,-2.3560052612135447
PPO,Swimmer-v5,PB2,8256,23.067503369565394,21.01543977423157,9.76455224053886
PPO,Swimmer-v5,PB2,9107,24.86633557954716,22.32380609789169,11.389318965172311
PPO,Swimmer-v5,PB2,9845,23.50863422178116,22.371807137169952,5.081516560735998
PPO,Walker2d-v5,PBT,1042,26.078182345825915,26.21936468328568,-0.538465897878009
PPO,Walker2d-v5,PBT,2854,26.486531511046774,24.71064015830643,7.186747657540482
PPO,Walker2d-v5,PBT,3910,26.0099219439861,25.32784437367829,2.6929949515034672
PPO,Walker2d-v5,PBT,4721,26.07779214763227,25.959277988160547,0.45653873549862967
PPO,Walker2d-v5,PBT,5603,25.917203293521418,25.834663076208777,0.3194940730179375
PPO,Walker2d-v5,PBT,6198,25.941731504632163,25.760866566840058,0.7020918233586064
PPO,Walker2d-v5,PBT,7433,26.040188826382707,24.974297758044887,4.267952110863528
PPO,Walker2d-v5,PBT,8256,26.571511343683415,23.76256882345991,11.820870635208166
PPO,Walker2d-v5,PBT,9107,26.412844260358128,26.33233435276346,0.3057454250584434
PPO,Walker2d-v5,PBT,9845,26.06896072124891,26.068815477827435,0.0005571538975307563
PPO,Walker2d-v5,PB2,1042,26.078182345825915,25.04763274563731,4.114359271608627
PPO,Walker2d-v5,PB2,2854,26.486531511046774,23.83714853551073,11.114513011441773
PPO,Walker2d-v5,PB2,3910,26.0099219439861,25.14536226567162,3.4382470579665356
PPO,Walker2d-v5,PB2,4721,26.07779214763227,25.22211507331754,3.3925666893017654
PPO,Walker2d-v5,PB2,5603,25.917203293521418,25.530415385605576,1.5150082835468426
PPO,Walker2d-v5,PB2,6198,25.941731504632163,24.843349027881576,4.421233528208604
PPO,Walker2d-v5,PB2,7433,26.040188826382707,25.986320119586757,0.20729640267667873
PPO,Walker2d-v5,PB2,8256,26.571511343683415,24.359771341483846,9.079477681438876
PPO,Walker2d-v5,PB2,9107,26.412844260358128,24.815903922117727,6.435148778993669
PPO,Walker2d-v5,PB2,9845,26.06896072124891,24.885513569140663,4.755566521945456
SAC,HalfCheetah-v5,PBT,1042,133.54922284856818,127.98161292805014,4.350320169545048
SAC,HalfCheetah-v5,PBT,2854,138.19935617550294,126.55962427260772,9.197034180366556
SAC,HalfCheetah-v5,PBT,3910,135.08721267239056,127.51764174175392,5.936097019396251
SAC,HalfCheetah-v5,PBT,4721,133.67264646780202,127.60302867996981,4.7566408498460495
SAC,HalfCheetah-v5,PBT,5603,135.15302336451654,127.53020664344409,5.977263678702208
SAC,HalfCheetah-v5,PBT,6198,133.8158737112559,127.75647057795288,4.742932476054721
SAC,HalfCheetah-v5,PBT,7433,137.87897538906913,126.4595732862624,9.030081160369726
SAC,HalfCheetah-v5,PBT,8256,138.85515276936587,130.307428314284,6.559660155724891
SAC,HalfCheetah-v5,PBT,9107,134.73961677530554,132.6458587380107,1.5784571468832826
SAC,HalfCheetah-v5,PBT,9845,136.58769012367048,133.6395785115108,2.2060168439589645
SAC,HalfCheetah-v5,PB2,1042,133.54922284856818,128.09089489509256,4.261292699958128
SAC,HalfCheetah-v5,PB2,2854,138.19935617550294,127.14253176640415,8.696401004042633
SAC,HalfCheetah-v5,PB2,3910,135.08721267239056,129.30794636842472,4.469382173543714
SAC,HalfCheetah-v5,PB2,4721,133.67264646780202,129.18403169035685,3.4745894819291654
SAC,HalfCheetah-v5,PB2,5603,135.15302336451654,129.67101828675072,4.227625532825749
SAC,HalfCheetah-v5,PB2,6198,133.8158737112559,126.75896393876447,5.567187955165471
SAC,HalfCheetah-v5,PB2,7433,137.87897538906913,128.32256595898724,7.4471776329162385
SAC,HalfCheetah-v5,PB2,8256,138.85515276936587,132.53145054106278,4.771472886236759
SAC,HalfCheetah-v5,PB2,9107,134.73961677530554,131.85606267996968,2.186895343852775
SAC,HalfCheetah-v5,PB2,9845,136.58769012367048,132.30879672289808,3.234020342376733
SAC,Hopper-v5,PBT,1042,139.59078698499812,131.21305833028973,6.384828431953746
SAC,Hopper-v5,PBT,2854,138.1539503036409,131.1259297178868,5.359748907690989
SAC,Hopper-v5,PBT,3910,137.52724316056666,130.3783767649961,5.483168737754901
SAC,Hopper-v5,PBT,4721,133.9842501507445,130.4848472307417,2.681846202275611
SAC,Hopper-v5,PBT,5603,138.1603297682441,129.59581062706113,6.608638890210091
SAC,Hopper-v5,PBT,6198,133.53596464612008,130.12945533810867,2.617784958186792
SAC,Hopper-v5,PBT,7433,142.27625035457504,130.60941006893253,8.932618468673143
SAC,Hopper-v5,PBT,8256,136.77014693693846,134.1394006455203,1.9612032547917937
SAC,Hopper-v5,PBT,9107,137.20672192736242,135.6539800846284,1.1446341948576453
SAC,Hopper-v5,PBT,9845,138.1664982122578,133.08845632662047,3.8155389474012695
SAC,Hopper-v5,PB2,1042,139.59078698499812,130.48062257216864,6.98200562906623
SAC,Hopper-v5,PB2,2854,138.1539503036409,129.65913031045918,6.551655847792211
SAC,Hopper-v5,PB2,3910,137.52724316056666,129.84617411904986,5.915514333502334
SAC,Hopper-v5,PB2,4721,133.9842501507445,129.05132307015285,3.822453705422361
SAC,Hopper-v5,PB2,5603,138.1603297682441,128.00506730706488,7.933484724333834
SAC,Hopper-v5,PB2,6198,133.53596464612008,130.0616335356608,2.671295920258198
SAC,Hopper-v5,PB2,7433,142.27625035457504,129.79833130624942,9.613312376786187
SAC,Hopper-v5,PB2,8256,136.77014693693846,131.31005892040665,4.158164318425472
SAC,Hopper-v5,PB2,9107,137.20672192736242,134.16495133780552,2.2671871895203246
SAC,Hopper-v5,PB2,9845,138.1664982122578,134.5190071686152,2.7115060692282733
SAC,Swimmer-v5,PBT,1042,130.36447088352918,127.65867847649913,2.119552261797978
SAC,Swimmer-v5,PBT,2854,134.17476377145823,125.94563148830238,6.533876710062911
SAC,Swimmer-v5,PBT,3910,132.450179615039,126.13606881540345,5.005793234983457
SAC,Swimmer-v5,PBT,4721,131.65763074446622,128.35109991862495,2.57616088053598
SAC,Swimmer-v5,PBT,5603,130.81005763153223,128.31422446856314,1.9450946871292265
SAC,Swimmer-v5,PBT,6198,133.50764097056674,128.01417696636588,4.29129346013309
SAC,Swimmer-v5,PBT,7433,134.38373687677085,129.8949438829108,3.455710329961964
SAC,Swimmer-v5,PBT,8256,131.00743274755624,134.25263708067715,-2.41723693752902
SAC,Swimmer-v5,PBT,9107,132.8612735485468,132.9229453611853,-0.04639666422597705
SAC,Swimmer-v5,PBT,9845,133.33929918245508,132.10395195435885,0.9351326813622018
SAC,Swimmer-v5,PB2,1042,130.36447088352918,137.62529152421737,-5.275789471741491
SAC,Swimmer-v5,PB2,2854,134.17476377145823,136.48933742304655,-1.695790818014109
SAC,Swimmer-v5,PB2,3910,132.450179615039,133.53109024750182,-0.8094823688321184
SAC,Swimmer-v5,PB2,4721,131.65763074446622,134.60303003405582,-2.188211728104775
SAC,Swimmer-v5,PB2,5603,130.81005763153223,138.04508109424947,-5.241058504487796
SAC,Swimmer-v5,PB2,6198,133.50764097056674,138.41289132405834,-3.5439259353431236
SAC,Swimmer-v5,PB2,7433,134.38373687677085,138.19809356224437,-2.7600646196725775
SAC,Swimmer-v5,PB2,8256,131.00743274755624,133.54123574776614,-1.8973937046649545
SAC,Swimmer-v5,PB2,9107,132.8612735485468,132.4871705835495,0.2823692009947284
SAC,Swimmer-v5,PB2,9845,133.33929918245508,132.54795888704913,0.5970218644259067
SAC,Walker2d-v5,PBT,1042,138.49422428875744,129.153763932385,7.2320465714513595
SAC,Walker2d-v5,PBT,2854,137.4162036191425,128.15930690540344,7.222960967299648
SAC,Walker2d-v5,PBT,3910,137.95894751805167,129.5593191277977,6.483229802997469
SAC,Walker2d-v5,PBT,4721,133.52737974076132,130.03061240424915,2.689187778060404
SAC,Walker2d-v5,PBT,5603,140.50930053024192,131.02768755242303,7.236343062244286
SAC,Walker2d-v5,PBT,6198,133.1473214371244,128.61552283557475,3.523523834166737
SAC,Walker2d-v5,PBT,7433,132.69954523765387,128.06060829684517,3.6224542445211645
SAC,Walker2d-v5,PBT,8256,137.2930204866416,135.4023981696869,1.3962989891695774
SAC,Walker2d-v5,PBT,9107,138.2034762681709,135.0053512355864,2.3688876057984714
SAC,Walker2d-v5,PBT,9845,131.22892523973192,138.60577672282804,-5.322181843724821
SAC,Walker2d-v5,PB2,1042,138.49422428875744,129.20234920171907,7.191723017769039
SAC,Walker2d-v5,PB2,2854,137.4162036191425,129.16995741056317,6.384027968956322
SAC,Walker2d-v5,PB2,3910,137.95894751805167,131.169064635677,5.176436152254064
SAC,Walker2d-v5,PB2,4721,133.52737974076132,133.52962105050304,-0.0016785112726952836
SAC,Walker2d-v5,PB2,5603,140.50930053024192,137.08394809569023,2.4987261325160017
SAC,Walker2d-v5,PB2,6198,133.1473214371244,139.6151975733323,-4.632644761191331
SAC,Walker2d-v5,PB2,7433,132.69954523765387,141.12765711318815,-5.9719774620609725
SAC,Walker2d-v5,PB2,8256,137.2930204866416,133.71801613806272,2.6735397755884476
SAC,Walker2d-v5,PB2,9107,138.2034762681709,133.31657877234667,3.6656337424988727
SAC,Walker2d-v5,PB2,9845,131.22892523973192,135.00119410977908,-2.7942485212239356
