learner,environment,baseline,n_matched_seeds,relative_difference_pct_median,relative_difference_pct_q1,relative_difference_pct_q3,relative_difference_pct_min,relative_difference_pct_max
PPO,HalfCheetah-v5,PBT,10,2.730507604083857,0.22071366619182126,5.127691671853555,-7.577054884912648,7.0077646982138475
PPO,HalfCheetah-v5,PB2,10,4.364125085896852,1.3384901767486705,7.59225646062259,-9.455822347230761,9.365574634558394
PPO,Hopper-v5,PBT,10,4.43847497475638,2.2639266973667045,5.114717150495476,-1.680069587990223,6.180836010887056
PPO,Hopper-v5,PB2,10,8.61964509269095,6.983260596720466,10.23307336815935,2.3092355921341023,12.813755757457004
PPO,Swimmer-v5,PBT,10,3.690976415071364,0.8992190324532798,5.777859891632234,-1.8795751878568296,8.369623643384502
PPO,Swimmer-v5,PB2,10,7.142628108618313,-0.09316634325556894,10.012318623042402,-2.3560052612135447,11.389318965172311
PPO,Walker2d-v5,PBT,10,0.579315279428618,0.3091825870483169,3.874212821023513,-0.538465897878009,11.820870635208166
PPO,Walker2d-v5,PB2,10,4.267796399908615,3.403986781467958,6.015253214731616,0.20729640267667873,11.114513011441773
SAC,HalfCheetah-v5,PBT,10,5.34636893462115,4.448473246172466,6.41406103646922,1.5784571468832826,9.197034180366556
SAC,HalfCheetah-v5,PB2,10,4.365337436750921,3.662848494653311,5.368259187933293,2.186895343852775,8.696401004042633
SAC,Hopper-v5,PBT,10,4.587643927546129,2.633800269208997,6.159413508404035,1.1446341948576453,8.932618468673143
SAC,Hopper-v5,PB2,10,5.0368393259639035,2.989242978276795,6.874418183747725,2.2671871895203246,9.613312376786187
SAC,Swimmer-v5,PBT,10,2.3478565711669788,1.187623182803958,4.082397677590309,-2.41723693752902,6.533876710062911
SAC,Swimmer-v5,PB2,10,-2.0428027163848648,-3.347960606425487,-1.0310594811276161,-5.275789471741491,0.5970218644259067
SAC,Walker2d-v5,PBT,10,3.572989039343951,2.4489626488639544,7.0380281762241035,-5.322181843724821,7.236343062244286
SAC,Walker2d-v5,PB2,10,2.586132954052225,-2.0961060187361253,4.798735549815266,-5.9719774620609725,7.191723017769039
