learner,environment,method,n_seeds,C_comp_median,C_comp_q1,C_comp_q3,interactions_million_median,interactions_million_q1,interactions_million_q3,aggregate_trial_time_s_median,aggregate_trial_time_s_q1,aggregate_trial_time_s_q3
PPO,HalfCheetah-v5,PBT,10,22.943354784418432,22.713360398569733,23.08477398886884,8.03504,8.021778,8.045224,1847.82841026783,1832.1890695095062,1853.8023571968079
PPO,HalfCheetah-v5,PB2,10,22.24960997584104,21.84568510709751,22.87199846862661,8.053552,8.038250000000001,8.070482,1794.8835347890854,1758.2740659713745,1847.2986993789673
PPO,HalfCheetah-v5,ASHA,10,22.009844846335817,21.703301553733,22.292255170003454,12.790012,10.29543,14.549641999999999,2824.8071489334106,2258.0234609246254,3219.16149020195
PPO,HalfCheetah-v5,CODA,10,23.469090688717717,23.126960781535743,23.568647385350918,8.055344,8.034936,8.058526,1890.4030622243881,1863.3595420122147,1896.0410552024841
PPO,Hopper-v5,PBT,10,24.624003580575636,24.55748540062811,24.980528118674368,8.05764,8.046437999999998,8.064838,1988.1032257080078,1976.6912571191788,2013.2719150185585
PPO,Hopper-v5,PB2,10,23.446033770550216,23.230098220897457,23.7383648959449,8.0542,8.044702000000001,8.059722,1888.0262365341187,1871.2989686727524,1914.480695784092
PPO,Hopper-v5,ASHA,10,24.38931445288558,24.13342077759671,24.890720636230746,8.618932000000001,6.131060000000001,13.253326,2151.7224031686783,1516.9812698364258,3225.371220111847
PPO,Hopper-v5,CODA,10,25.63801185033042,24.948715854851514,25.780013366637235,8.066612,8.04695,8.08419,2064.9829515218735,2009.592843592167,2082.6490486860275
PPO,Swimmer-v5,PBT,10,23.326273436721443,23.110046638905448,23.412167679327265,8.032824000000002,8.024398,8.041408,1876.1374263763428,1867.1798864006996,1879.961027622223
PPO,Swimmer-v5,PB2,10,22.654286127591313,22.248363494363442,23.394570298477934,8.043276,8.02304,8.065578,1820.2809408903122,1786.399705171585,1880.5979272723198
PPO,Swimmer-v5,ASHA,10,23.183590190767724,23.045573609272203,23.42118495755262,8.966692,8.288482,9.36128,2069.6422164440155,1922.840906739235,2190.641030371189
PPO,Swimmer-v5,CODA,10,23.889806624588772,23.132502481788162,24.47703608660449,8.061447999999999,8.027418,8.081596000000001,1928.9535493850708,1871.7573728561401,1966.0163353085518
PPO,Walker2d-v5,PBT,10,25.797764821524417,25.06268441195324,26.041431105410712,8.046928,8.041656,8.062516,2078.9519966840744,2019.2077032923698,2105.2485387921333
PPO,Walker2d-v5,PB2,10,24.966573157388986,24.822765198558688,25.20292687140606,8.052856,8.048487999999999,8.094436,2014.6835255622864,1996.3397988677025,2032.9908440709114
PPO,Walker2d-v5,ASHA,10,24.372382648637835,24.243133452825973,25.128459417817233,10.52394,8.132356,13.139826,2560.0807824134827,2046.114125430584,3204.0568777918816
PPO,Walker2d-v5,CODA,10,26.07337643444059,26.01748866458525,26.329178781725076,8.0665,8.05149,8.092162,2108.332392811775,2102.0691695809364,2120.945049405098
SAC,HalfCheetah-v5,PBT,10,127.67974962896135,127.52078296717646,129.72597446772554,4.01408,4.01408,4.01408,5125.167293906212,5118.786244928837,5207.304395914078
SAC,HalfCheetah-v5,PB2,10,129.24598902939078,128.14881266106624,131.30980158166494,4.01408,4.01408,4.01408,5188.037396430969,5143.995859265327,5270.880483329296
SAC,HalfCheetah-v5,ASHA,10,121.04271823777424,119.89444330263392,123.91680990060865,2.95936,2.1780480000000004,3.3679360000000003,3569.7076390981674,2616.324257016182,4191.219975173473
SAC,HalfCheetah-v5,CODA,10,135.12011801845355,134.0468094772683,137.55615407271947,4.01408,4.01408,4.01408,5423.829633355141,5380.746169865131,5521.614069402218
SAC,Hopper-v5,PBT,10,130.86766989340967,130.4049943814325,132.61960682753778,4.01408,4.01408,4.01408,5253.132963657379,5234.560798466206,5323.457113742828
SAC,Hopper-v5,PB2,10,129.95390382735533,129.69393055940674,131.10269983334715,4.01408,4.01408,4.01408,5216.453662753105,5206.018127799034,5262.567253470421
SAC,Hopper-v5,ASHA,10,126.84315326384385,125.21039804726065,129.36818834074296,3.774464,2.803712,4.21376,4818.399588704109,3499.785700380802,5429.334884047508
SAC,Hopper-v5,CODA,10,137.8405967321038,136.87929068454446,138.16495610125438,4.01408,4.01408,4.01408,5533.031825304031,5494.444231510162,5546.051869869232
SAC,Swimmer-v5,PBT,10,128.33266219359405,127.74755309896582,131.55169993649685,4.01408,4.01408,4.01408,5151.37572658062,5127.888979434967,5280.590476810932
SAC,Swimmer-v5,PB2,10,135.54618372855117,133.5336266225679,137.94013370174144,4.01408,4.01408,4.01408,5440.9322518110275,5360.146599531174,5537.027318894863
SAC,Swimmer-v5,ASHA,10,123.10789333212455,122.36311651569251,126.16619931543775,3.0228479999999998,2.586624,3.8092799999999998,3725.8645174503326,3172.0596222281456,4797.35085517168
SAC,Swimmer-v5,CODA,10,132.6557265817929,131.16998224678372,133.46555552353882,4.01408,4.01408,4.01408,5324.906989574432,5265.2680233716965,5357.414171159267
SAC,Walker2d-v5,PBT,10,129.79496576602344,128.7500831097773,134.01093531479557,4.01408,4.01408,4.01408,5210.073761820793,5168.131336092949,5379.306152284145
SAC,Walker2d-v5,PB2,10,133.62381859428288,131.7059431698444,136.56325959921244,4.01408,4.01408,4.01408,5363.76697742939,5286.781923592091,5481.758490920067
SAC,Walker2d-v5,ASHA,10,127.06841719734713,126.01688631436878,128.17937268355075,3.5246079999999997,3.0218239999999996,4.67968,4465.376746535301,3853.5847329497337,5972.620297133923
SAC,Walker2d-v5,CODA,10,137.35461205289204,133.24233601303362,138.1423440806411,4.01408,4.01408,4.01408,5513.524011492729,5348.45396143198,5545.144205272198
