learner,environment,variant_name,contrast,training_seed,full_coda,variant,difference
PPO,HalfCheetah-v5,CODA-I2O,Full $-$ I2O,1042,1355.3530773551208,1484.398351181767,-129.04527382664628
PPO,HalfCheetah-v5,CODA-I2O,Full $-$ I2O,2854,1414.8468973630527,2326.316055419751,-911.4691580566985
PPO,HalfCheetah-v5,CODA-I2O,Full $-$ I2O,3910,3252.3455214589108,2896.7874109791483,355.5581104797625
PPO,HalfCheetah-v5,CODA-I2O,Full $-$ I2O,4721,1454.7887081697745,1589.2288893024704,-134.4401811326959
PPO,HalfCheetah-v5,CODA-I2O,Full $-$ I2O,5603,634.1237201040665,-327.39759383939054,961.521313943457
PPO,HalfCheetah-v5,CODA-I2O,Full $-$ I2O,6198,1257.8024453797245,451.4755631922308,806.3268821874938
PPO,HalfCheetah-v5,CODA-I2O,Full $-$ I2O,7433,1544.9530518181346,391.8774864597531,1153.0755653583815
PPO,HalfCheetah-v5,CODA-I2O,Full $-$ I2O,8256,1055.519041848355,868.887486472207,186.63155537614807
PPO,HalfCheetah-v5,CODA-I2O,Full $-$ I2O,9107,1370.3561700833932,-92.32228023068997,1462.6784503140832
PPO,HalfCheetah-v5,CODA-I2O,Full $-$ I2O,9845,1299.3384954838295,1395.8311269917654,-96.49263150793581
PPO,HalfCheetah-v5,CODA-O2I,Full $-$ O2I,1042,1355.3530773551208,1391.5147338244765,-36.16165646935565
PPO,HalfCheetah-v5,CODA-O2I,Full $-$ O2I,2854,1414.8468973630527,1593.470334661221,-178.62343729816826
PPO,HalfCheetah-v5,CODA-O2I,Full $-$ O2I,3910,3252.3455214589108,2828.864439708131,423.4810817507796
PPO,HalfCheetah-v5,CODA-O2I,Full $-$ O2I,4721,1454.7887081697745,1391.850597013767,62.93811115600761
PPO,HalfCheetah-v5,CODA-O2I,Full $-$ O2I,5603,634.1237201040665,724.9739793557128,-90.85025925164632
PPO,HalfCheetah-v5,CODA-O2I,Full $-$ O2I,6198,1257.8024453797245,687.5907425898152,570.2117027899093
PPO,HalfCheetah-v5,CODA-O2I,Full $-$ O2I,7433,1544.9530518181346,1179.5929251366038,365.3601266815308
PPO,HalfCheetah-v5,CODA-O2I,Full $-$ O2I,8256,1055.519041848355,1170.1882012342899,-114.66915938593479
PPO,HalfCheetah-v5,CODA-O2I,Full $-$ O2I,9107,1370.3561700833932,324.96012508399707,1045.396044999396
PPO,HalfCheetah-v5,CODA-O2I,Full $-$ O2I,9845,1299.3384954838295,1550.8670676878498,-251.5285722040203
PPO,Hopper-v5,CODA-I2O,Full $-$ I2O,1042,3240.798082345198,2992.3205777216785,248.4775046235195
PPO,Hopper-v5,CODA-I2O,Full $-$ I2O,2854,3123.9995865774313,965.889978583766,2158.109607993665
PPO,Hopper-v5,CODA-I2O,Full $-$ I2O,3910,2995.729255273705,2531.0341635567884,464.6950917169165
PPO,Hopper-v5,CODA-I2O,Full $-$ I2O,4721,2901.5342434035265,3310.6140694134847,-409.0798260099582
PPO,Hopper-v5,CODA-I2O,Full $-$ I2O,5603,3392.2606009869105,3386.1298296485097,6.130771338400791
PPO,Hopper-v5,CODA-I2O,Full $-$ I2O,6198,2986.5626675657963,3295.1486664869617,-308.58599892116536
PPO,Hopper-v5,CODA-I2O,Full $-$ I2O,7433,3539.9201187120425,3177.416136955443,362.5039817565994
PPO,Hopper-v5,CODA-I2O,Full $-$ I2O,8256,3052.742518154939,2740.367763122914,312.37475503202495
PPO,Hopper-v5,CODA-I2O,Full $-$ I2O,9107,3085.044073297335,2130.5776918552124,954.4663814421228
PPO,Hopper-v5,CODA-I2O,Full $-$ I2O,9845,3289.604811539171,3386.580802814547,-96.97599127537615
PPO,Hopper-v5,CODA-O2I,Full $-$ O2I,1042,3240.798082345198,1079.7981557067649,2160.999926638433
PPO,Hopper-v5,CODA-O2I,Full $-$ O2I,2854,3123.9995865774313,3238.9347151156985,-114.93512853826724
PPO,Hopper-v5,CODA-O2I,Full $-$ O2I,3910,2995.729255273705,2901.411111807663,94.31814346604187
PPO,Hopper-v5,CODA-O2I,Full $-$ O2I,4721,2901.5342434035265,702.2325604933825,2199.301682910144
PPO,Hopper-v5,CODA-O2I,Full $-$ O2I,5603,3392.2606009869105,3072.6529235186426,319.60767746826787
PPO,Hopper-v5,CODA-O2I,Full $-$ O2I,6198,2986.5626675657963,3062.6604780158204,-76.0978104500241
PPO,Hopper-v5,CODA-O2I,Full $-$ O2I,7433,3539.9201187120425,950.8832026284404,2589.036916083602
PPO,Hopper-v5,CODA-O2I,Full $-$ O2I,8256,3052.742518154939,3163.5516770474323,-110.80915889249354
PPO,Hopper-v5,CODA-O2I,Full $-$ O2I,9107,3085.044073297335,2297.2693135295503,787.7747597677849
PPO,Hopper-v5,CODA-O2I,Full $-$ O2I,9845,3289.604811539171,1375.4588521202636,1914.1459594189073
PPO,Swimmer-v5,CODA-I2O,Full $-$ I2O,1042,121.10421579365949,129.72730453808347,-8.623088744423981
PPO,Swimmer-v5,CODA-I2O,Full $-$ I2O,2854,104.4293776336054,101.36462240069848,3.0647552329069185
PPO,Swimmer-v5,CODA-I2O,Full $-$ I2O,3910,107.60870871765832,42.83590817770983,64.77280053994849
PPO,Swimmer-v5,CODA-I2O,Full $-$ I2O,4721,100.69491055646566,105.36783187884508,-4.672921322379423
PPO,Swimmer-v5,CODA-I2O,Full $-$ I2O,5603,118.23637066093151,97.00274014780034,21.233630513131175
PPO,Swimmer-v5,CODA-I2O,Full $-$ I2O,6198,50.31077726554957,55.45763796252467,-5.146860696975104
PPO,Swimmer-v5,CODA-I2O,Full $-$ I2O,7433,97.14065543036746,45.11710510057553,52.02355032979193
PPO,Swimmer-v5,CODA-I2O,Full $-$ I2O,8256,120.72775349298445,120.2415313703949,0.48622212258955244
PPO,Swimmer-v5,CODA-I2O,Full $-$ I2O,9107,102.70761328451255,50.29184899045068,52.415764294061866
PPO,Swimmer-v5,CODA-I2O,Full $-$ I2O,9845,124.65687484219573,122.35753853038034,2.299336311815395
PPO,Swimmer-v5,CODA-O2I,Full $-$ O2I,1042,121.10421579365949,124.72674573277766,-3.6225299391181665
PPO,Swimmer-v5,CODA-O2I,Full $-$ O2I,2854,104.4293776336054,62.82304052047184,41.606337113133556
PPO,Swimmer-v5,CODA-O2I,Full $-$ O2I,3910,107.60870871765832,84.52248748482543,23.086221232832884
PPO,Swimmer-v5,CODA-O2I,Full $-$ O2I,4721,100.69491055646566,102.63027189393515,-1.9353613374694874
PPO,Swimmer-v5,CODA-O2I,Full $-$ O2I,5603,118.23637066093151,118.06810750467163,0.16826315625988286
PPO,Swimmer-v5,CODA-O2I,Full $-$ O2I,6198,50.31077726554957,55.93409835458442,-5.623321089034853
PPO,Swimmer-v5,CODA-O2I,Full $-$ O2I,7433,97.14065543036746,42.79275537788709,54.34790005248037
PPO,Swimmer-v5,CODA-O2I,Full $-$ O2I,8256,120.72775349298445,116.8414012113254,3.8863522816590432
PPO,Swimmer-v5,CODA-O2I,Full $-$ O2I,9107,102.70761328451255,114.01288086541777,-11.305267580905223
PPO,Swimmer-v5,CODA-O2I,Full $-$ O2I,9845,124.65687484219573,40.65613270676851,84.00074213542723
PPO,Walker2d-v5,CODA-I2O,Full $-$ I2O,1042,968.5243257439757,732.3967389683163,236.12758677565944
PPO,Walker2d-v5,CODA-I2O,Full $-$ I2O,2854,755.2519118262223,534.86538314017,220.38652868605232
PPO,Walker2d-v5,CODA-I2O,Full $-$ I2O,3910,1254.4977952884942,614.4951588898543,640.0026363986399
PPO,Walker2d-v5,CODA-I2O,Full $-$ I2O,4721,1156.9468629137177,799.2193721378218,357.72749077589594
PPO,Walker2d-v5,CODA-I2O,Full $-$ I2O,5603,623.4648303753141,647.4754657870614,-24.010635411747216
PPO,Walker2d-v5,CODA-I2O,Full $-$ I2O,6198,1230.0567419135584,1210.3842106642965,19.672531249261965
PPO,Walker2d-v5,CODA-I2O,Full $-$ I2O,7433,3415.296634013204,663.1058596700099,2752.190774343194
PPO,Walker2d-v5,CODA-I2O,Full $-$ I2O,8256,717.4784626999301,748.0418719430245,-30.563409243094384
PPO,Walker2d-v5,CODA-I2O,Full $-$ I2O,9107,784.8277479756464,528.979687762866,255.8480602127804
PPO,Walker2d-v5,CODA-I2O,Full $-$ I2O,9845,710.9864411615335,2364.1816483022576,-1653.195207140724
PPO,Walker2d-v5,CODA-O2I,Full $-$ O2I,1042,968.5243257439757,620.587720485305,347.93660525867074
PPO,Walker2d-v5,CODA-O2I,Full $-$ O2I,2854,755.2519118262223,645.4693704292995,109.78254139692285
PPO,Walker2d-v5,CODA-O2I,Full $-$ O2I,3910,1254.4977952884942,622.0407353504418,632.4570599380525
PPO,Walker2d-v5,CODA-O2I,Full $-$ O2I,4721,1156.9468629137177,1944.687853604427,-787.7409906907092
PPO,Walker2d-v5,CODA-O2I,Full $-$ O2I,5603,623.4648303753141,674.5250362671043,-51.06020589179013
PPO,Walker2d-v5,CODA-O2I,Full $-$ O2I,6198,1230.0567419135584,1188.9117250426164,41.14501687094207
PPO,Walker2d-v5,CODA-O2I,Full $-$ O2I,7433,3415.296634013204,1050.8238712801847,2364.4727627330194
PPO,Walker2d-v5,CODA-O2I,Full $-$ O2I,8256,717.4784626999301,700.7792335700575,16.699229129872606
PPO,Walker2d-v5,CODA-O2I,Full $-$ O2I,9107,784.8277479756464,524.1902758690045,260.6374721066419
PPO,Walker2d-v5,CODA-O2I,Full $-$ O2I,9845,710.9864411615335,736.3832620169434,-25.39682085540983
SAC,HalfCheetah-v5,CODA-I2O,Full $-$ I2O,1042,1468.4693676861157,523.6116830886056,944.8576845975101
SAC,HalfCheetah-v5,CODA-I2O,Full $-$ I2O,2854,230.69278814006685,-50.254688396465816,280.9474765365327
SAC,HalfCheetah-v5,CODA-I2O,Full $-$ I2O,3910,1558.4478947053642,2571.6388127214664,-1013.1909180161022
SAC,HalfCheetah-v5,CODA-I2O,Full $-$ I2O,4721,3816.0574083420124,3816.0574083420124,0.0
SAC,HalfCheetah-v5,CODA-I2O,Full $-$ I2O,5603,1234.8325806940577,1123.370950403871,111.4616302901868
SAC,HalfCheetah-v5,CODA-I2O,Full $-$ I2O,6198,1806.8751340007577,1181.8819189991,624.9932150016577
SAC,HalfCheetah-v5,CODA-I2O,Full $-$ I2O,7433,1735.1732019096746,-453.48083848260654,2188.6540403922813
SAC,HalfCheetah-v5,CODA-I2O,Full $-$ I2O,8256,687.692719485081,995.3417130961476,-307.64899361106654
SAC,HalfCheetah-v5,CODA-I2O,Full $-$ I2O,9107,4567.133707444794,1264.0625858748788,3303.071121569915
SAC,HalfCheetah-v5,CODA-I2O,Full $-$ I2O,9845,1700.1080006720251,1092.025638468193,608.0823622038322
SAC,HalfCheetah-v5,CODA-O2I,Full $-$ O2I,1042,1468.4693676861157,-622.7937847785947,2091.2631524647104
SAC,HalfCheetah-v5,CODA-O2I,Full $-$ O2I,2854,230.69278814006685,729.8577624517806,-499.1649743117137
SAC,HalfCheetah-v5,CODA-O2I,Full $-$ O2I,3910,1558.4478947053642,1540.4118985610858,18.035996144278442
SAC,HalfCheetah-v5,CODA-O2I,Full $-$ O2I,4721,3816.0574083420124,1201.011190275571,2615.0462180664417
SAC,HalfCheetah-v5,CODA-O2I,Full $-$ O2I,5603,1234.8325806940577,289.70822983624197,945.1243508578157
SAC,HalfCheetah-v5,CODA-O2I,Full $-$ O2I,6198,1806.8751340007577,104.98260810458706,1701.8925258961706
SAC,HalfCheetah-v5,CODA-O2I,Full $-$ O2I,7433,1735.1732019096746,531.4542001077642,1203.7190018019105
SAC,HalfCheetah-v5,CODA-O2I,Full $-$ O2I,8256,687.692719485081,1431.109401209325,-743.4166817242439
SAC,HalfCheetah-v5,CODA-O2I,Full $-$ O2I,9107,4567.133707444794,1580.2942667690243,2986.8394406757698
SAC,HalfCheetah-v5,CODA-O2I,Full $-$ O2I,9845,1700.1080006720251,1746.7798925846976,-46.671891912672436
SAC,Hopper-v5,CODA-I2O,Full $-$ I2O,1042,363.2913641018224,575.5164575328018,-212.22509343097943
SAC,Hopper-v5,CODA-I2O,Full $-$ I2O,2854,346.76889239521313,61.38789911397478,285.3809932812384
SAC,Hopper-v5,CODA-I2O,Full $-$ I2O,3910,1038.9673996048045,224.15589269223813,814.8115069125664
SAC,Hopper-v5,CODA-I2O,Full $-$ I2O,4721,1249.3806966694044,296.7214713141167,952.6592253552877
SAC,Hopper-v5,CODA-I2O,Full $-$ I2O,5603,402.82995239130827,287.71306856066667,115.1168838306416
SAC,Hopper-v5,CODA-I2O,Full $-$ I2O,6198,1017.0772651083363,411.34994628507,605.7273188232663
SAC,Hopper-v5,CODA-I2O,Full $-$ I2O,7433,2161.9229561973902,552.5762551342516,1609.3467010631387
SAC,Hopper-v5,CODA-I2O,Full $-$ I2O,8256,907.1027710282028,1820.6719144260394,-913.5691433978366
SAC,Hopper-v5,CODA-I2O,Full $-$ I2O,9107,420.30838923637924,399.33887367784564,20.9695155585336
SAC,Hopper-v5,CODA-I2O,Full $-$ I2O,9845,736.9262935011836,466.86710487108417,270.05918863009947
SAC,Hopper-v5,CODA-O2I,Full $-$ O2I,1042,363.2913641018224,397.3688512747963,-34.07748717297392
SAC,Hopper-v5,CODA-O2I,Full $-$ O2I,2854,346.76889239521313,558.5358076731206,-211.76691527790751
SAC,Hopper-v5,CODA-O2I,Full $-$ O2I,3910,1038.9673996048045,653.3563154009383,385.6110842038662
SAC,Hopper-v5,CODA-O2I,Full $-$ O2I,4721,1249.3806966694044,158.19456721911268,1091.1861294502917
SAC,Hopper-v5,CODA-O2I,Full $-$ O2I,5603,402.82995239130827,665.1167852997521,-262.28683290844384
SAC,Hopper-v5,CODA-O2I,Full $-$ O2I,6198,1017.0772651083363,53.26275239228685,963.8145127160494
SAC,Hopper-v5,CODA-O2I,Full $-$ O2I,7433,2161.9229561973902,216.7512437181335,1945.1717124792567
SAC,Hopper-v5,CODA-O2I,Full $-$ O2I,8256,907.1027710282028,4.413973413577239,902.6887976146256
SAC,Hopper-v5,CODA-O2I,Full $-$ O2I,9107,420.30838923637924,105.3882969142265,314.92009232215275
SAC,Hopper-v5,CODA-O2I,Full $-$ O2I,9845,736.9262935011836,472.23384829707703,264.6924452041066
SAC,Swimmer-v5,CODA-I2O,Full $-$ I2O,1042,37.559408436371626,38.89151030336171,-1.3321018669900866
SAC,Swimmer-v5,CODA-I2O,Full $-$ I2O,2854,48.288737369728615,14.102936932427347,34.18580043730127
SAC,Swimmer-v5,CODA-I2O,Full $-$ I2O,3910,43.89495766243449,42.055690141156646,1.839267521277847
SAC,Swimmer-v5,CODA-I2O,Full $-$ I2O,4721,46.57926988910677,34.835852966129835,11.743416922976934
SAC,Swimmer-v5,CODA-I2O,Full $-$ I2O,5603,42.306810300222075,44.95815013137916,-2.651339831157088
SAC,Swimmer-v5,CODA-I2O,Full $-$ I2O,6198,45.277616013973905,37.71728163840507,7.560334375568836
SAC,Swimmer-v5,CODA-I2O,Full $-$ I2O,7433,38.865188719309245,43.753851380694144,-4.888662661384899
SAC,Swimmer-v5,CODA-I2O,Full $-$ I2O,8256,43.47050804431797,42.61671514664638,0.853792897671589
SAC,Swimmer-v5,CODA-I2O,Full $-$ I2O,9107,41.41729693323018,38.82122360236498,2.5960733308652024
SAC,Swimmer-v5,CODA-I2O,Full $-$ I2O,9845,47.726813365230456,44.55009926910293,3.176714096127526
SAC,Swimmer-v5,CODA-O2I,Full $-$ O2I,1042,37.559408436371626,46.883381575476044,-9.323973139104417
SAC,Swimmer-v5,CODA-O2I,Full $-$ O2I,2854,48.288737369728615,41.043111003148695,7.24562636657992
SAC,Swimmer-v5,CODA-O2I,Full $-$ O2I,3910,43.89495766243449,34.88440390325571,9.010553759178784
SAC,Swimmer-v5,CODA-O2I,Full $-$ O2I,4721,46.57926988910677,41.06125961272319,5.518010276383578
SAC,Swimmer-v5,CODA-O2I,Full $-$ O2I,5603,42.306810300222075,41.880428041876776,0.4263822583452992
SAC,Swimmer-v5,CODA-O2I,Full $-$ O2I,6198,45.277616013973905,48.159409113119125,-2.88179309914522
SAC,Swimmer-v5,CODA-O2I,Full $-$ O2I,7433,38.865188719309245,40.917369999452454,-2.052181280143209
SAC,Swimmer-v5,CODA-O2I,Full $-$ O2I,8256,43.47050804431797,43.250239358809985,0.22026868550798184
SAC,Swimmer-v5,CODA-O2I,Full $-$ O2I,9107,41.41729693323018,-25.85679058271597,67.27408751594615
SAC,Swimmer-v5,CODA-O2I,Full $-$ O2I,9845,47.726813365230456,38.97804961675669,8.748763748473763
SAC,Walker2d-v5,CODA-I2O,Full $-$ I2O,1042,149.4048830433951,394.6614577815454,-245.25657473815028
SAC,Walker2d-v5,CODA-I2O,Full $-$ I2O,2854,568.0755910685685,420.4642345747837,147.61135649378485
SAC,Walker2d-v5,CODA-I2O,Full $-$ I2O,3910,362.5285629235568,439.8924203896247,-77.36385746606788
SAC,Walker2d-v5,CODA-I2O,Full $-$ I2O,4721,341.16619469765726,500.11878786525926,-158.952593167602
SAC,Walker2d-v5,CODA-I2O,Full $-$ I2O,5603,448.3100757347792,403.97330719498035,44.33676853979887
SAC,Walker2d-v5,CODA-I2O,Full $-$ I2O,6198,447.7805930935633,246.84589135251122,200.9347017410521
SAC,Walker2d-v5,CODA-I2O,Full $-$ I2O,7433,369.30461177153273,400.2433026210178,-30.938690849485056
SAC,Walker2d-v5,CODA-I2O,Full $-$ I2O,8256,325.772766297528,261.2005654666871,64.57220083084087
SAC,Walker2d-v5,CODA-I2O,Full $-$ I2O,9107,410.3097127762054,809.2285111820883,-398.91879840588285
SAC,Walker2d-v5,CODA-I2O,Full $-$ I2O,9845,455.14875890355097,260.41190034560356,194.73685855794741
SAC,Walker2d-v5,CODA-O2I,Full $-$ O2I,1042,149.4048830433951,1600.7494271133883,-1451.3445440699932
SAC,Walker2d-v5,CODA-O2I,Full $-$ O2I,2854,568.0755910685685,283.70828027017814,284.3673107983904
SAC,Walker2d-v5,CODA-O2I,Full $-$ O2I,3910,362.5285629235568,317.32090044439906,45.20766247915776
SAC,Walker2d-v5,CODA-O2I,Full $-$ O2I,4721,341.16619469765726,674.759037027008,-333.5928423293508
SAC,Walker2d-v5,CODA-O2I,Full $-$ O2I,5603,448.3100757347792,-8.368197655609215,456.6782733903884
SAC,Walker2d-v5,CODA-O2I,Full $-$ O2I,6198,447.7805930935633,-6.8299224254968065,454.61051551906013
SAC,Walker2d-v5,CODA-O2I,Full $-$ O2I,7433,369.30461177153273,244.95003259035283,124.3545791811799
SAC,Walker2d-v5,CODA-O2I,Full $-$ O2I,8256,325.772766297528,446.206869828925,-120.434103531397
SAC,Walker2d-v5,CODA-O2I,Full $-$ O2I,9107,410.3097127762054,142.13204213496599,268.1776706412394
SAC,Walker2d-v5,CODA-O2I,Full $-$ O2I,9845,455.14875890355097,472.9581735621096,-17.809414658558637
