learner,method,environment,n_training_seeds
PPO,CODA,HalfCheetah-v5,10
PPO,CODA,Hopper-v5,10
PPO,CODA,Swimmer-v5,10
PPO,CODA,Walker2d-v5,10
PPO,CODA-I2O,HalfCheetah-v5,10
PPO,CODA-I2O,Hopper-v5,10
PPO,CODA-I2O,Swimmer-v5,10
PPO,CODA-I2O,Walker2d-v5,10
PPO,CODA-O2I,HalfCheetah-v5,10
PPO,CODA-O2I,Hopper-v5,10
PPO,CODA-O2I,Swimmer-v5,10
PPO,CODA-O2I,Walker2d-v5,10
SAC,CODA,HalfCheetah-v5,10
SAC,CODA,Hopper-v5,10
SAC,CODA,Swimmer-v5,10
SAC,CODA,Walker2d-v5,10
SAC,CODA-I2O,HalfCheetah-v5,10
SAC,CODA-I2O,Hopper-v5,10
SAC,CODA-I2O,Swimmer-v5,10
SAC,CODA-I2O,Walker2d-v5,10
SAC,CODA-O2I,HalfCheetah-v5,10
SAC,CODA-O2I,Hopper-v5,10
SAC,CODA-O2I,Swimmer-v5,10
SAC,CODA-O2I,Walker2d-v5,10
