learner,environment,variant,contrast,n_matched_seeds,median_difference,bootstrap_95_lo,bootstrap_95_hi,wins,ties,losses,W_T_L,wilcoxon_W,wilcoxon_method,p_raw,r_rb,p_Holm,significant_Holm
PPO,HalfCheetah-v5,CODA-I2O,Full $-$ I2O,10,271.0948329279553,-129.04527382664628,979.7012237729376,6,0,4,6/0/4,13.0,exact_after_zero_removal,0.16015625,0.5272727272727272,1.0,False
PPO,HalfCheetah-v5,CODA-O2I,Full $-$ O2I,10,13.38822734332598,-134.7368482749073,467.78591473572004,5,0,5,5/0/5,19.0,exact_after_zero_removal,0.431640625,0.3090909090909091,1.0,False
PPO,Hopper-v5,CODA-I2O,Full $-$ I2O,10,280.42612982777223,-151.22761379138228,658.4851815993611,7,0,3,7/0/3,13.0,exact_after_zero_removal,0.16015625,0.5272727272727272,1.0,False
PPO,Hopper-v5,CODA-O2I,Full $-$ O2I,10,553.6912186180264,-76.0978104500241,2160.999926638433,7,0,3,7/0/3,8.0,exact_after_zero_removal,0.048828125,0.7090909090909091,0.732421875,False
PPO,Swimmer-v5,CODA-I2O,Full $-$ I2O,10,2.682045772361157,-4.672921322379423,52.02355032979193,7,0,3,7/0/3,15.0,exact_after_zero_removal,0.232421875,0.45454545454545453,1.0,False
PPO,Swimmer-v5,CODA-O2I,Full $-$ O2I,10,2.027307718959463,-3.77934121325217,41.606337113133556,6,0,4,6/0/4,16.0,exact_after_zero_removal,0.275390625,0.41818181818181815,1.0,False
PPO,Walker2d-v5,CODA-I2O,Full $-$ I2O,10,228.25705773085588,-24.010635411747216,447.92534830571014,7,0,3,7/0/3,14.0,exact_after_zero_removal,0.193359375,0.4909090909090909,1.0,False
PPO,Walker2d-v5,CODA-O2I,Full $-$ O2I,10,75.46377913393246,-25.39682085540983,446.5472660223472,7,0,3,7/0/3,15.0,exact_after_zero_removal,0.232421875,0.45454545454545453,1.0,False
SAC,HalfCheetah-v5,CODA-I2O,Full $-$ I2O,10,444.51491937018244,-98.09368166043987,1406.8236276969697,7,1,2,7/1/2,10.0,exact_after_zero_removal,0.1640625,0.5555555555555556,1.0,False
SAC,HalfCheetah-v5,CODA-O2I,Full $-$ O2I,10,1074.4216763298632,-240.56448908371763,2158.4693719813063,7,0,3,7/0/3,9.0,exact_after_zero_removal,0.064453125,0.6727272727272727,0.90234375,False
SAC,Hopper-v5,CODA-I2O,Full $-$ I2O,10,277.7200909556689,-48.554104800168915,814.8115069125664,8,0,2,8/0/2,11.0,exact_after_zero_removal,0.10546875,0.6,1.0,False
SAC,Hopper-v5,CODA-O2I,Full $-$ O2I,10,350.2655882630095,-34.07748717297392,996.9374635324587,7,0,3,7/0/3,6.0,exact_after_zero_removal,0.02734375,0.7818181818181819,0.4375,False
SAC,Swimmer-v5,CODA-I2O,Full $-$ I2O,10,2.2176704260715248,-1.3321018669900866,7.560334375568836,7,0,3,7/0/3,14.0,exact_after_zero_removal,0.193359375,0.4909090909090909,1.0,False
SAC,Swimmer-v5,CODA-O2I,Full $-$ O2I,10,2.9721962673644384,-2.052181280143209,8.748763748473763,7,0,3,7/0/3,16.0,exact_after_zero_removal,0.275390625,0.41818181818181815,1.0,False
SAC,Walker2d-v5,CODA-I2O,Full $-$ I2O,10,6.699038845156906,-161.31021610210908,147.61135649378485,5,0,5,5/0/5,25.0,exact_after_zero_removal,0.845703125,-0.09090909090909091,1.0,False
SAC,Walker2d-v5,CODA-O2I,Full $-$ O2I,10,84.78112083016883,-175.7011284939547,289.48254735012,6,0,4,6/0/4,21.0,exact_after_zero_removal,0.556640625,0.23636363636363636,1.0,False
