learner,environment,method,n_training_seeds
PPO,HalfCheetah-v5,ASHA,10
PPO,HalfCheetah-v5,CODA,10
PPO,HalfCheetah-v5,PB2,10
PPO,HalfCheetah-v5,PBT,10
PPO,Hopper-v5,ASHA,10
PPO,Hopper-v5,CODA,10
PPO,Hopper-v5,PB2,10
PPO,Hopper-v5,PBT,10
PPO,Swimmer-v5,ASHA,10
PPO,Swimmer-v5,CODA,10
PPO,Swimmer-v5,PB2,10
PPO,Swimmer-v5,PBT,10
PPO,Walker2d-v5,ASHA,10
PPO,Walker2d-v5,CODA,10
PPO,Walker2d-v5,PB2,10
PPO,Walker2d-v5,PBT,10
SAC,HalfCheetah-v5,ASHA,10
SAC,HalfCheetah-v5,CODA,10
SAC,HalfCheetah-v5,PB2,10
SAC,HalfCheetah-v5,PBT,10
SAC,Hopper-v5,ASHA,10
SAC,Hopper-v5,CODA,10
SAC,Hopper-v5,PB2,10
SAC,Hopper-v5,PBT,10
SAC,Swimmer-v5,ASHA,10
SAC,Swimmer-v5,CODA,10
SAC,Swimmer-v5,PB2,10
SAC,Swimmer-v5,PBT,10
SAC,Walker2d-v5,ASHA,10
SAC,Walker2d-v5,CODA,10
SAC,Walker2d-v5,PB2,10
SAC,Walker2d-v5,PBT,10
