learner,environment,training_seed,n_reconstructed_events,n_guided_events,o2i_active_rate,no_excess_rate,threshold_blocked_rate,warmup_blocked_rate,other_zero_rate,active_magnitude_median,active_magnitude_q1,active_magnitude_q3,guided_u_raw_median,guided_u_thresholded_median,guided_warmup_median,max_actuator_consistency_error,i2o_n_reports,i2o_n_valid,i2o_valid_rate,i2o_state_median,i2o_state_q1,i2o_state_q3,i2o_state_iqr,i2o_exact_saturation_rate,i2o_near_saturation_rate
PPO,HalfCheetah-v5,1042,17,17,0.8235294117647058,0.11764705882352941,0.0,0.058823529411764705,0.0,0.9432950901888563,0.8226165945587351,0.999975340219995,0.9999784131314784,0.9999760145905316,1.0,2.375877272697835e-14,144,144,1.0,0.7321031208325014,0.590570636053118,0.84161292226639,0.25104228621327196,0.09722222222222222,0.1388888888888889
PPO,HalfCheetah-v5,2854,17,17,0.9411764705882353,0.0,0.0,0.058823529411764705,0.0,0.9999857275443254,0.5989518357573006,0.9999865727273167,0.9999878779602508,0.9999865310669452,1.0,2.3425705819590803e-14,155,155,1.0,0.8082146494480985,0.5929002036169795,0.8957895206554145,0.302889317038435,0.0064516129032258064,0.11612903225806452
PPO,HalfCheetah-v5,3910,25,25,0.84,0.12,0.0,0.04,0.0,0.9999827457567904,0.8124873383066052,0.9999870902266106,0.9999846436176714,0.9999829373529682,1.0,2.4424906541753444e-14,150,150,1.0,0.8021195775160483,0.548901125253599,0.9502071283876459,0.40130600313404685,0.08,0.25333333333333335
PPO,HalfCheetah-v5,4721,15,15,0.9333333333333333,0.0,0.0,0.06666666666666667,0.0,0.9999878939117501,0.5885346129366956,0.9999883090232125,0.9999892234661742,0.999988026073527,1.0,2.375877272697835e-14,123,123,1.0,0.669112835690177,0.4788092930673288,0.8154934219694324,0.33668412890210364,0.08130081300813008,0.0975609756097561
PPO,HalfCheetah-v5,5603,23,23,0.9130434782608695,0.0,0.043478260869565216,0.043478260869565216,0.0,0.9999972489998916,0.5416666448860098,0.9999993792180032,0.9999992275143746,0.9999991416826384,1.0,2.3925306180672123e-14,145,145,1.0,0.6109026202215495,0.4965036491957433,0.7222751247869039,0.22577147559116062,0.0,0.041379310344827586
PPO,HalfCheetah-v5,6198,20,20,0.8,0.1,0.0,0.1,0.0,0.9999864519148548,0.5468689033538615,0.9999884355213783,0.9999896295521663,0.9999884772801848,1.0,2.3314683517128287e-14,143,143,1.0,0.7044078243915337,0.559863776345388,0.8425863417493453,0.28272256540395735,0.02097902097902098,0.11888111888111888
PPO,HalfCheetah-v5,7433,15,15,0.8666666666666667,0.0,0.0,0.13333333333333333,0.0,0.9999880935282388,0.8749896577183276,0.9999881641849444,0.99998934776645,0.9999881641849444,1.0,2.4646951146678475e-14,144,144,1.0,0.6794639210791782,0.5345259217836078,0.8126353887211549,0.2781094669375471,0.027777777777777776,0.09027777777777778
PPO,HalfCheetah-v5,8256,17,17,0.9411764705882353,0.0,0.0,0.058823529411764705,0.0,0.9999863139954417,0.9999811827498284,0.999988683648991,0.9999890497477184,0.9999878330530204,1.0,2.3203661214665772e-14,148,148,1.0,0.7307092762660332,0.5318069359229488,0.8772090508970142,0.34540211497406537,0.006756756756756757,0.10135135135135136
PPO,HalfCheetah-v5,9107,25,25,0.92,0.0,0.0,0.08,0.0,0.9583222518558216,0.6562414769121275,0.9999871339281907,0.9999883897037244,0.999987099670805,0.9583333333333334,2.3092638912203256e-14,139,139,1.0,0.421875578125,0.20570299356747174,0.9766781798861038,0.770975186318632,0.20863309352517986,0.2733812949640288
PPO,HalfCheetah-v5,9845,12,12,1.0,0.0,0.0,0.0,0.0,0.9999869680367333,0.7447825952062692,0.9999871651213865,0.9999886539965936,0.9999873933295484,1.0,2.3425705819590803e-14,125,125,1.0,0.7668713415484485,0.5608645025785248,0.962048936235044,0.4011844336565191,0.104,0.272
PPO,Hopper-v5,1042,14,14,0.9285714285714286,0.0,0.0,0.07142857142857142,0.0,0.9999859658421574,0.4791575662963765,0.999986626865624,0.9999879758590005,0.9999866398433338,0.9583333333333333,2.398081733190338e-14,138,138,1.0,0.9214916469929426,0.7586457715118498,0.9916896017830283,0.2330438302711786,0.057971014492753624,0.43478260869565216
PPO,Hopper-v5,2854,21,21,1.0,0.0,0.0,0.0,0.0,0.9999841355341876,0.8124902567333178,0.9999874763616275,0.99998900554591,0.9999877839399,1.0,2.1649348980190553e-14,150,150,1.0,0.8371220519596854,0.7134336862300412,0.9238379231454776,0.21040423691543642,0.03333333333333333,0.12666666666666668
PPO,Hopper-v5,3910,19,19,0.9473684210526315,0.0,0.0,0.05263157894736842,0.0,0.9999871492950332,0.7604070522423058,0.9999873961244762,0.9999886793327436,0.9999874214808262,1.0,1.965094753586527e-14,140,140,1.0,0.8164814704538099,0.6966472161217823,0.9089244837009782,0.21227726757919596,0.02857142857142857,0.1357142857142857
PPO,Hopper-v5,4721,19,19,0.9473684210526315,0.05263157894736842,0.0,0.0,0.0,0.9270710246714876,0.58994532178931,0.9999845739721165,0.999987964353294,0.9999866270592156,1.0,2.1094237467877974e-14,138,138,1.0,0.9061351557941295,0.7321808184223934,0.9699344564494832,0.23775363802708982,0.06521739130434782,0.36231884057971014
PPO,Hopper-v5,5603,26,26,0.9615384615384616,0.0,0.0,0.038461538461538464,0.0,0.9999858227542736,0.8541559115755967,0.9999876357121444,0.9999888097858579,0.999987566428731,1.0,2.4591439995447217e-14,147,147,1.0,0.7945668282280843,0.654717199931619,0.9195374100659752,0.2648202101343562,0.02040816326530612,0.16326530612244897
PPO,Hopper-v5,6198,17,17,0.8823529411764706,0.0,0.0,0.11764705882352941,0.0,0.999987535057396,0.7395745888339085,0.9999879084049117,0.9999891421611478,0.9999879357346086,1.0,2.098321516541546e-14,139,139,1.0,0.8491165954362607,0.6909925935283703,0.9722476360740946,0.2812550425457243,0.07194244604316546,0.26618705035971224
PPO,Hopper-v5,7433,21,21,0.9047619047619048,0.0,0.0,0.09523809523809523,0.0,0.9999871052332542,0.9583225213948181,0.9999891714658944,0.9999891047345384,0.9999878941494872,1.0,2.5091040356528538e-14,134,134,1.0,0.8440952408934659,0.73674279284276,0.9087277095587086,0.17198491671594862,0.09701492537313433,0.14925373134328357
PPO,Hopper-v5,8256,18,18,0.9444444444444444,0.0,0.0,0.05555555555555555,0.0,0.9999879400323674,0.4267378605952759,0.9999881771263948,0.9999893744950874,0.9999881938834305,1.0,2.4091839634365897e-14,148,148,1.0,0.9259445825754067,0.7451199672622452,0.9814826732504738,0.23636270598822862,0.0,0.44594594594594594
PPO,Hopper-v5,9107,19,19,0.9473684210526315,0.05263157894736842,0.0,0.0,0.0,0.999985331604318,0.864573692568788,0.9999861182128371,0.9999877372926316,0.9999863747695908,1.0,2.220446049250313e-14,146,146,1.0,0.8783424461426135,0.7249385728625256,1.0,0.2750614271374744,0.2945205479452055,0.3767123287671233
PPO,Hopper-v5,9845,14,14,0.8571428571428571,0.14285714285714285,0.0,0.0,0.0,0.9972487569444333,0.7135338410316572,0.9999878267051386,0.9999890196067224,0.9999877995630249,1.0,2.2648549702353193e-14,135,135,1.0,0.8717661226589831,0.6284907917792222,0.9633683478004296,0.3348775560212074,0.2222222222222222,0.2740740740740741
PPO,Swimmer-v5,1042,16,16,0.8125,0.0625,0.0,0.125,0.0,0.999986211416633,0.6670991799336778,0.9999868261656676,0.9999886689072841,0.9999874098969823,1.0,2.4424906541753444e-14,129,129,1.0,0.7388856260715785,0.6418053082503669,0.8558546900719464,0.2140493818215795,0.03875968992248062,0.13953488372093023
PPO,Swimmer-v5,2854,21,21,0.9047619047619048,0.0,0.0,0.09523809523809523,0.0,0.9999868439069892,0.5833269176846927,0.9999879416292581,0.9999892366564896,0.9999880407294328,1.0,2.2599977445025843e-14,142,142,1.0,0.6807201381948641,0.5768624581042047,0.7931348812947936,0.21627242319058892,0.0,0.07042253521126761
PPO,Swimmer-v5,3910,22,22,0.8181818181818182,0.0,0.045454545454545456,0.13636363636363635,0.0,0.9999872711099932,0.6041606195118232,0.9999877520067485,0.9999891537152428,0.999987948572492,0.9375,2.4397150966137815e-14,143,143,1.0,0.8104021361376407,0.657416715115515,0.9039856578875062,0.24656894277199115,0.04895104895104895,0.16783216783216784
PPO,Swimmer-v5,4721,17,17,0.8235294117647058,0.058823529411764705,0.0,0.11764705882352941,0.0,0.9685382647369001,0.6145735235521532,0.9999865812988062,0.9999856752618138,0.9999840836242376,1.0,2.4868995751603507e-14,141,141,1.0,0.7076703716078945,0.6153795699619447,0.9081107137914372,0.2927311438294925,0.07092198581560284,0.11347517730496454
PPO,Swimmer-v5,5603,21,21,0.8571428571428571,0.0,0.0,0.14285714285714285,0.0,0.9999835686256426,0.6718652765312605,0.9999841083881017,0.9999855212055536,0.9999839124506152,1.0,2.3314683517128287e-14,148,148,1.0,0.7268089712583403,0.6250383929324304,0.8034648742125614,0.17842648128013106,0.0,0.0472972972972973
PPO,Swimmer-v5,6198,16,16,0.9375,0.0,0.0,0.0625,0.0,0.9999841558362852,0.6145748230827236,0.9999858514778435,0.9999870891437295,0.999985654604144,1.0,1.9761969838327786e-14,139,139,1.0,0.8144498246394078,0.7169379525990971,0.9180251051366213,0.20108715253752418,0.050359712230215826,0.15827338129496402
PPO,Swimmer-v5,7433,22,22,0.9545454545454546,0.0,0.0,0.045454545454545456,0.0,0.99999259547073,0.5833328380818099,0.999998148539806,0.9999982563450144,0.9999980626055713,1.0,2.4896751327219135e-14,148,148,1.0,0.8835705209201858,0.7050519782054987,0.9825183308198092,0.2774663526143105,0.10135135135135136,0.34459459459459457
PPO,Swimmer-v5,8256,19,19,0.9473684210526315,0.0,0.0,0.05263157894736842,0.0,0.9999864777202361,0.47395451515356146,0.9999871347604197,0.9999883134793082,0.999987014977009,1.0,2.3203661214665772e-14,150,150,1.0,0.8460324758887302,0.6535669503611644,0.9125297625736696,0.25896281221250517,0.0,0.04
PPO,Swimmer-v5,9107,17,17,0.8823529411764706,0.058823529411764705,0.0,0.058823529411764705,0.0,0.9493175503926335,0.5937442941270017,0.9961215831204684,0.9951874072463082,0.99465267471812,1.0,2.1538326677728037e-14,132,132,1.0,0.8583463136913788,0.7169268123693855,0.9842000148463064,0.2672732024769209,0.15151515151515152,0.30303030303030304
PPO,Swimmer-v5,9845,21,21,0.9523809523809523,0.0,0.0,0.047619047619047616,0.0,0.9999850815171524,0.5097431832532192,0.9999851703719114,0.9999865680303032,0.999985075589226,1.0,2.3314683517128287e-14,131,131,1.0,0.8663792236988346,0.7001697814565733,0.9981064020347221,0.29793662057814885,0.24427480916030533,0.32061068702290074
PPO,Walker2d-v5,1042,20,20,0.9,0.1,0.0,0.0,0.0,0.996565927534586,0.6746371307548773,0.9998287012722246,0.999705391947166,0.9996726577190733,1.0,2.220446049250313e-14,137,137,1.0,0.6042103349187742,0.5654567766072216,0.8015414560174503,0.2360846794102287,0.08759124087591241,0.16058394160583941
PPO,Walker2d-v5,2854,22,22,0.9545454545454546,0.0,0.0,0.045454545454545456,0.0,0.999537433953386,0.7708242705071967,0.9999875622985108,0.999988794162489,0.999987549069432,1.0,2.430694534538702e-14,142,142,1.0,0.7439249554492988,0.5259246156990799,0.9696731700838296,0.4437485543847497,0.035211267605633804,0.29577464788732394
PPO,Walker2d-v5,3910,20,20,0.9,0.0,0.0,0.1,0.0,0.9895698401944897,0.6145746769598603,0.9999876473420918,0.9999879386088277,0.9999865984542531,0.9270833333333333,1.9872992140790302e-14,124,124,1.0,0.593090649682865,0.43985752587521193,0.7789840922572299,0.33912656638201794,0.016129032258064516,0.07258064516129033
PPO,Walker2d-v5,4721,25,25,0.88,0.08,0.0,0.04,0.0,0.9999866414803398,0.6093675968117863,0.9999870760044671,0.999988360554561,0.9999870672828456,1.0,2.4424906541753444e-14,149,149,1.0,0.6322435177928287,0.5319133709194013,0.7890428303342187,0.25712945941481746,0.020134228187919462,0.087248322147651
PPO,Walker2d-v5,5603,24,24,0.875,0.041666666666666664,0.0,0.08333333333333333,0.0,0.9999851532165792,0.6249917754760747,0.9999853861049854,0.9999872841909162,0.9999858713232402,1.0,2.4646951146678475e-14,145,145,1.0,0.7258442606073646,0.6122505217788664,0.9070100813288984,0.29475955955003197,0.034482758620689655,0.16551724137931034
PPO,Walker2d-v5,6198,22,22,0.9090909090909091,0.0,0.0,0.09090909090909091,0.0,0.9434063519388007,0.5211841482044072,0.9999837546455582,0.9932987190060597,0.9925541322289552,1.0,2.3619994848900205e-14,135,135,1.0,0.9182880359599292,0.7269560583321713,0.9946703447218335,0.2677142863896622,0.17777777777777778,0.4222222222222222
PPO,Walker2d-v5,7433,24,24,0.875,0.041666666666666664,0.0,0.08333333333333333,0.0,0.9999860170990592,0.7083230925733577,0.9999872792628408,0.9999871193462627,0.9999856881625142,1.0,2.3425705819590803e-14,146,146,1.0,0.7682243115773483,0.6343231957005842,0.9100113123209272,0.2756881166203431,0.02054794520547945,0.14383561643835616
PPO,Walker2d-v5,8256,21,21,0.9047619047619048,0.0,0.0,0.09523809523809523,0.0,0.9999798431403184,0.5416597436959306,0.9999865551889163,0.9999882152672448,0.999986905852494,0.9375,2.170486013142181e-14,141,141,1.0,0.7532103810150873,0.581809470348535,0.7992932198518303,0.2174837495032953,0.0,0.05673758865248227
PPO,Walker2d-v5,9107,18,18,0.8333333333333334,0.05555555555555555,0.0,0.1111111111111111,0.0,0.999985502599166,0.9166526116382963,0.999985984924296,0.9999873864318665,0.999985984924296,1.0,2.4868995751603507e-14,134,134,1.0,0.6757877340567762,0.48063934971166455,0.9953500439343912,0.5147106942227266,0.23880597014925373,0.31343283582089554
PPO,Walker2d-v5,9845,18,18,0.9444444444444444,0.0,0.0,0.05555555555555555,0.0,0.9986742863860438,0.4583267765274199,0.999982488090893,0.9999831427947778,0.9999812697719752,1.0,2.4202861936828413e-14,125,125,1.0,0.7916949175115047,0.5828946014858959,0.987115538638932,0.4042209371530361,0.112,0.344
SAC,HalfCheetah-v5,1042,15,15,0.8666666666666667,0.0,0.0,0.13333333333333333,0.0,0.6874920115849799,0.2291637153406582,0.8541544453388312,0.9999871228935978,0.9999856921039976,0.6041666666666666,6.661338147750939e-16,79,79,1.0,0.9597931278323188,0.9258670548403403,0.9880343291703655,0.062167274330025224,0.0379746835443038,0.5569620253164557
SAC,HalfCheetah-v5,2854,12,12,0.8333333333333334,0.0,0.0,0.16666666666666666,0.0,0.9166492976756793,0.36978699340905774,0.9999841577992884,0.9999857561672933,0.9999841735192148,0.8333333333333333,7.771561172376096e-16,79,79,1.0,0.9576165572628578,0.916322469214736,0.9930746606265991,0.07675219141186307,0.05063291139240506,0.569620253164557
SAC,HalfCheetah-v5,3910,12,12,0.9166666666666666,0.0,0.0,0.08333333333333333,0.0,0.582714753479633,0.2829421043323252,0.7745325292664034,0.9384068360645661,0.9315631511828513,0.5625,6.661338147750939e-16,74,74,1.0,0.9718498974798956,0.9279470149497956,0.9934822896632545,0.06553527471345888,0.013513513513513514,0.6486486486486487
SAC,HalfCheetah-v5,4721,11,11,0.9090909090909091,0.0,0.0,0.09090909090909091,0.0,0.6249914872736166,0.3227329652093253,0.8797842866270235,0.9999877856427204,0.9999864284919115,0.5833333333333334,7.771561172376096e-16,76,76,1.0,0.9762029416770976,0.9340901922576226,0.994480495052201,0.060390302794578465,0.06578947368421052,0.6710526315789473
SAC,HalfCheetah-v5,5603,9,9,0.8888888888888888,0.0,0.0,0.1111111111111111,0.0,0.44791044675413905,0.24999702550275354,0.6458230675663498,0.9999858914540536,0.9999843238378372,0.3541666666666667,7.771561172376096e-16,74,74,1.0,0.963013603209919,0.9266244012839607,0.9908718013497632,0.06424740006580243,0.013513513513513514,0.581081081081081
SAC,HalfCheetah-v5,6198,16,16,0.8125,0.0,0.0,0.1875,0.0,0.3749979953516759,0.2083299781329416,0.8333216454829854,0.9999876954024838,0.999986328224982,0.47916666666666663,7.771561172376096e-16,74,74,1.0,0.9703069988982274,0.9295088743051684,0.9929753671756208,0.06346649287045247,0.05405405405405406,0.6486486486486487
SAC,HalfCheetah-v5,7433,11,11,0.7272727272727273,0.0,0.0,0.2727272727272727,0.0,0.7708239871751987,0.45394460838003114,0.9999856813291916,0.9999869117691076,0.9999854575212308,0.5208333333333334,8.881784197001252e-16,78,78,1.0,0.965363294413467,0.9411971441329602,0.98648001925362,0.04528287512065987,0.05128205128205128,0.6666666666666666
SAC,HalfCheetah-v5,8256,17,17,0.8235294117647058,0.11764705882352941,0.0,0.058823529411764705,0.0,0.5985455440330276,0.3148329914355777,0.8749902269963102,0.9999887925074415,0.9999875472304908,0.4791666666666667,7.771561172376096e-16,78,78,1.0,0.9465241828184285,0.907603710064153,0.982695118717632,0.07509140865347907,0.05128205128205128,0.48717948717948717
SAC,HalfCheetah-v5,9107,12,12,0.9166666666666666,0.0,0.0,0.08333333333333333,0.0,0.5624911757616383,0.35416103554990286,0.7812395724996704,0.9999889332215527,0.9999877035795031,0.5208333333333334,7.771561172376096e-16,73,73,1.0,0.9593304884028911,0.9263884537129312,0.987657126178364,0.06126867246543277,0.0273972602739726,0.5753424657534246
SAC,HalfCheetah-v5,9845,14,14,0.8571428571428571,0.0,0.0,0.14285714285714285,0.0,0.624991998131438,0.35416231390732655,0.7864502569839387,0.9999895059872196,0.9999883399857996,0.5416666666666667,7.771561172376096e-16,74,74,1.0,0.9712184806753457,0.9353303611734788,0.990956104082412,0.055625742908933185,0.08108108108108109,0.6621621621621622
SAC,Hopper-v5,1042,10,10,0.8,0.0,0.0,0.2,0.0,0.4062422543084018,0.24478868061672607,0.5937418763769009,0.9999879904468985,0.9999866560521093,0.30208333333333337,7.771561172376096e-16,73,73,1.0,0.9285743459564436,0.8369246876545298,0.9913906087682828,0.154465921113753,0.0958904109589041,0.4246575342465753
SAC,Hopper-v5,2854,12,12,0.75,0.0,0.08333333333333333,0.16666666666666666,0.0,0.4791631124440936,0.3124999213563721,0.645832990620434,0.9999994736623604,0.9999994151804006,0.35416666666666663,9.992007221626409e-16,76,76,1.0,0.9619230199941213,0.898967663805396,0.9950188743525193,0.0960512105471234,0.06578947368421052,0.5526315789473685
SAC,Hopper-v5,3910,12,12,0.8333333333333334,0.0,0.0,0.16666666666666666,0.0,0.21904143758215366,0.1255952664843505,0.7604068263880855,0.9999882160885203,0.9999869067650224,0.36458333333333337,8.881784197001252e-16,75,75,1.0,0.9525820879763264,0.8741235907600609,0.9956144529859265,0.12149086222586569,0.013333333333333334,0.5066666666666667
SAC,Hopper-v5,4721,13,13,0.9230769230769231,0.0,0.0,0.07692307692307693,0.0,0.5624928781635155,0.3697864946909907,0.8385303115026543,0.999988501126057,0.9999872234733966,0.5208333333333334,9.992007221626409e-16,77,77,1.0,0.9755664806840688,0.927151070600708,0.992462542429986,0.06531147182927799,0.11688311688311688,0.6233766233766234
SAC,Hopper-v5,5603,11,11,0.9090909090909091,0.0,0.0,0.09090909090909091,0.0,0.46874300494085075,0.2553522069336427,0.7656118584849595,0.999985003113778,0.9999833367930866,0.3333333333333333,8.881784197001252e-16,77,77,1.0,0.9750349663702608,0.904618547002593,0.9976623866181138,0.09304383961552076,0.05194805194805195,0.5584415584415584
SAC,Hopper-v5,6198,13,13,0.8461538461538461,0.0,0.0,0.15384615384615385,0.0,0.4166610885398967,0.23958009505064193,0.6874910079075227,0.9999879498469816,0.9999866109410904,0.3125,5.551115123125783e-16,73,73,1.0,0.966779797863268,0.912769984936182,0.9930461253312196,0.08027614039503761,0.0958904109589041,0.6438356164383562
SAC,Hopper-v5,7433,9,9,0.7777777777777778,0.0,0.0,0.2222222222222222,0.0,0.9374886346781188,0.6666579540568659,0.9791544713242846,0.9999883944528428,0.999987104947603,0.8541666666666666,9.992007221626409e-16,76,76,1.0,0.9569920450197549,0.8823048463644146,0.9969985492117561,0.11469370284734148,0.06578947368421052,0.5394736842105263
SAC,Hopper-v5,8256,13,13,0.6923076923076923,0.0,0.0,0.3076923076923077,0.0,0.479160197603613,0.2177309788206545,0.7083249188654606,0.9996810771010884,0.9996456412234316,0.3333333333333333,7.771561172376096e-16,75,75,1.0,0.9406847663918948,0.8638797630300004,0.9906746183963988,0.12679485536639845,0.04,0.48
SAC,Hopper-v5,9107,12,12,0.75,0.0,0.0,0.25,0.0,0.666666642827741,0.3958333192961815,0.7499988852698762,0.9999999579637546,0.9999999532930607,0.4375,7.771561172376096e-16,75,75,1.0,0.963467889802565,0.8826222799294965,0.9907082648681196,0.10808598493862309,0.04,0.56
SAC,Hopper-v5,9845,15,15,0.7333333333333333,0.0,0.0,0.26666666666666666,0.0,0.458324192951568,0.24455368092477345,0.6874903598198542,0.999987213717154,0.99998579301906,0.3333333333333333,9.992007221626409e-16,75,75,1.0,0.94761280727601,0.8963087166680253,0.9949880465134637,0.09867932984543848,0.05333333333333334,0.49333333333333335
SAC,Swimmer-v5,1042,14,14,0.8571428571428571,0.0,0.0,0.14285714285714285,0.0,0.5967034978968757,0.4687445954939917,0.8013063997015448,0.9999890822951077,0.9999878692167864,0.59375,7.771561172376096e-16,80,80,1.0,0.995525265400286,0.9684671176328126,0.9998041739801894,0.031337056347376824,0.0375,0.8375
SAC,Swimmer-v5,2854,15,15,0.7333333333333333,0.0,0.06666666666666667,0.2,0.0,0.6874997550047506,0.37499713993741157,0.9062496229555397,0.9999996684516648,0.999999631612961,0.5416666666666666,6.661338147750939e-16,76,76,1.0,0.9888139579990093,0.9423773404955818,0.9998819278997076,0.057504587404125895,0.02631578947368421,0.7236842105263158
SAC,Swimmer-v5,3910,12,12,0.8333333333333334,0.0,0.08333333333333333,0.08333333333333333,0.0,0.4260416925131303,0.2515394921150153,0.7224383490475182,0.8728153302422377,0.858683700269153,0.41666666666666663,5.551115123125783e-16,77,77,1.0,0.9925257078658584,0.9687508092254856,0.9997023166110672,0.03095150738558161,0.012987012987012988,0.8181818181818182
SAC,Swimmer-v5,4721,13,13,0.8461538461538461,0.0,0.0,0.15384615384615385,0.0,0.6874946961818098,0.4895723475825039,0.8954670552600643,0.9999713174284766,0.999968130476085,0.6666666666666666,6.661338147750939e-16,77,77,1.0,0.9904213735144936,0.9559991288154754,0.9995248044033496,0.043525675587874124,0.05194805194805195,0.8051948051948052
SAC,Swimmer-v5,5603,11,11,0.9090909090909091,0.0,0.0,0.09090909090909091,0.0,0.46193254251412796,0.3346227529948743,0.6811835087129535,0.9994101131220912,0.9993445701356568,0.5208333333333334,6.661338147750939e-16,77,77,1.0,0.991783314160874,0.9662591299031318,0.9994567875051,0.033197657601968245,0.012987012987012988,0.8181818181818182
SAC,Swimmer-v5,6198,17,17,0.7647058823529411,0.0,0.0,0.23529411764705882,0.0,0.6041593292579319,0.2708300486861381,0.8958220019722037,0.9999890697911265,0.9999878553234736,0.4166666666666667,6.661338147750939e-16,81,81,1.0,0.9918293389207689,0.9725985414406904,0.99878535703162,0.026186815590929613,0.037037037037037035,0.8024691358024691
SAC,Swimmer-v5,7433,15,15,0.8666666666666667,0.06666666666666667,0.0,0.06666666666666667,0.0,0.6458256513101461,0.4583279828151702,0.8958227018938208,0.9999892947289778,0.9999881052544196,0.5625,6.661338147750939e-16,79,79,1.0,0.9940476595215936,0.9759591111854855,0.999633820581296,0.02367470939581051,0.0759493670886076,0.8607594936708861
SAC,Swimmer-v5,8256,15,15,0.8,0.0,0.0,0.2,0.0,0.6745770998060063,0.3623422388345958,0.9320409692849517,0.9795739599927448,0.9773043999919384,0.5208333333333334,6.661338147750939e-16,81,81,1.0,0.9920449602808872,0.9529574605984434,0.99931949149529,0.04636203089684654,0.024691358024691357,0.7654320987654321
SAC,Swimmer-v5,9107,15,15,0.7333333333333333,0.0,0.0,0.26666666666666666,0.0,0.4583244493339943,0.27083002058776684,0.7499900517583058,0.9999885061543584,0.9999872290603982,0.2916666666666667,4.440892098500626e-16,74,74,1.0,0.994716740439886,0.9722926494642016,0.9997131868091361,0.027420537344934548,0.02702702702702703,0.8243243243243243
SAC,Swimmer-v5,9845,10,10,0.8,0.0,0.0,0.2,0.0,0.4197446594125787,0.24680564925042472,0.7187422480683812,0.998870592373612,0.9987451026373466,0.34375,6.661338147750939e-16,73,73,1.0,0.99020623728573,0.9577184222962484,0.998995505395392,0.041277083099143574,0.0547945205479452,0.7808219178082192
SAC,Walker2d-v5,1042,8,8,0.625,0.0,0.125,0.25,0.0,0.5833263933582876,0.4374950049839843,0.6874918720748009,0.9999893262084707,0.9999881402316342,0.22916666666666666,7.771561172376096e-16,75,75,1.0,0.9452049595963292,0.8672654297944498,0.989816034557864,0.12255060476341428,0.12,0.49333333333333335
SAC,Walker2d-v5,2854,12,12,0.6666666666666666,0.16666666666666666,0.0,0.16666666666666666,0.0,0.6979130523048048,0.5572867549959158,0.8749999829977964,0.9999973567510922,0.9999970630567692,0.5520833333333334,7.771561172376096e-16,83,83,1.0,0.8458512900935911,0.7403667272137404,0.9280889754006455,0.18772224818690508,0.04819277108433735,0.24096385542168675
SAC,Walker2d-v5,3910,13,13,0.9230769230769231,0.0,0.0,0.07692307692307693,0.0,0.520826827865125,0.22395554717699295,0.8229073873638982,0.999989817167158,0.9999886857412866,0.4791666666666667,7.771561172376096e-16,77,77,1.0,0.9270627040187888,0.838740310062468,0.9864788214064328,0.14773851134396487,0.0,0.44155844155844154
SAC,Walker2d-v5,4721,16,16,0.8125,0.0,0.0,0.1875,0.0,0.6458242193414511,0.3124957417416447,0.8913832128985617,0.9999875520100006,0.9999861689000005,0.4375,6.661338147750939e-16,78,78,1.0,0.9641493498296856,0.8938142807981038,0.9996640905107713,0.10584980971266755,0.11538461538461539,0.5641025641025641
SAC,Walker2d-v5,5603,14,14,0.7857142857142857,0.0,0.0,0.21428571428571427,0.0,0.5208267971203524,0.2395805852277387,0.8020733661013983,0.9999888961583594,0.9999876623981769,0.35416666666666663,6.661338147750939e-16,76,76,1.0,0.9233688473587914,0.8268478551884906,0.9901426854963686,0.16329483030787806,0.0,0.40789473684210525
SAC,Walker2d-v5,6198,16,16,0.8125,0.0,0.0625,0.125,0.0,0.6249907351189278,0.3958331024874321,0.7708252371514542,0.9999948812258208,0.9999943124731342,0.5520833333333333,7.771561172376096e-16,84,84,1.0,0.8929879890313801,0.8007663033229265,0.99209502472867,0.19132872140574342,0.047619047619047616,0.35714285714285715
SAC,Walker2d-v5,7433,15,15,0.6666666666666666,0.13333333333333333,0.0,0.2,0.0,0.6354090546926338,0.48436916950108966,0.9270719873811406,0.9999891372551508,0.9999879302835012,0.5833333333333334,7.771561172376096e-16,87,87,1.0,0.8505917067354749,0.7745784437986716,0.9759211785765805,0.20134273477790887,0.034482758620689655,0.2988505747126437
SAC,Walker2d-v5,8256,15,15,0.8,0.0,0.0,0.2,0.0,0.4201465969486068,0.26562201505461885,0.5677020073171455,0.999989795854559,0.9999886620606212,0.375,6.661338147750939e-16,76,76,1.0,0.9255503636362601,0.8294932494422715,0.9814568961727915,0.15196364673051999,0.02631578947368421,0.39473684210526316
SAC,Walker2d-v5,9107,12,12,0.6666666666666666,0.0,0.0,0.3333333333333333,0.0,0.9583237449278726,0.5572848515802218,0.9999845819556139,0.9999896061355589,0.9999884512617319,0.53125,8.881784197001252e-16,83,83,1.0,0.9029903252383804,0.840086734486666,0.9869371162577805,0.14685038177111442,0.03614457831325301,0.3253012048192771
SAC,Walker2d-v5,9845,13,13,0.8461538461538461,0.0,0.07692307692307693,0.07692307692307693,0.0,0.5833230938831009,0.3854111382417923,0.8958215532579805,0.9999882131495454,0.9999869034994948,0.4791666666666667,8.881784197001252e-16,80,80,1.0,0.9623997566251663,0.8831610166282509,0.9961676583400305,0.11300664171177965,0.1,0.5625
