learner,environment,training_seed,anchor_row,Trial,status
PPO,HalfCheetah-v5,1042,17,CODA_FULL_HalfCheetah-v5_1042_fee39_00000,resolved
PPO,HalfCheetah-v5,1042,31,CODA_FULL_HalfCheetah-v5_1042_fee39_00003,resolved
PPO,HalfCheetah-v5,1042,39,CODA_FULL_HalfCheetah-v5_1042_fee39_00002,resolved
PPO,HalfCheetah-v5,1042,48,CODA_FULL_HalfCheetah-v5_1042_fee39_00001,resolved
PPO,HalfCheetah-v5,1042,63,CODA_FULL_HalfCheetah-v5_1042_fee39_00001,resolved
PPO,HalfCheetah-v5,1042,69,CODA_FULL_HalfCheetah-v5_1042_fee39_00000,resolved
PPO,HalfCheetah-v5,1042,76,CODA_FULL_HalfCheetah-v5_1042_fee39_00003,resolved
PPO,HalfCheetah-v5,1042,82,CODA_FULL_HalfCheetah-v5_1042_fee39_00000,resolved
PPO,HalfCheetah-v5,1042,86,CODA_FULL_HalfCheetah-v5_1042_fee39_00001,resolved
PPO,HalfCheetah-v5,1042,92,CODA_FULL_HalfCheetah-v5_1042_fee39_00003,resolved
PPO,HalfCheetah-v5,1042,108,CODA_FULL_HalfCheetah-v5_1042_fee39_00001,resolved
PPO,HalfCheetah-v5,1042,114,CODA_FULL_HalfCheetah-v5_1042_fee39_00000,resolved
PPO,HalfCheetah-v5,1042,120,CODA_FULL_HalfCheetah-v5_1042_fee39_00003,resolved
PPO,HalfCheetah-v5,1042,125,CODA_FULL_HalfCheetah-v5_1042_fee39_00003,resolved
PPO,HalfCheetah-v5,1042,137,CODA_FULL_HalfCheetah-v5_1042_fee39_00000,resolved
PPO,HalfCheetah-v5,1042,143,CODA_FULL_HalfCheetah-v5_1042_fee39_00001,resolved
PPO,HalfCheetah-v5,1042,154,CODA_FULL_HalfCheetah-v5_1042_fee39_00003,resolved
PPO,HalfCheetah-v5,2854,17,CODA_FULL_HalfCheetah-v5_2854_3ca40_00003,resolved
PPO,HalfCheetah-v5,2854,26,CODA_FULL_HalfCheetah-v5_2854_3ca40_00003,resolved
PPO,HalfCheetah-v5,2854,33,CODA_FULL_HalfCheetah-v5_2854_3ca40_00001,resolved
PPO,HalfCheetah-v5,2854,40,CODA_FULL_HalfCheetah-v5_2854_3ca40_00003,resolved
PPO,HalfCheetah-v5,2854,48,CODA_FULL_HalfCheetah-v5_2854_3ca40_00001,resolved
PPO,HalfCheetah-v5,2854,58,CODA_FULL_HalfCheetah-v5_2854_3ca40_00003,resolved
PPO,HalfCheetah-v5,2854,67,CODA_FULL_HalfCheetah-v5_2854_3ca40_00003,resolved
PPO,HalfCheetah-v5,2854,80,CODA_FULL_HalfCheetah-v5_2854_3ca40_00003,resolved
PPO,HalfCheetah-v5,2854,86,CODA_FULL_HalfCheetah-v5_2854_3ca40_00000,resolved
PPO,HalfCheetah-v5,2854,102,CODA_FULL_HalfCheetah-v5_2854_3ca40_00000,resolved
PPO,HalfCheetah-v5,2854,108,CODA_FULL_HalfCheetah-v5_2854_3ca40_00002,resolved
PPO,HalfCheetah-v5,2854,115,CODA_FULL_HalfCheetah-v5_2854_3ca40_00000,resolved
PPO,HalfCheetah-v5,2854,120,CODA_FULL_HalfCheetah-v5_2854_3ca40_00001,resolved
PPO,HalfCheetah-v5,2854,143,CODA_FULL_HalfCheetah-v5_2854_3ca40_00000,resolved
PPO,HalfCheetah-v5,2854,155,CODA_FULL_HalfCheetah-v5_2854_3ca40_00000,resolved
PPO,HalfCheetah-v5,2854,165,CODA_FULL_HalfCheetah-v5_2854_3ca40_00000,resolved
PPO,HalfCheetah-v5,2854,167,CODA_FULL_HalfCheetah-v5_2854_3ca40_00001,resolved
PPO,HalfCheetah-v5,3910,16,CODA_FULL_HalfCheetah-v5_3910_592cb_00003,resolved
PPO,HalfCheetah-v5,3910,23,CODA_FULL_HalfCheetah-v5_3910_592cb_00001,resolved
PPO,HalfCheetah-v5,3910,33,CODA_FULL_HalfCheetah-v5_3910_592cb_00003,resolved
PPO,HalfCheetah-v5,3910,39,CODA_FULL_HalfCheetah-v5_3910_592cb_00000,resolved
PPO,HalfCheetah-v5,3910,44,CODA_FULL_HalfCheetah-v5_3910_592cb_00002,resolved
PPO,HalfCheetah-v5,3910,51,CODA_FULL_HalfCheetah-v5_3910_592cb_00003,resolved
PPO,HalfCheetah-v5,3910,58,CODA_FULL_HalfCheetah-v5_3910_592cb_00002,resolved
PPO,HalfCheetah-v5,3910,66,CODA_FULL_HalfCheetah-v5_3910_592cb_00003,resolved
PPO,HalfCheetah-v5,3910,72,CODA_FULL_HalfCheetah-v5_3910_592cb_00000,resolved
PPO,HalfCheetah-v5,3910,80,CODA_FULL_HalfCheetah-v5_3910_592cb_00002,resolved
PPO,HalfCheetah-v5,3910,88,CODA_FULL_HalfCheetah-v5_3910_592cb_00003,resolved
PPO,HalfCheetah-v5,3910,95,CODA_FULL_HalfCheetah-v5_3910_592cb_00000,resolved
PPO,HalfCheetah-v5,3910,101,CODA_FULL_HalfCheetah-v5_3910_592cb_00003,resolved
PPO,HalfCheetah-v5,3910,106,CODA_FULL_HalfCheetah-v5_3910_592cb_00002,resolved
PPO,HalfCheetah-v5,3910,117,CODA_FULL_HalfCheetah-v5_3910_592cb_00000,resolved
PPO,HalfCheetah-v5,3910,121,CODA_FULL_HalfCheetah-v5_3910_592cb_00000,resolved
PPO,HalfCheetah-v5,3910,123,CODA_FULL_HalfCheetah-v5_3910_592cb_00001,resolved
PPO,HalfCheetah-v5,3910,129,CODA_FULL_HalfCheetah-v5_3910_592cb_00002,resolved
PPO,HalfCheetah-v5,3910,136,CODA_FULL_HalfCheetah-v5_3910_592cb_00000,resolved
PPO,HalfCheetah-v5,3910,142,CODA_FULL_HalfCheetah-v5_3910_592cb_00002,resolved
PPO,HalfCheetah-v5,3910,150,CODA_FULL_HalfCheetah-v5_3910_592cb_00003,resolved
PPO,HalfCheetah-v5,3910,153,CODA_FULL_HalfCheetah-v5_3910_592cb_00000,resolved
PPO,HalfCheetah-v5,3910,159,CODA_FULL_HalfCheetah-v5_3910_592cb_00001,resolved
PPO,HalfCheetah-v5,3910,165,CODA_FULL_HalfCheetah-v5_3910_592cb_00002,resolved
PPO,HalfCheetah-v5,3910,170,CODA_FULL_HalfCheetah-v5_3910_592cb_00002,resolved
PPO,HalfCheetah-v5,4721,17,CODA_FULL_HalfCheetah-v5_4721_78346_00003,resolved
PPO,HalfCheetah-v5,4721,25,CODA_FULL_HalfCheetah-v5_4721_78346_00000,resolved
PPO,HalfCheetah-v5,4721,31,CODA_FULL_HalfCheetah-v5_4721_78346_00001,resolved
PPO,HalfCheetah-v5,4721,38,CODA_FULL_HalfCheetah-v5_4721_78346_00003,resolved
PPO,HalfCheetah-v5,4721,49,CODA_FULL_HalfCheetah-v5_4721_78346_00003,resolved
PPO,HalfCheetah-v5,4721,63,CODA_FULL_HalfCheetah-v5_4721_78346_00003,resolved
PPO,HalfCheetah-v5,4721,82,CODA_FULL_HalfCheetah-v5_4721_78346_00003,resolved
PPO,HalfCheetah-v5,4721,91,CODA_FULL_HalfCheetah-v5_4721_78346_00000,resolved
PPO,HalfCheetah-v5,4721,97,CODA_FULL_HalfCheetah-v5_4721_78346_00003,resolved
PPO,HalfCheetah-v5,4721,106,CODA_FULL_HalfCheetah-v5_4721_78346_00000,resolved
PPO,HalfCheetah-v5,4721,109,CODA_FULL_HalfCheetah-v5_4721_78346_00003,resolved
PPO,HalfCheetah-v5,4721,116,CODA_FULL_HalfCheetah-v5_4721_78346_00000,resolved
PPO,HalfCheetah-v5,4721,118,CODA_FULL_HalfCheetah-v5_4721_78346_00003,resolved
PPO,HalfCheetah-v5,4721,124,CODA_FULL_HalfCheetah-v5_4721_78346_00002,resolved
PPO,HalfCheetah-v5,4721,131,CODA_FULL_HalfCheetah-v5_4721_78346_00003,resolved
PPO,HalfCheetah-v5,4721,138,CODA_FULL_HalfCheetah-v5_4721_78346_00002,no_post_anchor_report
PPO,HalfCheetah-v5,5603,11,CODA_FULL_HalfCheetah-v5_5603_b4c7d_00002,resolved
PPO,HalfCheetah-v5,5603,26,CODA_FULL_HalfCheetah-v5_5603_b4c7d_00002,resolved
PPO,HalfCheetah-v5,5603,31,CODA_FULL_HalfCheetah-v5_5603_b4c7d_00003,resolved
PPO,HalfCheetah-v5,5603,36,CODA_FULL_HalfCheetah-v5_5603_b4c7d_00002,resolved
PPO,HalfCheetah-v5,5603,42,CODA_FULL_HalfCheetah-v5_5603_b4c7d_00003,resolved
PPO,HalfCheetah-v5,5603,49,CODA_FULL_HalfCheetah-v5_5603_b4c7d_00002,resolved
PPO,HalfCheetah-v5,5603,54,CODA_FULL_HalfCheetah-v5_5603_b4c7d_00003,resolved
PPO,HalfCheetah-v5,5603,62,CODA_FULL_HalfCheetah-v5_5603_b4c7d_00002,resolved
PPO,HalfCheetah-v5,5603,65,CODA_FULL_HalfCheetah-v5_5603_b4c7d_00000,resolved
PPO,HalfCheetah-v5,5603,74,CODA_FULL_HalfCheetah-v5_5603_b4c7d_00000,resolved
PPO,HalfCheetah-v5,5603,87,CODA_FULL_HalfCheetah-v5_5603_b4c7d_00003,resolved
PPO,HalfCheetah-v5,5603,99,CODA_FULL_HalfCheetah-v5_5603_b4c7d_00000,resolved
PPO,HalfCheetah-v5,5603,101,CODA_FULL_HalfCheetah-v5_5603_b4c7d_00002,resolved
PPO,HalfCheetah-v5,5603,107,CODA_FULL_HalfCheetah-v5_5603_b4c7d_00003,resolved
PPO,HalfCheetah-v5,5603,112,CODA_FULL_HalfCheetah-v5_5603_b4c7d_00000,resolved
PPO,HalfCheetah-v5,5603,115,CODA_FULL_HalfCheetah-v5_5603_b4c7d_00003,resolved
PPO,HalfCheetah-v5,5603,121,CODA_FULL_HalfCheetah-v5_5603_b4c7d_00002,resolved
PPO,HalfCheetah-v5,5603,123,CODA_FULL_HalfCheetah-v5_5603_b4c7d_00000,resolved
PPO,HalfCheetah-v5,5603,130,CODA_FULL_HalfCheetah-v5_5603_b4c7d_00002,resolved
PPO,HalfCheetah-v5,5603,140,CODA_FULL_HalfCheetah-v5_5603_b4c7d_00000,resolved
PPO,HalfCheetah-v5,5603,149,CODA_FULL_HalfCheetah-v5_5603_b4c7d_00002,resolved
PPO,HalfCheetah-v5,5603,152,CODA_FULL_HalfCheetah-v5_5603_b4c7d_00000,resolved
PPO,HalfCheetah-v5,5603,158,CODA_FULL_HalfCheetah-v5_5603_b4c7d_00003,resolved
PPO,HalfCheetah-v5,6198,11,CODA_FULL_HalfCheetah-v5_6198_ac650_00001,resolved
PPO,HalfCheetah-v5,6198,19,CODA_FULL_HalfCheetah-v5_6198_ac650_00000,resolved
PPO,HalfCheetah-v5,6198,25,CODA_FULL_HalfCheetah-v5_6198_ac650_00001,resolved
PPO,HalfCheetah-v5,6198,32,CODA_FULL_HalfCheetah-v5_6198_ac650_00000,resolved
PPO,HalfCheetah-v5,6198,41,CODA_FULL_HalfCheetah-v5_6198_ac650_00001,resolved
PPO,HalfCheetah-v5,6198,50,CODA_FULL_HalfCheetah-v5_6198_ac650_00000,resolved
PPO,HalfCheetah-v5,6198,54,CODA_FULL_HalfCheetah-v5_6198_ac650_00001,resolved
PPO,HalfCheetah-v5,6198,68,CODA_FULL_HalfCheetah-v5_6198_ac650_00000,resolved
PPO,HalfCheetah-v5,6198,74,CODA_FULL_HalfCheetah-v5_6198_ac650_00002,resolved
PPO,HalfCheetah-v5,6198,79,CODA_FULL_HalfCheetah-v5_6198_ac650_00001,resolved
PPO,HalfCheetah-v5,6198,87,CODA_FULL_HalfCheetah-v5_6198_ac650_00000,resolved
PPO,HalfCheetah-v5,6198,90,CODA_FULL_HalfCheetah-v5_6198_ac650_00001,resolved
PPO,HalfCheetah-v5,6198,98,CODA_FULL_HalfCheetah-v5_6198_ac650_00002,resolved
PPO,HalfCheetah-v5,6198,103,CODA_FULL_HalfCheetah-v5_6198_ac650_00002,resolved
PPO,HalfCheetah-v5,6198,109,CODA_FULL_HalfCheetah-v5_6198_ac650_00000,resolved
PPO,HalfCheetah-v5,6198,124,CODA_FULL_HalfCheetah-v5_6198_ac650_00001,resolved
PPO,HalfCheetah-v5,6198,128,CODA_FULL_HalfCheetah-v5_6198_ac650_00000,resolved
PPO,HalfCheetah-v5,6198,135,CODA_FULL_HalfCheetah-v5_6198_ac650_00001,resolved
PPO,HalfCheetah-v5,6198,147,CODA_FULL_HalfCheetah-v5_6198_ac650_00002,resolved
PPO,HalfCheetah-v5,6198,153,CODA_FULL_HalfCheetah-v5_6198_ac650_00000,resolved
PPO,HalfCheetah-v5,6198,162,CODA_FULL_HalfCheetah-v5_6198_ac650_00001,no_post_anchor_report
PPO,HalfCheetah-v5,7433,11,CODA_FULL_HalfCheetah-v5_7433_a4b43_00001,resolved
PPO,HalfCheetah-v5,7433,21,CODA_FULL_HalfCheetah-v5_7433_a4b43_00000,resolved
PPO,HalfCheetah-v5,7433,28,CODA_FULL_HalfCheetah-v5_7433_a4b43_00001,resolved
PPO,HalfCheetah-v5,7433,37,CODA_FULL_HalfCheetah-v5_7433_a4b43_00000,resolved
PPO,HalfCheetah-v5,7433,56,CODA_FULL_HalfCheetah-v5_7433_a4b43_00001,resolved
PPO,HalfCheetah-v5,7433,68,CODA_FULL_HalfCheetah-v5_7433_a4b43_00000,resolved
PPO,HalfCheetah-v5,7433,75,CODA_FULL_HalfCheetah-v5_7433_a4b43_00002,resolved
PPO,HalfCheetah-v5,7433,82,CODA_FULL_HalfCheetah-v5_7433_a4b43_00000,resolved
PPO,HalfCheetah-v5,7433,89,CODA_FULL_HalfCheetah-v5_7433_a4b43_00002,resolved
PPO,HalfCheetah-v5,7433,100,CODA_FULL_HalfCheetah-v5_7433_a4b43_00000,resolved
PPO,HalfCheetah-v5,7433,105,CODA_FULL_HalfCheetah-v5_7433_a4b43_00002,resolved
PPO,HalfCheetah-v5,7433,113,CODA_FULL_HalfCheetah-v5_7433_a4b43_00000,resolved
PPO,HalfCheetah-v5,7433,120,CODA_FULL_HalfCheetah-v5_7433_a4b43_00002,resolved
PPO,HalfCheetah-v5,7433,135,CODA_FULL_HalfCheetah-v5_7433_a4b43_00003,resolved
PPO,HalfCheetah-v5,7433,151,CODA_FULL_HalfCheetah-v5_7433_a4b43_00002,resolved
PPO,HalfCheetah-v5,8256,17,CODA_FULL_HalfCheetah-v5_8256_9302a_00001,resolved
PPO,HalfCheetah-v5,8256,61,CODA_FULL_HalfCheetah-v5_8256_9302a_00002,resolved
PPO,HalfCheetah-v5,8256,67,CODA_FULL_HalfCheetah-v5_8256_9302a_00003,resolved
PPO,HalfCheetah-v5,8256,72,CODA_FULL_HalfCheetah-v5_8256_9302a_00000,resolved
PPO,HalfCheetah-v5,8256,78,CODA_FULL_HalfCheetah-v5_8256_9302a_00001,resolved
PPO,HalfCheetah-v5,8256,84,CODA_FULL_HalfCheetah-v5_8256_9302a_00003,resolved
PPO,HalfCheetah-v5,8256,91,CODA_FULL_HalfCheetah-v5_8256_9302a_00001,resolved
PPO,HalfCheetah-v5,8256,100,CODA_FULL_HalfCheetah-v5_8256_9302a_00001,resolved
PPO,HalfCheetah-v5,8256,102,CODA_FULL_HalfCheetah-v5_8256_9302a_00003,resolved
PPO,HalfCheetah-v5,8256,108,CODA_FULL_HalfCheetah-v5_8256_9302a_00002,resolved
PPO,HalfCheetah-v5,8256,111,CODA_FULL_HalfCheetah-v5_8256_9302a_00003,resolved
PPO,HalfCheetah-v5,8256,120,CODA_FULL_HalfCheetah-v5_8256_9302a_00003,resolved
PPO,HalfCheetah-v5,8256,123,CODA_FULL_HalfCheetah-v5_8256_9302a_00001,resolved
PPO,HalfCheetah-v5,8256,125,CODA_FULL_HalfCheetah-v5_8256_9302a_00002,resolved
PPO,HalfCheetah-v5,8256,138,CODA_FULL_HalfCheetah-v5_8256_9302a_00002,resolved
PPO,HalfCheetah-v5,8256,144,CODA_FULL_HalfCheetah-v5_8256_9302a_00003,resolved
PPO,HalfCheetah-v5,8256,157,CODA_FULL_HalfCheetah-v5_8256_9302a_00001,resolved
PPO,HalfCheetah-v5,8256,163,CODA_FULL_HalfCheetah-v5_8256_9302a_00000,no_post_anchor_report
PPO,HalfCheetah-v5,9107,11,CODA_FULL_HalfCheetah-v5_9107_53ed4_00003,resolved
PPO,HalfCheetah-v5,9107,17,CODA_FULL_HalfCheetah-v5_9107_53ed4_00002,resolved
PPO,HalfCheetah-v5,9107,25,CODA_FULL_HalfCheetah-v5_9107_53ed4_00003,resolved
PPO,HalfCheetah-v5,9107,34,CODA_FULL_HalfCheetah-v5_9107_53ed4_00001,resolved
PPO,HalfCheetah-v5,9107,42,CODA_FULL_HalfCheetah-v5_9107_53ed4_00003,resolved
PPO,HalfCheetah-v5,9107,44,CODA_FULL_HalfCheetah-v5_9107_53ed4_00001,resolved
PPO,HalfCheetah-v5,9107,49,CODA_FULL_HalfCheetah-v5_9107_53ed4_00003,resolved
PPO,HalfCheetah-v5,9107,58,CODA_FULL_HalfCheetah-v5_9107_53ed4_00003,resolved
PPO,HalfCheetah-v5,9107,60,CODA_FULL_HalfCheetah-v5_9107_53ed4_00002,resolved
PPO,HalfCheetah-v5,9107,66,CODA_FULL_HalfCheetah-v5_9107_53ed4_00000,resolved
PPO,HalfCheetah-v5,9107,68,CODA_FULL_HalfCheetah-v5_9107_53ed4_00002,resolved
PPO,HalfCheetah-v5,9107,72,CODA_FULL_HalfCheetah-v5_9107_53ed4_00002,resolved
PPO,HalfCheetah-v5,9107,78,CODA_FULL_HalfCheetah-v5_9107_53ed4_00000,resolved
PPO,HalfCheetah-v5,9107,85,CODA_FULL_HalfCheetah-v5_9107_53ed4_00002,resolved
PPO,HalfCheetah-v5,9107,88,CODA_FULL_HalfCheetah-v5_9107_53ed4_00000,resolved
PPO,HalfCheetah-v5,9107,90,CODA_FULL_HalfCheetah-v5_9107_53ed4_00003,resolved
PPO,HalfCheetah-v5,9107,98,CODA_FULL_HalfCheetah-v5_9107_53ed4_00002,resolved
PPO,HalfCheetah-v5,9107,101,CODA_FULL_HalfCheetah-v5_9107_53ed4_00003,resolved
PPO,HalfCheetah-v5,9107,110,CODA_FULL_HalfCheetah-v5_9107_53ed4_00002,resolved
PPO,HalfCheetah-v5,9107,115,CODA_FULL_HalfCheetah-v5_9107_53ed4_00002,resolved
PPO,HalfCheetah-v5,9107,124,CODA_FULL_HalfCheetah-v5_9107_53ed4_00000,resolved
PPO,HalfCheetah-v5,9107,128,CODA_FULL_HalfCheetah-v5_9107_53ed4_00000,resolved
PPO,HalfCheetah-v5,9107,136,CODA_FULL_HalfCheetah-v5_9107_53ed4_00003,resolved
PPO,HalfCheetah-v5,9107,146,CODA_FULL_HalfCheetah-v5_9107_53ed4_00000,resolved
PPO,HalfCheetah-v5,9107,158,CODA_FULL_HalfCheetah-v5_9107_53ed4_00003,resolved
PPO,HalfCheetah-v5,9107,163,CODA_FULL_HalfCheetah-v5_9107_53ed4_00000,no_post_anchor_report
PPO,HalfCheetah-v5,9845,39,CODA_FULL_HalfCheetah-v5_9845_94f38_00000,resolved
PPO,HalfCheetah-v5,9845,46,CODA_FULL_HalfCheetah-v5_9845_94f38_00002,resolved
PPO,HalfCheetah-v5,9845,56,CODA_FULL_HalfCheetah-v5_9845_94f38_00001,resolved
PPO,HalfCheetah-v5,9845,62,CODA_FULL_HalfCheetah-v5_9845_94f38_00002,resolved
PPO,HalfCheetah-v5,9845,69,CODA_FULL_HalfCheetah-v5_9845_94f38_00003,resolved
PPO,HalfCheetah-v5,9845,75,CODA_FULL_HalfCheetah-v5_9845_94f38_00002,resolved
PPO,HalfCheetah-v5,9845,86,CODA_FULL_HalfCheetah-v5_9845_94f38_00001,resolved
PPO,HalfCheetah-v5,9845,96,CODA_FULL_HalfCheetah-v5_9845_94f38_00002,resolved
PPO,HalfCheetah-v5,9845,104,CODA_FULL_HalfCheetah-v5_9845_94f38_00003,resolved
PPO,HalfCheetah-v5,9845,114,CODA_FULL_HalfCheetah-v5_9845_94f38_00001,resolved
PPO,HalfCheetah-v5,9845,121,CODA_FULL_HalfCheetah-v5_9845_94f38_00003,resolved
PPO,HalfCheetah-v5,9845,128,CODA_FULL_HalfCheetah-v5_9845_94f38_00000,resolved
PPO,HalfCheetah-v5,9845,136,CODA_FULL_HalfCheetah-v5_9845_94f38_00001,no_post_anchor_report
PPO,Hopper-v5,1042,16,CODA_FULL_Hopper-v5_1042_c4385_00001,resolved
PPO,Hopper-v5,1042,25,CODA_FULL_Hopper-v5_1042_c4385_00003,resolved
PPO,Hopper-v5,1042,31,CODA_FULL_Hopper-v5_1042_c4385_00000,resolved
PPO,Hopper-v5,1042,40,CODA_FULL_Hopper-v5_1042_c4385_00002,resolved
PPO,Hopper-v5,1042,47,CODA_FULL_Hopper-v5_1042_c4385_00003,resolved
PPO,Hopper-v5,1042,60,CODA_FULL_Hopper-v5_1042_c4385_00000,resolved
PPO,Hopper-v5,1042,70,CODA_FULL_Hopper-v5_1042_c4385_00001,resolved
PPO,Hopper-v5,1042,77,CODA_FULL_Hopper-v5_1042_c4385_00003,resolved
PPO,Hopper-v5,1042,87,CODA_FULL_Hopper-v5_1042_c4385_00002,resolved
PPO,Hopper-v5,1042,89,CODA_FULL_Hopper-v5_1042_c4385_00000,resolved
PPO,Hopper-v5,1042,94,CODA_FULL_Hopper-v5_1042_c4385_00000,resolved
PPO,Hopper-v5,1042,106,CODA_FULL_Hopper-v5_1042_c4385_00001,resolved
PPO,Hopper-v5,1042,117,CODA_FULL_Hopper-v5_1042_c4385_00003,resolved
PPO,Hopper-v5,1042,127,CODA_FULL_Hopper-v5_1042_c4385_00001,resolved
PPO,Hopper-v5,2854,22,CODA_FULL_Hopper-v5_2854_8068f_00000,resolved
PPO,Hopper-v5,2854,30,CODA_FULL_Hopper-v5_2854_8068f_00002,resolved
PPO,Hopper-v5,2854,35,CODA_FULL_Hopper-v5_2854_8068f_00001,resolved
PPO,Hopper-v5,2854,40,CODA_FULL_Hopper-v5_2854_8068f_00000,resolved
PPO,Hopper-v5,2854,52,CODA_FULL_Hopper-v5_2854_8068f_00000,resolved
PPO,Hopper-v5,2854,65,CODA_FULL_Hopper-v5_2854_8068f_00003,resolved
PPO,Hopper-v5,2854,70,CODA_FULL_Hopper-v5_2854_8068f_00001,resolved
PPO,Hopper-v5,2854,72,CODA_FULL_Hopper-v5_2854_8068f_00002,resolved
PPO,Hopper-v5,2854,81,CODA_FULL_Hopper-v5_2854_8068f_00003,resolved
PPO,Hopper-v5,2854,96,CODA_FULL_Hopper-v5_2854_8068f_00003,resolved
PPO,Hopper-v5,2854,100,CODA_FULL_Hopper-v5_2854_8068f_00002,resolved
PPO,Hopper-v5,2854,113,CODA_FULL_Hopper-v5_2854_8068f_00000,resolved
PPO,Hopper-v5,2854,115,CODA_FULL_Hopper-v5_2854_8068f_00003,resolved
PPO,Hopper-v5,2854,132,CODA_FULL_Hopper-v5_2854_8068f_00001,resolved
PPO,Hopper-v5,2854,134,CODA_FULL_Hopper-v5_2854_8068f_00000,resolved
PPO,Hopper-v5,2854,144,CODA_FULL_Hopper-v5_2854_8068f_00000,resolved
PPO,Hopper-v5,2854,153,CODA_FULL_Hopper-v5_2854_8068f_00003,resolved
PPO,Hopper-v5,2854,155,CODA_FULL_Hopper-v5_2854_8068f_00001,resolved
PPO,Hopper-v5,2854,161,CODA_FULL_Hopper-v5_2854_8068f_00001,resolved
PPO,Hopper-v5,2854,163,CODA_FULL_Hopper-v5_2854_8068f_00000,resolved
PPO,Hopper-v5,2854,165,CODA_FULL_Hopper-v5_2854_8068f_00003,resolved
PPO,Hopper-v5,3910,19,CODA_FULL_Hopper-v5_3910_db4f8_00002,resolved
PPO,Hopper-v5,3910,26,CODA_FULL_Hopper-v5_3910_db4f8_00000,resolved
PPO,Hopper-v5,3910,35,CODA_FULL_Hopper-v5_3910_db4f8_00002,resolved
PPO,Hopper-v5,3910,40,CODA_FULL_Hopper-v5_3910_db4f8_00000,resolved
PPO,Hopper-v5,3910,54,CODA_FULL_Hopper-v5_3910_db4f8_00000,resolved
PPO,Hopper-v5,3910,62,CODA_FULL_Hopper-v5_3910_db4f8_00001,resolved
PPO,Hopper-v5,3910,69,CODA_FULL_Hopper-v5_3910_db4f8_00000,resolved
PPO,Hopper-v5,3910,76,CODA_FULL_Hopper-v5_3910_db4f8_00003,resolved
PPO,Hopper-v5,3910,79,CODA_FULL_Hopper-v5_3910_db4f8_00002,resolved
PPO,Hopper-v5,3910,85,CODA_FULL_Hopper-v5_3910_db4f8_00000,resolved
PPO,Hopper-v5,3910,96,CODA_FULL_Hopper-v5_3910_db4f8_00001,resolved
PPO,Hopper-v5,3910,99,CODA_FULL_Hopper-v5_3910_db4f8_00003,resolved
PPO,Hopper-v5,3910,105,CODA_FULL_Hopper-v5_3910_db4f8_00001,resolved
PPO,Hopper-v5,3910,119,CODA_FULL_Hopper-v5_3910_db4f8_00000,resolved
PPO,Hopper-v5,3910,122,CODA_FULL_Hopper-v5_3910_db4f8_00001,resolved
PPO,Hopper-v5,3910,129,CODA_FULL_Hopper-v5_3910_db4f8_00002,resolved
PPO,Hopper-v5,3910,131,CODA_FULL_Hopper-v5_3910_db4f8_00003,resolved
PPO,Hopper-v5,3910,134,CODA_FULL_Hopper-v5_3910_db4f8_00001,resolved
PPO,Hopper-v5,3910,150,CODA_FULL_Hopper-v5_3910_db4f8_00003,resolved
PPO,Hopper-v5,3910,158,CODA_FULL_Hopper-v5_3910_db4f8_00003,no_post_anchor_report
PPO,Hopper-v5,4721,21,CODA_FULL_Hopper-v5_4721_cfb0b_00000,resolved
PPO,Hopper-v5,4721,30,CODA_FULL_Hopper-v5_4721_cfb0b_00003,resolved
PPO,Hopper-v5,4721,39,CODA_FULL_Hopper-v5_4721_cfb0b_00002,resolved
PPO,Hopper-v5,4721,45,CODA_FULL_Hopper-v5_4721_cfb0b_00001,resolved
PPO,Hopper-v5,4721,52,CODA_FULL_Hopper-v5_4721_cfb0b_00000,resolved
PPO,Hopper-v5,4721,58,CODA_FULL_Hopper-v5_4721_cfb0b_00001,resolved
PPO,Hopper-v5,4721,68,CODA_FULL_Hopper-v5_4721_cfb0b_00003,resolved
PPO,Hopper-v5,4721,74,CODA_FULL_Hopper-v5_4721_cfb0b_00000,resolved
PPO,Hopper-v5,4721,82,CODA_FULL_Hopper-v5_4721_cfb0b_00001,resolved
PPO,Hopper-v5,4721,90,CODA_FULL_Hopper-v5_4721_cfb0b_00001,resolved
PPO,Hopper-v5,4721,98,CODA_FULL_Hopper-v5_4721_cfb0b_00000,resolved
PPO,Hopper-v5,4721,107,CODA_FULL_Hopper-v5_4721_cfb0b_00000,resolved
PPO,Hopper-v5,4721,115,CODA_FULL_Hopper-v5_4721_cfb0b_00001,resolved
PPO,Hopper-v5,4721,121,CODA_FULL_Hopper-v5_4721_cfb0b_00003,resolved
PPO,Hopper-v5,4721,127,CODA_FULL_Hopper-v5_4721_cfb0b_00001,resolved
PPO,Hopper-v5,4721,132,CODA_FULL_Hopper-v5_4721_cfb0b_00003,resolved
PPO,Hopper-v5,4721,143,CODA_FULL_Hopper-v5_4721_cfb0b_00002,resolved
PPO,Hopper-v5,4721,145,CODA_FULL_Hopper-v5_4721_cfb0b_00003,resolved
PPO,Hopper-v5,4721,152,CODA_FULL_Hopper-v5_4721_cfb0b_00002,resolved
PPO,Hopper-v5,4721,156,CODA_FULL_Hopper-v5_4721_cfb0b_00001,no_post_anchor_report
PPO,Hopper-v5,5603,20,CODA_FULL_Hopper-v5_5603_e0841_00001,resolved
PPO,Hopper-v5,5603,26,CODA_FULL_Hopper-v5_5603_e0841_00000,resolved
PPO,Hopper-v5,5603,32,CODA_FULL_Hopper-v5_5603_e0841_00003,resolved
PPO,Hopper-v5,5603,42,CODA_FULL_Hopper-v5_5603_e0841_00001,resolved
PPO,Hopper-v5,5603,48,CODA_FULL_Hopper-v5_5603_e0841_00000,resolved
PPO,Hopper-v5,5603,59,CODA_FULL_Hopper-v5_5603_e0841_00000,resolved
PPO,Hopper-v5,5603,67,CODA_FULL_Hopper-v5_5603_e0841_00002,resolved
PPO,Hopper-v5,5603,69,CODA_FULL_Hopper-v5_5603_e0841_00003,resolved
PPO,Hopper-v5,5603,82,CODA_FULL_Hopper-v5_5603_e0841_00000,resolved
PPO,Hopper-v5,5603,84,CODA_FULL_Hopper-v5_5603_e0841_00003,resolved
PPO,Hopper-v5,5603,91,CODA_FULL_Hopper-v5_5603_e0841_00001,resolved
PPO,Hopper-v5,5603,102,CODA_FULL_Hopper-v5_5603_e0841_00003,resolved
PPO,Hopper-v5,5603,106,CODA_FULL_Hopper-v5_5603_e0841_00000,resolved
PPO,Hopper-v5,5603,110,CODA_FULL_Hopper-v5_5603_e0841_00000,resolved
PPO,Hopper-v5,5603,119,CODA_FULL_Hopper-v5_5603_e0841_00001,resolved
PPO,Hopper-v5,5603,121,CODA_FULL_Hopper-v5_5603_e0841_00002,resolved
PPO,Hopper-v5,5603,128,CODA_FULL_Hopper-v5_5603_e0841_00002,resolved
PPO,Hopper-v5,5603,139,CODA_FULL_Hopper-v5_5603_e0841_00002,resolved
PPO,Hopper-v5,5603,141,CODA_FULL_Hopper-v5_5603_e0841_00000,resolved
PPO,Hopper-v5,5603,143,CODA_FULL_Hopper-v5_5603_e0841_00003,resolved
PPO,Hopper-v5,5603,152,CODA_FULL_Hopper-v5_5603_e0841_00000,resolved
PPO,Hopper-v5,5603,154,CODA_FULL_Hopper-v5_5603_e0841_00003,resolved
PPO,Hopper-v5,5603,161,CODA_FULL_Hopper-v5_5603_e0841_00000,resolved
PPO,Hopper-v5,5603,164,CODA_FULL_Hopper-v5_5603_e0841_00002,resolved
PPO,Hopper-v5,5603,166,CODA_FULL_Hopper-v5_5603_e0841_00000,resolved
PPO,Hopper-v5,5603,170,CODA_FULL_Hopper-v5_5603_e0841_00000,resolved
PPO,Hopper-v5,6198,7,CODA_FULL_Hopper-v5_6198_2e56d_00001,resolved
PPO,Hopper-v5,6198,16,CODA_FULL_Hopper-v5_6198_2e56d_00003,resolved
PPO,Hopper-v5,6198,24,CODA_FULL_Hopper-v5_6198_2e56d_00001,resolved
PPO,Hopper-v5,6198,43,CODA_FULL_Hopper-v5_6198_2e56d_00001,resolved
PPO,Hopper-v5,6198,51,CODA_FULL_Hopper-v5_6198_2e56d_00000,resolved
PPO,Hopper-v5,6198,57,CODA_FULL_Hopper-v5_6198_2e56d_00003,resolved
PPO,Hopper-v5,6198,65,CODA_FULL_Hopper-v5_6198_2e56d_00000,resolved
PPO,Hopper-v5,6198,72,CODA_FULL_Hopper-v5_6198_2e56d_00001,resolved
PPO,Hopper-v5,6198,91,CODA_FULL_Hopper-v5_6198_2e56d_00000,resolved
PPO,Hopper-v5,6198,101,CODA_FULL_Hopper-v5_6198_2e56d_00000,resolved
PPO,Hopper-v5,6198,103,CODA_FULL_Hopper-v5_6198_2e56d_00003,resolved
PPO,Hopper-v5,6198,111,CODA_FULL_Hopper-v5_6198_2e56d_00002,resolved
PPO,Hopper-v5,6198,118,CODA_FULL_Hopper-v5_6198_2e56d_00000,resolved
PPO,Hopper-v5,6198,124,CODA_FULL_Hopper-v5_6198_2e56d_00001,resolved
PPO,Hopper-v5,6198,130,CODA_FULL_Hopper-v5_6198_2e56d_00001,resolved
PPO,Hopper-v5,6198,133,CODA_FULL_Hopper-v5_6198_2e56d_00002,resolved
PPO,Hopper-v5,6198,144,CODA_FULL_Hopper-v5_6198_2e56d_00001,resolved
PPO,Hopper-v5,7433,11,CODA_FULL_Hopper-v5_7433_41a34_00003,resolved
PPO,Hopper-v5,7433,19,CODA_FULL_Hopper-v5_7433_41a34_00001,resolved
PPO,Hopper-v5,7433,27,CODA_FULL_Hopper-v5_7433_41a34_00003,resolved
PPO,Hopper-v5,7433,37,CODA_FULL_Hopper-v5_7433_41a34_00001,resolved
PPO,Hopper-v5,7433,53,CODA_FULL_Hopper-v5_7433_41a34_00003,resolved
PPO,Hopper-v5,7433,61,CODA_FULL_Hopper-v5_7433_41a34_00001,resolved
PPO,Hopper-v5,7433,70,CODA_FULL_Hopper-v5_7433_41a34_00000,resolved
PPO,Hopper-v5,7433,78,CODA_FULL_Hopper-v5_7433_41a34_00001,resolved
PPO,Hopper-v5,7433,84,CODA_FULL_Hopper-v5_7433_41a34_00000,resolved
PPO,Hopper-v5,7433,94,CODA_FULL_Hopper-v5_7433_41a34_00001,resolved
PPO,Hopper-v5,7433,99,CODA_FULL_Hopper-v5_7433_41a34_00001,resolved
PPO,Hopper-v5,7433,102,CODA_FULL_Hopper-v5_7433_41a34_00000,resolved
PPO,Hopper-v5,7433,105,CODA_FULL_Hopper-v5_7433_41a34_00001,resolved
PPO,Hopper-v5,7433,109,CODA_FULL_Hopper-v5_7433_41a34_00000,resolved
PPO,Hopper-v5,7433,116,CODA_FULL_Hopper-v5_7433_41a34_00002,resolved
PPO,Hopper-v5,7433,122,CODA_FULL_Hopper-v5_7433_41a34_00003,resolved
PPO,Hopper-v5,7433,130,CODA_FULL_Hopper-v5_7433_41a34_00001,resolved
PPO,Hopper-v5,7433,136,CODA_FULL_Hopper-v5_7433_41a34_00003,resolved
PPO,Hopper-v5,7433,140,CODA_FULL_Hopper-v5_7433_41a34_00001,resolved
PPO,Hopper-v5,7433,144,CODA_FULL_Hopper-v5_7433_41a34_00001,resolved
PPO,Hopper-v5,7433,150,CODA_FULL_Hopper-v5_7433_41a34_00003,resolved
PPO,Hopper-v5,8256,21,CODA_FULL_Hopper-v5_8256_0be4c_00001,resolved
PPO,Hopper-v5,8256,26,CODA_FULL_Hopper-v5_8256_0be4c_00002,resolved
PPO,Hopper-v5,8256,35,CODA_FULL_Hopper-v5_8256_0be4c_00001,resolved
PPO,Hopper-v5,8256,42,CODA_FULL_Hopper-v5_8256_0be4c_00003,resolved
PPO,Hopper-v5,8256,53,CODA_FULL_Hopper-v5_8256_0be4c_00002,resolved
PPO,Hopper-v5,8256,57,CODA_FULL_Hopper-v5_8256_0be4c_00003,resolved
PPO,Hopper-v5,8256,71,CODA_FULL_Hopper-v5_8256_0be4c_00002,resolved
PPO,Hopper-v5,8256,80,CODA_FULL_Hopper-v5_8256_0be4c_00002,resolved
PPO,Hopper-v5,8256,84,CODA_FULL_Hopper-v5_8256_0be4c_00003,resolved
PPO,Hopper-v5,8256,91,CODA_FULL_Hopper-v5_8256_0be4c_00000,resolved
PPO,Hopper-v5,8256,96,CODA_FULL_Hopper-v5_8256_0be4c_00002,resolved
PPO,Hopper-v5,8256,100,CODA_FULL_Hopper-v5_8256_0be4c_00002,resolved
PPO,Hopper-v5,8256,106,CODA_FULL_Hopper-v5_8256_0be4c_00000,resolved
PPO,Hopper-v5,8256,114,CODA_FULL_Hopper-v5_8256_0be4c_00003,resolved
PPO,Hopper-v5,8256,121,CODA_FULL_Hopper-v5_8256_0be4c_00000,resolved
PPO,Hopper-v5,8256,126,CODA_FULL_Hopper-v5_8256_0be4c_00002,resolved
PPO,Hopper-v5,8256,148,CODA_FULL_Hopper-v5_8256_0be4c_00002,resolved
PPO,Hopper-v5,8256,158,CODA_FULL_Hopper-v5_8256_0be4c_00001,resolved
PPO,Hopper-v5,8256,163,CODA_FULL_Hopper-v5_8256_0be4c_00001,no_post_anchor_report
PPO,Hopper-v5,8256,167,CODA_FULL_Hopper-v5_8256_0be4c_00002,no_post_anchor_report
PPO,Hopper-v5,9107,23,CODA_FULL_Hopper-v5_9107_1d0e4_00002,resolved
PPO,Hopper-v5,9107,28,CODA_FULL_Hopper-v5_9107_1d0e4_00002,resolved
PPO,Hopper-v5,9107,42,CODA_FULL_Hopper-v5_9107_1d0e4_00000,resolved
PPO,Hopper-v5,9107,56,CODA_FULL_Hopper-v5_9107_1d0e4_00000,resolved
PPO,Hopper-v5,9107,65,CODA_FULL_Hopper-v5_9107_1d0e4_00002,resolved
PPO,Hopper-v5,9107,72,CODA_FULL_Hopper-v5_9107_1d0e4_00001,resolved
PPO,Hopper-v5,9107,75,CODA_FULL_Hopper-v5_9107_1d0e4_00003,resolved
PPO,Hopper-v5,9107,86,CODA_FULL_Hopper-v5_9107_1d0e4_00002,resolved
PPO,Hopper-v5,9107,92,CODA_FULL_Hopper-v5_9107_1d0e4_00000,resolved
PPO,Hopper-v5,9107,98,CODA_FULL_Hopper-v5_9107_1d0e4_00003,resolved
PPO,Hopper-v5,9107,109,CODA_FULL_Hopper-v5_9107_1d0e4_00002,resolved
PPO,Hopper-v5,9107,118,CODA_FULL_Hopper-v5_9107_1d0e4_00000,resolved
PPO,Hopper-v5,9107,121,CODA_FULL_Hopper-v5_9107_1d0e4_00002,resolved
PPO,Hopper-v5,9107,131,CODA_FULL_Hopper-v5_9107_1d0e4_00000,resolved
PPO,Hopper-v5,9107,139,CODA_FULL_Hopper-v5_9107_1d0e4_00003,resolved
PPO,Hopper-v5,9107,144,CODA_FULL_Hopper-v5_9107_1d0e4_00003,resolved
PPO,Hopper-v5,9107,147,CODA_FULL_Hopper-v5_9107_1d0e4_00001,resolved
PPO,Hopper-v5,9107,151,CODA_FULL_Hopper-v5_9107_1d0e4_00000,resolved
PPO,Hopper-v5,9107,156,CODA_FULL_Hopper-v5_9107_1d0e4_00002,resolved
PPO,Hopper-v5,9845,26,CODA_FULL_Hopper-v5_9845_1a3f3_00003,resolved
PPO,Hopper-v5,9845,40,CODA_FULL_Hopper-v5_9845_1a3f3_00001,resolved
PPO,Hopper-v5,9845,51,CODA_FULL_Hopper-v5_9845_1a3f3_00000,resolved
PPO,Hopper-v5,9845,59,CODA_FULL_Hopper-v5_9845_1a3f3_00002,resolved
PPO,Hopper-v5,9845,64,CODA_FULL_Hopper-v5_9845_1a3f3_00001,resolved
PPO,Hopper-v5,9845,76,CODA_FULL_Hopper-v5_9845_1a3f3_00000,resolved
PPO,Hopper-v5,9845,82,CODA_FULL_Hopper-v5_9845_1a3f3_00002,resolved
PPO,Hopper-v5,9845,90,CODA_FULL_Hopper-v5_9845_1a3f3_00001,resolved
PPO,Hopper-v5,9845,109,CODA_FULL_Hopper-v5_9845_1a3f3_00002,resolved
PPO,Hopper-v5,9845,117,CODA_FULL_Hopper-v5_9845_1a3f3_00000,resolved
PPO,Hopper-v5,9845,124,CODA_FULL_Hopper-v5_9845_1a3f3_00003,resolved
PPO,Hopper-v5,9845,135,CODA_FULL_Hopper-v5_9845_1a3f3_00002,resolved
PPO,Hopper-v5,9845,138,CODA_FULL_Hopper-v5_9845_1a3f3_00003,resolved
PPO,Hopper-v5,9845,144,CODA_FULL_Hopper-v5_9845_1a3f3_00003,resolved
PPO,Swimmer-v5,1042,12,CODA_FULL_Swimmer-v5_1042_1e795_00001,resolved
PPO,Swimmer-v5,1042,18,CODA_FULL_Swimmer-v5_1042_1e795_00000,resolved
PPO,Swimmer-v5,1042,27,CODA_FULL_Swimmer-v5_1042_1e795_00003,resolved
PPO,Swimmer-v5,1042,40,CODA_FULL_Swimmer-v5_1042_1e795_00001,resolved
PPO,Swimmer-v5,1042,53,CODA_FULL_Swimmer-v5_1042_1e795_00003,resolved
PPO,Swimmer-v5,1042,60,CODA_FULL_Swimmer-v5_1042_1e795_00000,resolved
PPO,Swimmer-v5,1042,68,CODA_FULL_Swimmer-v5_1042_1e795_00001,resolved
PPO,Swimmer-v5,1042,75,CODA_FULL_Swimmer-v5_1042_1e795_00000,resolved
PPO,Swimmer-v5,1042,88,CODA_FULL_Swimmer-v5_1042_1e795_00003,resolved
PPO,Swimmer-v5,1042,94,CODA_FULL_Swimmer-v5_1042_1e795_00000,resolved
PPO,Swimmer-v5,1042,102,CODA_FULL_Swimmer-v5_1042_1e795_00003,resolved
PPO,Swimmer-v5,1042,105,CODA_FULL_Swimmer-v5_1042_1e795_00001,resolved
PPO,Swimmer-v5,1042,109,CODA_FULL_Swimmer-v5_1042_1e795_00000,resolved
PPO,Swimmer-v5,1042,118,CODA_FULL_Swimmer-v5_1042_1e795_00003,resolved
PPO,Swimmer-v5,1042,130,CODA_FULL_Swimmer-v5_1042_1e795_00000,resolved
PPO,Swimmer-v5,1042,141,CODA_FULL_Swimmer-v5_1042_1e795_00003,resolved
PPO,Swimmer-v5,2854,15,CODA_FULL_Swimmer-v5_2854_14b1d_00001,resolved
PPO,Swimmer-v5,2854,21,CODA_FULL_Swimmer-v5_2854_14b1d_00000,resolved
PPO,Swimmer-v5,2854,27,CODA_FULL_Swimmer-v5_2854_14b1d_00002,resolved
PPO,Swimmer-v5,2854,34,CODA_FULL_Swimmer-v5_2854_14b1d_00000,resolved
PPO,Swimmer-v5,2854,42,CODA_FULL_Swimmer-v5_2854_14b1d_00003,resolved
PPO,Swimmer-v5,2854,49,CODA_FULL_Swimmer-v5_2854_14b1d_00001,resolved
PPO,Swimmer-v5,2854,54,CODA_FULL_Swimmer-v5_2854_14b1d_00000,resolved
PPO,Swimmer-v5,2854,61,CODA_FULL_Swimmer-v5_2854_14b1d_00002,resolved
PPO,Swimmer-v5,2854,75,CODA_FULL_Swimmer-v5_2854_14b1d_00003,resolved
PPO,Swimmer-v5,2854,77,CODA_FULL_Swimmer-v5_2854_14b1d_00002,resolved
PPO,Swimmer-v5,2854,86,CODA_FULL_Swimmer-v5_2854_14b1d_00000,resolved
PPO,Swimmer-v5,2854,93,CODA_FULL_Swimmer-v5_2854_14b1d_00003,resolved
PPO,Swimmer-v5,2854,100,CODA_FULL_Swimmer-v5_2854_14b1d_00002,resolved
PPO,Swimmer-v5,2854,111,CODA_FULL_Swimmer-v5_2854_14b1d_00003,resolved
PPO,Swimmer-v5,2854,119,CODA_FULL_Swimmer-v5_2854_14b1d_00001,resolved
PPO,Swimmer-v5,2854,124,CODA_FULL_Swimmer-v5_2854_14b1d_00001,resolved
PPO,Swimmer-v5,2854,130,CODA_FULL_Swimmer-v5_2854_14b1d_00000,resolved
PPO,Swimmer-v5,2854,136,CODA_FULL_Swimmer-v5_2854_14b1d_00002,resolved
PPO,Swimmer-v5,2854,143,CODA_FULL_Swimmer-v5_2854_14b1d_00003,resolved
PPO,Swimmer-v5,2854,147,CODA_FULL_Swimmer-v5_2854_14b1d_00002,resolved
PPO,Swimmer-v5,2854,155,CODA_FULL_Swimmer-v5_2854_14b1d_00000,resolved
PPO,Swimmer-v5,3910,9,CODA_FULL_Swimmer-v5_3910_3ae30_00003,resolved
PPO,Swimmer-v5,3910,16,CODA_FULL_Swimmer-v5_3910_3ae30_00002,resolved
PPO,Swimmer-v5,3910,21,CODA_FULL_Swimmer-v5_3910_3ae30_00003,resolved
PPO,Swimmer-v5,3910,35,CODA_FULL_Swimmer-v5_3910_3ae30_00000,resolved
PPO,Swimmer-v5,3910,40,CODA_FULL_Swimmer-v5_3910_3ae30_00000,resolved
PPO,Swimmer-v5,3910,45,CODA_FULL_Swimmer-v5_3910_3ae30_00002,resolved
PPO,Swimmer-v5,3910,49,CODA_FULL_Swimmer-v5_3910_3ae30_00002,resolved
PPO,Swimmer-v5,3910,55,CODA_FULL_Swimmer-v5_3910_3ae30_00002,resolved
PPO,Swimmer-v5,3910,64,CODA_FULL_Swimmer-v5_3910_3ae30_00001,resolved
PPO,Swimmer-v5,3910,70,CODA_FULL_Swimmer-v5_3910_3ae30_00000,resolved
PPO,Swimmer-v5,3910,73,CODA_FULL_Swimmer-v5_3910_3ae30_00002,resolved
PPO,Swimmer-v5,3910,81,CODA_FULL_Swimmer-v5_3910_3ae30_00000,resolved
PPO,Swimmer-v5,3910,89,CODA_FULL_Swimmer-v5_3910_3ae30_00003,resolved
PPO,Swimmer-v5,3910,95,CODA_FULL_Swimmer-v5_3910_3ae30_00000,resolved
PPO,Swimmer-v5,3910,99,CODA_FULL_Swimmer-v5_3910_3ae30_00003,resolved
PPO,Swimmer-v5,3910,110,CODA_FULL_Swimmer-v5_3910_3ae30_00003,resolved
PPO,Swimmer-v5,3910,113,CODA_FULL_Swimmer-v5_3910_3ae30_00000,resolved
PPO,Swimmer-v5,3910,124,CODA_FULL_Swimmer-v5_3910_3ae30_00002,resolved
PPO,Swimmer-v5,3910,136,CODA_FULL_Swimmer-v5_3910_3ae30_00003,resolved
PPO,Swimmer-v5,3910,145,CODA_FULL_Swimmer-v5_3910_3ae30_00000,resolved
PPO,Swimmer-v5,3910,155,CODA_FULL_Swimmer-v5_3910_3ae30_00002,resolved
PPO,Swimmer-v5,3910,157,CODA_FULL_Swimmer-v5_3910_3ae30_00003,resolved
PPO,Swimmer-v5,4721,13,CODA_FULL_Swimmer-v5_4721_3d2d5_00000,resolved
PPO,Swimmer-v5,4721,21,CODA_FULL_Swimmer-v5_4721_3d2d5_00003,resolved
PPO,Swimmer-v5,4721,30,CODA_FULL_Swimmer-v5_4721_3d2d5_00000,resolved
PPO,Swimmer-v5,4721,40,CODA_FULL_Swimmer-v5_4721_3d2d5_00002,resolved
PPO,Swimmer-v5,4721,46,CODA_FULL_Swimmer-v5_4721_3d2d5_00001,resolved
PPO,Swimmer-v5,4721,53,CODA_FULL_Swimmer-v5_4721_3d2d5_00000,resolved
PPO,Swimmer-v5,4721,60,CODA_FULL_Swimmer-v5_4721_3d2d5_00002,resolved
PPO,Swimmer-v5,4721,67,CODA_FULL_Swimmer-v5_4721_3d2d5_00001,resolved
PPO,Swimmer-v5,4721,89,CODA_FULL_Swimmer-v5_4721_3d2d5_00001,resolved
PPO,Swimmer-v5,4721,99,CODA_FULL_Swimmer-v5_4721_3d2d5_00003,resolved
PPO,Swimmer-v5,4721,102,CODA_FULL_Swimmer-v5_4721_3d2d5_00000,resolved
PPO,Swimmer-v5,4721,109,CODA_FULL_Swimmer-v5_4721_3d2d5_00003,resolved
PPO,Swimmer-v5,4721,123,CODA_FULL_Swimmer-v5_4721_3d2d5_00003,resolved
PPO,Swimmer-v5,4721,125,CODA_FULL_Swimmer-v5_4721_3d2d5_00000,resolved
PPO,Swimmer-v5,4721,133,CODA_FULL_Swimmer-v5_4721_3d2d5_00001,resolved
PPO,Swimmer-v5,4721,142,CODA_FULL_Swimmer-v5_4721_3d2d5_00000,resolved
PPO,Swimmer-v5,4721,146,CODA_FULL_Swimmer-v5_4721_3d2d5_00001,resolved
PPO,Swimmer-v5,4721,156,CODA_FULL_Swimmer-v5_4721_3d2d5_00000,no_post_anchor_report
PPO,Swimmer-v5,5603,7,CODA_FULL_Swimmer-v5_5603_e2402_00000,resolved
PPO,Swimmer-v5,5603,14,CODA_FULL_Swimmer-v5_5603_e2402_00001,resolved
PPO,Swimmer-v5,5603,22,CODA_FULL_Swimmer-v5_5603_e2402_00000,resolved
PPO,Swimmer-v5,5603,27,CODA_FULL_Swimmer-v5_5603_e2402_00000,resolved
PPO,Swimmer-v5,5603,29,CODA_FULL_Swimmer-v5_5603_e2402_00001,resolved
PPO,Swimmer-v5,5603,36,CODA_FULL_Swimmer-v5_5603_e2402_00000,resolved
PPO,Swimmer-v5,5603,43,CODA_FULL_Swimmer-v5_5603_e2402_00001,resolved
PPO,Swimmer-v5,5603,57,CODA_FULL_Swimmer-v5_5603_e2402_00003,resolved
PPO,Swimmer-v5,5603,67,CODA_FULL_Swimmer-v5_5603_e2402_00001,resolved
PPO,Swimmer-v5,5603,77,CODA_FULL_Swimmer-v5_5603_e2402_00003,resolved
PPO,Swimmer-v5,5603,80,CODA_FULL_Swimmer-v5_5603_e2402_00001,resolved
PPO,Swimmer-v5,5603,90,CODA_FULL_Swimmer-v5_5603_e2402_00000,resolved
PPO,Swimmer-v5,5603,97,CODA_FULL_Swimmer-v5_5603_e2402_00003,resolved
PPO,Swimmer-v5,5603,102,CODA_FULL_Swimmer-v5_5603_e2402_00001,resolved
PPO,Swimmer-v5,5603,107,CODA_FULL_Swimmer-v5_5603_e2402_00001,resolved
PPO,Swimmer-v5,5603,110,CODA_FULL_Swimmer-v5_5603_e2402_00003,resolved
PPO,Swimmer-v5,5603,121,CODA_FULL_Swimmer-v5_5603_e2402_00002,resolved
PPO,Swimmer-v5,5603,130,CODA_FULL_Swimmer-v5_5603_e2402_00003,resolved
PPO,Swimmer-v5,5603,137,CODA_FULL_Swimmer-v5_5603_e2402_00002,resolved
PPO,Swimmer-v5,5603,145,CODA_FULL_Swimmer-v5_5603_e2402_00001,resolved
PPO,Swimmer-v5,5603,159,CODA_FULL_Swimmer-v5_5603_e2402_00002,resolved
PPO,Swimmer-v5,5603,168,CODA_FULL_Swimmer-v5_5603_e2402_00001,no_post_anchor_report
PPO,Swimmer-v5,6198,20,CODA_FULL_Swimmer-v5_6198_384ae_00003,resolved
PPO,Swimmer-v5,6198,27,CODA_FULL_Swimmer-v5_6198_384ae_00000,resolved
PPO,Swimmer-v5,6198,33,CODA_FULL_Swimmer-v5_6198_384ae_00003,resolved
PPO,Swimmer-v5,6198,37,CODA_FULL_Swimmer-v5_6198_384ae_00000,resolved
PPO,Swimmer-v5,6198,49,CODA_FULL_Swimmer-v5_6198_384ae_00003,resolved
PPO,Swimmer-v5,6198,59,CODA_FULL_Swimmer-v5_6198_384ae_00001,resolved
PPO,Swimmer-v5,6198,78,CODA_FULL_Swimmer-v5_6198_384ae_00003,resolved
PPO,Swimmer-v5,6198,83,CODA_FULL_Swimmer-v5_6198_384ae_00003,resolved
PPO,Swimmer-v5,6198,85,CODA_FULL_Swimmer-v5_6198_384ae_00002,resolved
PPO,Swimmer-v5,6198,91,CODA_FULL_Swimmer-v5_6198_384ae_00000,resolved
PPO,Swimmer-v5,6198,100,CODA_FULL_Swimmer-v5_6198_384ae_00001,resolved
PPO,Swimmer-v5,6198,108,CODA_FULL_Swimmer-v5_6198_384ae_00002,resolved
PPO,Swimmer-v5,6198,119,CODA_FULL_Swimmer-v5_6198_384ae_00002,resolved
PPO,Swimmer-v5,6198,125,CODA_FULL_Swimmer-v5_6198_384ae_00003,resolved
PPO,Swimmer-v5,6198,131,CODA_FULL_Swimmer-v5_6198_384ae_00000,resolved
PPO,Swimmer-v5,6198,138,CODA_FULL_Swimmer-v5_6198_384ae_00002,resolved
PPO,Swimmer-v5,6198,155,CODA_FULL_Swimmer-v5_6198_384ae_00003,no_post_anchor_report
PPO,Swimmer-v5,7433,14,CODA_FULL_Swimmer-v5_7433_0b682_00000,resolved
PPO,Swimmer-v5,7433,26,CODA_FULL_Swimmer-v5_7433_0b682_00000,resolved
PPO,Swimmer-v5,7433,31,CODA_FULL_Swimmer-v5_7433_0b682_00003,resolved
PPO,Swimmer-v5,7433,36,CODA_FULL_Swimmer-v5_7433_0b682_00003,resolved
PPO,Swimmer-v5,7433,42,CODA_FULL_Swimmer-v5_7433_0b682_00003,resolved
PPO,Swimmer-v5,7433,54,CODA_FULL_Swimmer-v5_7433_0b682_00000,resolved
PPO,Swimmer-v5,7433,56,CODA_FULL_Swimmer-v5_7433_0b682_00003,resolved
PPO,Swimmer-v5,7433,67,CODA_FULL_Swimmer-v5_7433_0b682_00001,resolved
PPO,Swimmer-v5,7433,76,CODA_FULL_Swimmer-v5_7433_0b682_00001,resolved
PPO,Swimmer-v5,7433,81,CODA_FULL_Swimmer-v5_7433_0b682_00000,resolved
PPO,Swimmer-v5,7433,88,CODA_FULL_Swimmer-v5_7433_0b682_00001,resolved
PPO,Swimmer-v5,7433,95,CODA_FULL_Swimmer-v5_7433_0b682_00003,resolved
PPO,Swimmer-v5,7433,103,CODA_FULL_Swimmer-v5_7433_0b682_00003,resolved
PPO,Swimmer-v5,7433,112,CODA_FULL_Swimmer-v5_7433_0b682_00000,resolved
PPO,Swimmer-v5,7433,117,CODA_FULL_Swimmer-v5_7433_0b682_00000,resolved
PPO,Swimmer-v5,7433,121,CODA_FULL_Swimmer-v5_7433_0b682_00000,resolved
PPO,Swimmer-v5,7433,126,CODA_FULL_Swimmer-v5_7433_0b682_00000,resolved
PPO,Swimmer-v5,7433,135,CODA_FULL_Swimmer-v5_7433_0b682_00003,resolved
PPO,Swimmer-v5,7433,145,CODA_FULL_Swimmer-v5_7433_0b682_00000,resolved
PPO,Swimmer-v5,7433,154,CODA_FULL_Swimmer-v5_7433_0b682_00001,resolved
PPO,Swimmer-v5,7433,158,CODA_FULL_Swimmer-v5_7433_0b682_00000,resolved
PPO,Swimmer-v5,7433,164,CODA_FULL_Swimmer-v5_7433_0b682_00001,resolved
PPO,Swimmer-v5,8256,18,CODA_FULL_Swimmer-v5_8256_8e9d8_00000,resolved
PPO,Swimmer-v5,8256,28,CODA_FULL_Swimmer-v5_8256_8e9d8_00002,resolved
PPO,Swimmer-v5,8256,31,CODA_FULL_Swimmer-v5_8256_8e9d8_00000,resolved
PPO,Swimmer-v5,8256,35,CODA_FULL_Swimmer-v5_8256_8e9d8_00003,resolved
PPO,Swimmer-v5,8256,46,CODA_FULL_Swimmer-v5_8256_8e9d8_00001,resolved
PPO,Swimmer-v5,8256,58,CODA_FULL_Swimmer-v5_8256_8e9d8_00001,resolved
PPO,Swimmer-v5,8256,67,CODA_FULL_Swimmer-v5_8256_8e9d8_00003,resolved
PPO,Swimmer-v5,8256,76,CODA_FULL_Swimmer-v5_8256_8e9d8_00003,resolved
PPO,Swimmer-v5,8256,85,CODA_FULL_Swimmer-v5_8256_8e9d8_00001,resolved
PPO,Swimmer-v5,8256,99,CODA_FULL_Swimmer-v5_8256_8e9d8_00000,resolved
PPO,Swimmer-v5,8256,104,CODA_FULL_Swimmer-v5_8256_8e9d8_00001,resolved
PPO,Swimmer-v5,8256,113,CODA_FULL_Swimmer-v5_8256_8e9d8_00003,resolved
PPO,Swimmer-v5,8256,117,CODA_FULL_Swimmer-v5_8256_8e9d8_00000,resolved
PPO,Swimmer-v5,8256,123,CODA_FULL_Swimmer-v5_8256_8e9d8_00003,resolved
PPO,Swimmer-v5,8256,129,CODA_FULL_Swimmer-v5_8256_8e9d8_00001,resolved
PPO,Swimmer-v5,8256,138,CODA_FULL_Swimmer-v5_8256_8e9d8_00002,resolved
PPO,Swimmer-v5,8256,146,CODA_FULL_Swimmer-v5_8256_8e9d8_00003,resolved
PPO,Swimmer-v5,8256,150,CODA_FULL_Swimmer-v5_8256_8e9d8_00002,resolved
PPO,Swimmer-v5,8256,164,CODA_FULL_Swimmer-v5_8256_8e9d8_00003,resolved
PPO,Swimmer-v5,9107,12,CODA_FULL_Swimmer-v5_9107_7b809_00003,resolved
PPO,Swimmer-v5,9107,23,CODA_FULL_Swimmer-v5_9107_7b809_00002,resolved
PPO,Swimmer-v5,9107,32,CODA_FULL_Swimmer-v5_9107_7b809_00000,resolved
PPO,Swimmer-v5,9107,41,CODA_FULL_Swimmer-v5_9107_7b809_00001,resolved
PPO,Swimmer-v5,9107,49,CODA_FULL_Swimmer-v5_9107_7b809_00002,resolved
PPO,Swimmer-v5,9107,57,CODA_FULL_Swimmer-v5_9107_7b809_00000,resolved
PPO,Swimmer-v5,9107,66,CODA_FULL_Swimmer-v5_9107_7b809_00002,resolved
PPO,Swimmer-v5,9107,76,CODA_FULL_Swimmer-v5_9107_7b809_00001,resolved
PPO,Swimmer-v5,9107,85,CODA_FULL_Swimmer-v5_9107_7b809_00000,resolved
PPO,Swimmer-v5,9107,94,CODA_FULL_Swimmer-v5_9107_7b809_00002,resolved
PPO,Swimmer-v5,9107,102,CODA_FULL_Swimmer-v5_9107_7b809_00003,resolved
PPO,Swimmer-v5,9107,111,CODA_FULL_Swimmer-v5_9107_7b809_00000,resolved
PPO,Swimmer-v5,9107,120,CODA_FULL_Swimmer-v5_9107_7b809_00002,resolved
PPO,Swimmer-v5,9107,126,CODA_FULL_Swimmer-v5_9107_7b809_00001,resolved
PPO,Swimmer-v5,9107,132,CODA_FULL_Swimmer-v5_9107_7b809_00000,resolved
PPO,Swimmer-v5,9107,139,CODA_FULL_Swimmer-v5_9107_7b809_00000,resolved
PPO,Swimmer-v5,9107,143,CODA_FULL_Swimmer-v5_9107_7b809_00000,resolved
PPO,Swimmer-v5,9845,17,CODA_FULL_Swimmer-v5_9845_9cfdb_00003,resolved
PPO,Swimmer-v5,9845,24,CODA_FULL_Swimmer-v5_9845_9cfdb_00001,resolved
PPO,Swimmer-v5,9845,26,CODA_FULL_Swimmer-v5_9845_9cfdb_00003,resolved
PPO,Swimmer-v5,9845,36,CODA_FULL_Swimmer-v5_9845_9cfdb_00000,resolved
PPO,Swimmer-v5,9845,42,CODA_FULL_Swimmer-v5_9845_9cfdb_00001,resolved
PPO,Swimmer-v5,9845,48,CODA_FULL_Swimmer-v5_9845_9cfdb_00003,resolved
PPO,Swimmer-v5,9845,51,CODA_FULL_Swimmer-v5_9845_9cfdb_00000,resolved
PPO,Swimmer-v5,9845,58,CODA_FULL_Swimmer-v5_9845_9cfdb_00003,resolved
PPO,Swimmer-v5,9845,65,CODA_FULL_Swimmer-v5_9845_9cfdb_00001,resolved
PPO,Swimmer-v5,9845,73,CODA_FULL_Swimmer-v5_9845_9cfdb_00000,resolved
PPO,Swimmer-v5,9845,80,CODA_FULL_Swimmer-v5_9845_9cfdb_00002,resolved
PPO,Swimmer-v5,9845,88,CODA_FULL_Swimmer-v5_9845_9cfdb_00001,resolved
PPO,Swimmer-v5,9845,96,CODA_FULL_Swimmer-v5_9845_9cfdb_00000,resolved
PPO,Swimmer-v5,9845,102,CODA_FULL_Swimmer-v5_9845_9cfdb_00002,resolved
PPO,Swimmer-v5,9845,108,CODA_FULL_Swimmer-v5_9845_9cfdb_00001,resolved
PPO,Swimmer-v5,9845,113,CODA_FULL_Swimmer-v5_9845_9cfdb_00001,resolved
PPO,Swimmer-v5,9845,119,CODA_FULL_Swimmer-v5_9845_9cfdb_00000,resolved
PPO,Swimmer-v5,9845,127,CODA_FULL_Swimmer-v5_9845_9cfdb_00002,resolved
PPO,Swimmer-v5,9845,132,CODA_FULL_Swimmer-v5_9845_9cfdb_00000,resolved
PPO,Swimmer-v5,9845,141,CODA_FULL_Swimmer-v5_9845_9cfdb_00000,resolved
PPO,Swimmer-v5,9845,146,CODA_FULL_Swimmer-v5_9845_9cfdb_00000,resolved
PPO,Swimmer-v5,9845,152,CODA_FULL_Swimmer-v5_9845_9cfdb_00002,no_post_anchor_report
PPO,Walker2d-v5,1042,26,CODA_FULL_Walker2d-v5_1042_7e530_00003,resolved
PPO,Walker2d-v5,1042,33,CODA_FULL_Walker2d-v5_1042_7e530_00000,resolved
PPO,Walker2d-v5,1042,41,CODA_FULL_Walker2d-v5_1042_7e530_00001,resolved
PPO,Walker2d-v5,1042,51,CODA_FULL_Walker2d-v5_1042_7e530_00000,resolved
PPO,Walker2d-v5,1042,58,CODA_FULL_Walker2d-v5_1042_7e530_00003,resolved
PPO,Walker2d-v5,1042,67,CODA_FULL_Walker2d-v5_1042_7e530_00002,resolved
PPO,Walker2d-v5,1042,73,CODA_FULL_Walker2d-v5_1042_7e530_00001,resolved
PPO,Walker2d-v5,1042,75,CODA_FULL_Walker2d-v5_1042_7e530_00003,resolved
PPO,Walker2d-v5,1042,80,CODA_FULL_Walker2d-v5_1042_7e530_00000,resolved
PPO,Walker2d-v5,1042,86,CODA_FULL_Walker2d-v5_1042_7e530_00002,resolved
PPO,Walker2d-v5,1042,91,CODA_FULL_Walker2d-v5_1042_7e530_00002,resolved
PPO,Walker2d-v5,1042,102,CODA_FULL_Walker2d-v5_1042_7e530_00003,resolved
PPO,Walker2d-v5,1042,108,CODA_FULL_Walker2d-v5_1042_7e530_00002,resolved
PPO,Walker2d-v5,1042,117,CODA_FULL_Walker2d-v5_1042_7e530_00002,resolved
PPO,Walker2d-v5,1042,122,CODA_FULL_Walker2d-v5_1042_7e530_00002,resolved
PPO,Walker2d-v5,1042,125,CODA_FULL_Walker2d-v5_1042_7e530_00003,resolved
PPO,Walker2d-v5,1042,130,CODA_FULL_Walker2d-v5_1042_7e530_00003,resolved
PPO,Walker2d-v5,1042,137,CODA_FULL_Walker2d-v5_1042_7e530_00001,resolved
PPO,Walker2d-v5,1042,144,CODA_FULL_Walker2d-v5_1042_7e530_00003,resolved
PPO,Walker2d-v5,1042,149,CODA_FULL_Walker2d-v5_1042_7e530_00003,resolved
PPO,Walker2d-v5,1042,156,CODA_FULL_Walker2d-v5_1042_7e530_00002,no_post_anchor_report
PPO,Walker2d-v5,2854,18,CODA_FULL_Walker2d-v5_2854_5d84b_00003,resolved
PPO,Walker2d-v5,2854,24,CODA_FULL_Walker2d-v5_2854_5d84b_00002,resolved
PPO,Walker2d-v5,2854,29,CODA_FULL_Walker2d-v5_2854_5d84b_00000,resolved
PPO,Walker2d-v5,2854,40,CODA_FULL_Walker2d-v5_2854_5d84b_00002,resolved
PPO,Walker2d-v5,2854,50,CODA_FULL_Walker2d-v5_2854_5d84b_00000,resolved
PPO,Walker2d-v5,2854,56,CODA_FULL_Walker2d-v5_2854_5d84b_00003,resolved
PPO,Walker2d-v5,2854,63,CODA_FULL_Walker2d-v5_2854_5d84b_00002,resolved
PPO,Walker2d-v5,2854,66,CODA_FULL_Walker2d-v5_2854_5d84b_00003,resolved
PPO,Walker2d-v5,2854,71,CODA_FULL_Walker2d-v5_2854_5d84b_00003,resolved
PPO,Walker2d-v5,2854,76,CODA_FULL_Walker2d-v5_2854_5d84b_00003,resolved
PPO,Walker2d-v5,2854,83,CODA_FULL_Walker2d-v5_2854_5d84b_00000,resolved
PPO,Walker2d-v5,2854,91,CODA_FULL_Walker2d-v5_2854_5d84b_00002,resolved
PPO,Walker2d-v5,2854,97,CODA_FULL_Walker2d-v5_2854_5d84b_00000,resolved
PPO,Walker2d-v5,2854,102,CODA_FULL_Walker2d-v5_2854_5d84b_00001,resolved
PPO,Walker2d-v5,2854,106,CODA_FULL_Walker2d-v5_2854_5d84b_00001,resolved
PPO,Walker2d-v5,2854,112,CODA_FULL_Walker2d-v5_2854_5d84b_00002,resolved
PPO,Walker2d-v5,2854,119,CODA_FULL_Walker2d-v5_2854_5d84b_00000,resolved
PPO,Walker2d-v5,2854,121,CODA_FULL_Walker2d-v5_2854_5d84b_00001,resolved
PPO,Walker2d-v5,2854,130,CODA_FULL_Walker2d-v5_2854_5d84b_00002,resolved
PPO,Walker2d-v5,2854,140,CODA_FULL_Walker2d-v5_2854_5d84b_00002,resolved
PPO,Walker2d-v5,2854,148,CODA_FULL_Walker2d-v5_2854_5d84b_00003,resolved
PPO,Walker2d-v5,2854,156,CODA_FULL_Walker2d-v5_2854_5d84b_00003,resolved
PPO,Walker2d-v5,2854,164,CODA_FULL_Walker2d-v5_2854_5d84b_00002,no_post_anchor_report
PPO,Walker2d-v5,3910,9,CODA_FULL_Walker2d-v5_3910_65067_00003,resolved
PPO,Walker2d-v5,3910,17,CODA_FULL_Walker2d-v5_3910_65067_00000,resolved
PPO,Walker2d-v5,3910,26,CODA_FULL_Walker2d-v5_3910_65067_00003,resolved
PPO,Walker2d-v5,3910,36,CODA_FULL_Walker2d-v5_3910_65067_00001,resolved
PPO,Walker2d-v5,3910,44,CODA_FULL_Walker2d-v5_3910_65067_00002,resolved
PPO,Walker2d-v5,3910,47,CODA_FULL_Walker2d-v5_3910_65067_00003,resolved
PPO,Walker2d-v5,3910,55,CODA_FULL_Walker2d-v5_3910_65067_00001,resolved
PPO,Walker2d-v5,3910,62,CODA_FULL_Walker2d-v5_3910_65067_00003,resolved
PPO,Walker2d-v5,3910,64,CODA_FULL_Walker2d-v5_3910_65067_00002,resolved
PPO,Walker2d-v5,3910,72,CODA_FULL_Walker2d-v5_3910_65067_00001,resolved
PPO,Walker2d-v5,3910,78,CODA_FULL_Walker2d-v5_3910_65067_00002,resolved
PPO,Walker2d-v5,3910,80,CODA_FULL_Walker2d-v5_3910_65067_00003,resolved
PPO,Walker2d-v5,3910,87,CODA_FULL_Walker2d-v5_3910_65067_00002,resolved
PPO,Walker2d-v5,3910,97,CODA_FULL_Walker2d-v5_3910_65067_00003,resolved
PPO,Walker2d-v5,3910,100,CODA_FULL_Walker2d-v5_3910_65067_00001,resolved
PPO,Walker2d-v5,3910,111,CODA_FULL_Walker2d-v5_3910_65067_00003,resolved
PPO,Walker2d-v5,3910,113,CODA_FULL_Walker2d-v5_3910_65067_00002,resolved
PPO,Walker2d-v5,3910,121,CODA_FULL_Walker2d-v5_3910_65067_00001,resolved
PPO,Walker2d-v5,3910,131,CODA_FULL_Walker2d-v5_3910_65067_00003,resolved
PPO,Walker2d-v5,3910,138,CODA_FULL_Walker2d-v5_3910_65067_00003,resolved
PPO,Walker2d-v5,4721,13,CODA_FULL_Walker2d-v5_4721_9fdfd_00003,resolved
PPO,Walker2d-v5,4721,22,CODA_FULL_Walker2d-v5_4721_9fdfd_00000,resolved
PPO,Walker2d-v5,4721,30,CODA_FULL_Walker2d-v5_4721_9fdfd_00003,resolved
PPO,Walker2d-v5,4721,36,CODA_FULL_Walker2d-v5_4721_9fdfd_00000,resolved
PPO,Walker2d-v5,4721,43,CODA_FULL_Walker2d-v5_4721_9fdfd_00002,resolved
PPO,Walker2d-v5,4721,45,CODA_FULL_Walker2d-v5_4721_9fdfd_00003,resolved
PPO,Walker2d-v5,4721,54,CODA_FULL_Walker2d-v5_4721_9fdfd_00000,resolved
PPO,Walker2d-v5,4721,60,CODA_FULL_Walker2d-v5_4721_9fdfd_00003,resolved
PPO,Walker2d-v5,4721,72,CODA_FULL_Walker2d-v5_4721_9fdfd_00001,resolved
PPO,Walker2d-v5,4721,82,CODA_FULL_Walker2d-v5_4721_9fdfd_00002,resolved
PPO,Walker2d-v5,4721,86,CODA_FULL_Walker2d-v5_4721_9fdfd_00003,resolved
PPO,Walker2d-v5,4721,94,CODA_FULL_Walker2d-v5_4721_9fdfd_00002,resolved
PPO,Walker2d-v5,4721,99,CODA_FULL_Walker2d-v5_4721_9fdfd_00001,resolved
PPO,Walker2d-v5,4721,101,CODA_FULL_Walker2d-v5_4721_9fdfd_00000,resolved
PPO,Walker2d-v5,4721,114,CODA_FULL_Walker2d-v5_4721_9fdfd_00003,resolved
PPO,Walker2d-v5,4721,116,CODA_FULL_Walker2d-v5_4721_9fdfd_00002,resolved
PPO,Walker2d-v5,4721,123,CODA_FULL_Walker2d-v5_4721_9fdfd_00001,resolved
PPO,Walker2d-v5,4721,130,CODA_FULL_Walker2d-v5_4721_9fdfd_00003,resolved
PPO,Walker2d-v5,4721,133,CODA_FULL_Walker2d-v5_4721_9fdfd_00000,resolved
PPO,Walker2d-v5,4721,141,CODA_FULL_Walker2d-v5_4721_9fdfd_00002,resolved
PPO,Walker2d-v5,4721,151,CODA_FULL_Walker2d-v5_4721_9fdfd_00000,resolved
PPO,Walker2d-v5,4721,153,CODA_FULL_Walker2d-v5_4721_9fdfd_00003,resolved
PPO,Walker2d-v5,4721,155,CODA_FULL_Walker2d-v5_4721_9fdfd_00002,resolved
PPO,Walker2d-v5,4721,160,CODA_FULL_Walker2d-v5_4721_9fdfd_00003,resolved
PPO,Walker2d-v5,4721,168,CODA_FULL_Walker2d-v5_4721_9fdfd_00000,resolved
PPO,Walker2d-v5,5603,9,CODA_FULL_Walker2d-v5_5603_3bc96_00002,resolved
PPO,Walker2d-v5,5603,19,CODA_FULL_Walker2d-v5_5603_3bc96_00001,resolved
PPO,Walker2d-v5,5603,30,CODA_FULL_Walker2d-v5_5603_3bc96_00002,resolved
PPO,Walker2d-v5,5603,37,CODA_FULL_Walker2d-v5_5603_3bc96_00001,resolved
PPO,Walker2d-v5,5603,43,CODA_FULL_Walker2d-v5_5603_3bc96_00003,resolved
PPO,Walker2d-v5,5603,49,CODA_FULL_Walker2d-v5_5603_3bc96_00002,resolved
PPO,Walker2d-v5,5603,56,CODA_FULL_Walker2d-v5_5603_3bc96_00001,resolved
PPO,Walker2d-v5,5603,58,CODA_FULL_Walker2d-v5_5603_3bc96_00000,resolved
PPO,Walker2d-v5,5603,68,CODA_FULL_Walker2d-v5_5603_3bc96_00002,resolved
PPO,Walker2d-v5,5603,75,CODA_FULL_Walker2d-v5_5603_3bc96_00001,resolved
PPO,Walker2d-v5,5603,77,CODA_FULL_Walker2d-v5_5603_3bc96_00003,resolved
PPO,Walker2d-v5,5603,86,CODA_FULL_Walker2d-v5_5603_3bc96_00003,resolved
PPO,Walker2d-v5,5603,95,CODA_FULL_Walker2d-v5_5603_3bc96_00003,resolved
PPO,Walker2d-v5,5603,97,CODA_FULL_Walker2d-v5_5603_3bc96_00002,resolved
PPO,Walker2d-v5,5603,99,CODA_FULL_Walker2d-v5_5603_3bc96_00001,resolved
PPO,Walker2d-v5,5603,104,CODA_FULL_Walker2d-v5_5603_3bc96_00000,resolved
PPO,Walker2d-v5,5603,117,CODA_FULL_Walker2d-v5_5603_3bc96_00003,resolved
PPO,Walker2d-v5,5603,124,CODA_FULL_Walker2d-v5_5603_3bc96_00001,resolved
PPO,Walker2d-v5,5603,130,CODA_FULL_Walker2d-v5_5603_3bc96_00003,resolved
PPO,Walker2d-v5,5603,137,CODA_FULL_Walker2d-v5_5603_3bc96_00000,resolved
PPO,Walker2d-v5,5603,140,CODA_FULL_Walker2d-v5_5603_3bc96_00002,resolved
PPO,Walker2d-v5,5603,143,CODA_FULL_Walker2d-v5_5603_3bc96_00001,resolved
PPO,Walker2d-v5,5603,151,CODA_FULL_Walker2d-v5_5603_3bc96_00003,resolved
PPO,Walker2d-v5,5603,160,CODA_FULL_Walker2d-v5_5603_3bc96_00002,resolved
PPO,Walker2d-v5,5603,168,CODA_FULL_Walker2d-v5_5603_3bc96_00000,no_post_anchor_report
PPO,Walker2d-v5,5603,170,CODA_FULL_Walker2d-v5_5603_3bc96_00001,no_post_anchor_report
PPO,Walker2d-v5,6198,11,CODA_FULL_Walker2d-v5_6198_39f48_00001,resolved
PPO,Walker2d-v5,6198,19,CODA_FULL_Walker2d-v5_6198_39f48_00003,resolved
PPO,Walker2d-v5,6198,24,CODA_FULL_Walker2d-v5_6198_39f48_00003,resolved
PPO,Walker2d-v5,6198,31,CODA_FULL_Walker2d-v5_6198_39f48_00001,resolved
PPO,Walker2d-v5,6198,37,CODA_FULL_Walker2d-v5_6198_39f48_00003,resolved
PPO,Walker2d-v5,6198,46,CODA_FULL_Walker2d-v5_6198_39f48_00003,resolved
PPO,Walker2d-v5,6198,53,CODA_FULL_Walker2d-v5_6198_39f48_00001,resolved
PPO,Walker2d-v5,6198,59,CODA_FULL_Walker2d-v5_6198_39f48_00003,resolved
PPO,Walker2d-v5,6198,66,CODA_FULL_Walker2d-v5_6198_39f48_00001,resolved
PPO,Walker2d-v5,6198,78,CODA_FULL_Walker2d-v5_6198_39f48_00001,resolved
PPO,Walker2d-v5,6198,83,CODA_FULL_Walker2d-v5_6198_39f48_00001,resolved
PPO,Walker2d-v5,6198,89,CODA_FULL_Walker2d-v5_6198_39f48_00002,resolved
PPO,Walker2d-v5,6198,95,CODA_FULL_Walker2d-v5_6198_39f48_00001,resolved
PPO,Walker2d-v5,6198,101,CODA_FULL_Walker2d-v5_6198_39f48_00003,resolved
PPO,Walker2d-v5,6198,107,CODA_FULL_Walker2d-v5_6198_39f48_00002,resolved
PPO,Walker2d-v5,6198,113,CODA_FULL_Walker2d-v5_6198_39f48_00001,resolved
PPO,Walker2d-v5,6198,121,CODA_FULL_Walker2d-v5_6198_39f48_00001,resolved
PPO,Walker2d-v5,6198,124,CODA_FULL_Walker2d-v5_6198_39f48_00002,resolved
PPO,Walker2d-v5,6198,131,CODA_FULL_Walker2d-v5_6198_39f48_00001,resolved
PPO,Walker2d-v5,6198,136,CODA_FULL_Walker2d-v5_6198_39f48_00001,resolved
PPO,Walker2d-v5,6198,140,CODA_FULL_Walker2d-v5_6198_39f48_00001,resolved
PPO,Walker2d-v5,6198,149,CODA_FULL_Walker2d-v5_6198_39f48_00003,resolved
PPO,Walker2d-v5,6198,155,CODA_FULL_Walker2d-v5_6198_39f48_00003,no_post_anchor_report
PPO,Walker2d-v5,7433,16,CODA_FULL_Walker2d-v5_7433_19531_00000,resolved
PPO,Walker2d-v5,7433,19,CODA_FULL_Walker2d-v5_7433_19531_00003,resolved
PPO,Walker2d-v5,7433,25,CODA_FULL_Walker2d-v5_7433_19531_00000,resolved
PPO,Walker2d-v5,7433,33,CODA_FULL_Walker2d-v5_7433_19531_00000,resolved
PPO,Walker2d-v5,7433,39,CODA_FULL_Walker2d-v5_7433_19531_00003,resolved
PPO,Walker2d-v5,7433,49,CODA_FULL_Walker2d-v5_7433_19531_00003,resolved
PPO,Walker2d-v5,7433,56,CODA_FULL_Walker2d-v5_7433_19531_00001,resolved
PPO,Walker2d-v5,7433,62,CODA_FULL_Walker2d-v5_7433_19531_00000,resolved
PPO,Walker2d-v5,7433,67,CODA_FULL_Walker2d-v5_7433_19531_00003,resolved
PPO,Walker2d-v5,7433,76,CODA_FULL_Walker2d-v5_7433_19531_00000,resolved
PPO,Walker2d-v5,7433,81,CODA_FULL_Walker2d-v5_7433_19531_00000,resolved
PPO,Walker2d-v5,7433,87,CODA_FULL_Walker2d-v5_7433_19531_00003,resolved
PPO,Walker2d-v5,7433,93,CODA_FULL_Walker2d-v5_7433_19531_00001,resolved
PPO,Walker2d-v5,7433,100,CODA_FULL_Walker2d-v5_7433_19531_00003,resolved
PPO,Walker2d-v5,7433,111,CODA_FULL_Walker2d-v5_7433_19531_00000,resolved
PPO,Walker2d-v5,7433,120,CODA_FULL_Walker2d-v5_7433_19531_00000,resolved
PPO,Walker2d-v5,7433,128,CODA_FULL_Walker2d-v5_7433_19531_00001,resolved
PPO,Walker2d-v5,7433,130,CODA_FULL_Walker2d-v5_7433_19531_00000,resolved
PPO,Walker2d-v5,7433,137,CODA_FULL_Walker2d-v5_7433_19531_00003,resolved
PPO,Walker2d-v5,7433,141,CODA_FULL_Walker2d-v5_7433_19531_00002,resolved
PPO,Walker2d-v5,7433,146,CODA_FULL_Walker2d-v5_7433_19531_00001,resolved
PPO,Walker2d-v5,7433,156,CODA_FULL_Walker2d-v5_7433_19531_00000,resolved
PPO,Walker2d-v5,7433,159,CODA_FULL_Walker2d-v5_7433_19531_00003,resolved
PPO,Walker2d-v5,7433,161,CODA_FULL_Walker2d-v5_7433_19531_00002,resolved
PPO,Walker2d-v5,8256,12,CODA_FULL_Walker2d-v5_8256_0fa47_00002,resolved
PPO,Walker2d-v5,8256,20,CODA_FULL_Walker2d-v5_8256_0fa47_00003,resolved
PPO,Walker2d-v5,8256,27,CODA_FULL_Walker2d-v5_8256_0fa47_00001,resolved
PPO,Walker2d-v5,8256,32,CODA_FULL_Walker2d-v5_8256_0fa47_00002,resolved
PPO,Walker2d-v5,8256,39,CODA_FULL_Walker2d-v5_8256_0fa47_00003,resolved
PPO,Walker2d-v5,8256,45,CODA_FULL_Walker2d-v5_8256_0fa47_00001,resolved
PPO,Walker2d-v5,8256,50,CODA_FULL_Walker2d-v5_8256_0fa47_00001,resolved
PPO,Walker2d-v5,8256,57,CODA_FULL_Walker2d-v5_8256_0fa47_00000,resolved
PPO,Walker2d-v5,8256,59,CODA_FULL_Walker2d-v5_8256_0fa47_00003,resolved
PPO,Walker2d-v5,8256,66,CODA_FULL_Walker2d-v5_8256_0fa47_00003,resolved
PPO,Walker2d-v5,8256,76,CODA_FULL_Walker2d-v5_8256_0fa47_00000,resolved
PPO,Walker2d-v5,8256,81,CODA_FULL_Walker2d-v5_8256_0fa47_00001,resolved
PPO,Walker2d-v5,8256,88,CODA_FULL_Walker2d-v5_8256_0fa47_00002,resolved
PPO,Walker2d-v5,8256,90,CODA_FULL_Walker2d-v5_8256_0fa47_00001,resolved
PPO,Walker2d-v5,8256,98,CODA_FULL_Walker2d-v5_8256_0fa47_00001,resolved
PPO,Walker2d-v5,8256,112,CODA_FULL_Walker2d-v5_8256_0fa47_00002,resolved
PPO,Walker2d-v5,8256,119,CODA_FULL_Walker2d-v5_8256_0fa47_00002,resolved
PPO,Walker2d-v5,8256,122,CODA_FULL_Walker2d-v5_8256_0fa47_00000,resolved
PPO,Walker2d-v5,8256,129,CODA_FULL_Walker2d-v5_8256_0fa47_00001,resolved
PPO,Walker2d-v5,8256,156,CODA_FULL_Walker2d-v5_8256_0fa47_00000,resolved
PPO,Walker2d-v5,8256,158,CODA_FULL_Walker2d-v5_8256_0fa47_00002,resolved
PPO,Walker2d-v5,9107,9,CODA_FULL_Walker2d-v5_9107_19ed8_00001,resolved
PPO,Walker2d-v5,9107,18,CODA_FULL_Walker2d-v5_9107_19ed8_00001,resolved
PPO,Walker2d-v5,9107,42,CODA_FULL_Walker2d-v5_9107_19ed8_00000,resolved
PPO,Walker2d-v5,9107,52,CODA_FULL_Walker2d-v5_9107_19ed8_00003,resolved
PPO,Walker2d-v5,9107,57,CODA_FULL_Walker2d-v5_9107_19ed8_00003,resolved
PPO,Walker2d-v5,9107,66,CODA_FULL_Walker2d-v5_9107_19ed8_00003,resolved
PPO,Walker2d-v5,9107,74,CODA_FULL_Walker2d-v5_9107_19ed8_00002,resolved
PPO,Walker2d-v5,9107,81,CODA_FULL_Walker2d-v5_9107_19ed8_00000,resolved
PPO,Walker2d-v5,9107,84,CODA_FULL_Walker2d-v5_9107_19ed8_00002,resolved
PPO,Walker2d-v5,9107,90,CODA_FULL_Walker2d-v5_9107_19ed8_00000,resolved
PPO,Walker2d-v5,9107,95,CODA_FULL_Walker2d-v5_9107_19ed8_00000,resolved
PPO,Walker2d-v5,9107,102,CODA_FULL_Walker2d-v5_9107_19ed8_00003,resolved
PPO,Walker2d-v5,9107,108,CODA_FULL_Walker2d-v5_9107_19ed8_00000,resolved
PPO,Walker2d-v5,9107,119,CODA_FULL_Walker2d-v5_9107_19ed8_00003,resolved
PPO,Walker2d-v5,9107,123,CODA_FULL_Walker2d-v5_9107_19ed8_00000,resolved
PPO,Walker2d-v5,9107,130,CODA_FULL_Walker2d-v5_9107_19ed8_00003,resolved
PPO,Walker2d-v5,9107,140,CODA_FULL_Walker2d-v5_9107_19ed8_00000,resolved
PPO,Walker2d-v5,9107,147,CODA_FULL_Walker2d-v5_9107_19ed8_00003,resolved
PPO,Walker2d-v5,9107,152,CODA_FULL_Walker2d-v5_9107_19ed8_00000,no_post_anchor_report
PPO,Walker2d-v5,9845,13,CODA_FULL_Walker2d-v5_9845_6f07b_00001,resolved
PPO,Walker2d-v5,9845,29,CODA_FULL_Walker2d-v5_9845_6f07b_00002,resolved
PPO,Walker2d-v5,9845,36,CODA_FULL_Walker2d-v5_9845_6f07b_00003,resolved
PPO,Walker2d-v5,9845,40,CODA_FULL_Walker2d-v5_9845_6f07b_00001,resolved
PPO,Walker2d-v5,9845,46,CODA_FULL_Walker2d-v5_9845_6f07b_00003,resolved
PPO,Walker2d-v5,9845,52,CODA_FULL_Walker2d-v5_9845_6f07b_00002,resolved
PPO,Walker2d-v5,9845,58,CODA_FULL_Walker2d-v5_9845_6f07b_00001,resolved
PPO,Walker2d-v5,9845,71,CODA_FULL_Walker2d-v5_9845_6f07b_00001,resolved
PPO,Walker2d-v5,9845,80,CODA_FULL_Walker2d-v5_9845_6f07b_00002,resolved
PPO,Walker2d-v5,9845,89,CODA_FULL_Walker2d-v5_9845_6f07b_00000,resolved
PPO,Walker2d-v5,9845,95,CODA_FULL_Walker2d-v5_9845_6f07b_00003,resolved
PPO,Walker2d-v5,9845,102,CODA_FULL_Walker2d-v5_9845_6f07b_00000,resolved
PPO,Walker2d-v5,9845,110,CODA_FULL_Walker2d-v5_9845_6f07b_00002,resolved
PPO,Walker2d-v5,9845,116,CODA_FULL_Walker2d-v5_9845_6f07b_00000,resolved
PPO,Walker2d-v5,9845,124,CODA_FULL_Walker2d-v5_9845_6f07b_00003,resolved
PPO,Walker2d-v5,9845,127,CODA_FULL_Walker2d-v5_9845_6f07b_00000,resolved
PPO,Walker2d-v5,9845,133,CODA_FULL_Walker2d-v5_9845_6f07b_00001,resolved
PPO,Walker2d-v5,9845,139,CODA_FULL_Walker2d-v5_9845_6f07b_00003,resolved
PPO,Walker2d-v5,9845,142,CODA_FULL_Walker2d-v5_9845_6f07b_00002,no_post_anchor_report
PPO,Walker2d-v5,9845,144,CODA_FULL_Walker2d-v5_9845_6f07b_00003,no_post_anchor_report
SAC,HalfCheetah-v5,1042,8,CODA_FULL_HalfCheetah-v5_1042_38a9d_00001,resolved
SAC,HalfCheetah-v5,1042,18,CODA_FULL_HalfCheetah-v5_1042_38a9d_00003,resolved
SAC,HalfCheetah-v5,1042,24,CODA_FULL_HalfCheetah-v5_1042_38a9d_00000,resolved
SAC,HalfCheetah-v5,1042,29,CODA_FULL_HalfCheetah-v5_1042_38a9d_00000,resolved
SAC,HalfCheetah-v5,1042,35,CODA_FULL_HalfCheetah-v5_1042_38a9d_00001,resolved
SAC,HalfCheetah-v5,1042,40,CODA_FULL_HalfCheetah-v5_1042_38a9d_00001,resolved
SAC,HalfCheetah-v5,1042,51,CODA_FULL_HalfCheetah-v5_1042_38a9d_00002,resolved
SAC,HalfCheetah-v5,1042,56,CODA_FULL_HalfCheetah-v5_1042_38a9d_00002,resolved
SAC,HalfCheetah-v5,1042,61,CODA_FULL_HalfCheetah-v5_1042_38a9d_00002,resolved
SAC,HalfCheetah-v5,1042,66,CODA_FULL_HalfCheetah-v5_1042_38a9d_00002,resolved
SAC,HalfCheetah-v5,1042,71,CODA_FULL_HalfCheetah-v5_1042_38a9d_00002,resolved
SAC,HalfCheetah-v5,1042,73,CODA_FULL_HalfCheetah-v5_1042_38a9d_00001,resolved
SAC,HalfCheetah-v5,1042,77,CODA_FULL_HalfCheetah-v5_1042_38a9d_00002,resolved
SAC,HalfCheetah-v5,1042,85,CODA_FULL_HalfCheetah-v5_1042_38a9d_00000,resolved
SAC,HalfCheetah-v5,1042,90,CODA_FULL_HalfCheetah-v5_1042_38a9d_00002,resolved
SAC,HalfCheetah-v5,2854,10,CODA_FULL_HalfCheetah-v5_2854_b36ed_00002,resolved
SAC,HalfCheetah-v5,2854,14,CODA_FULL_HalfCheetah-v5_2854_b36ed_00001,resolved
SAC,HalfCheetah-v5,2854,24,CODA_FULL_HalfCheetah-v5_2854_b36ed_00000,resolved
SAC,HalfCheetah-v5,2854,30,CODA_FULL_HalfCheetah-v5_2854_b36ed_00001,resolved
SAC,HalfCheetah-v5,2854,35,CODA_FULL_HalfCheetah-v5_2854_b36ed_00001,resolved
SAC,HalfCheetah-v5,2854,63,CODA_FULL_HalfCheetah-v5_2854_b36ed_00003,resolved
SAC,HalfCheetah-v5,2854,68,CODA_FULL_HalfCheetah-v5_2854_b36ed_00003,resolved
SAC,HalfCheetah-v5,2854,73,CODA_FULL_HalfCheetah-v5_2854_b36ed_00003,resolved
SAC,HalfCheetah-v5,2854,78,CODA_FULL_HalfCheetah-v5_2854_b36ed_00003,resolved
SAC,HalfCheetah-v5,2854,80,CODA_FULL_HalfCheetah-v5_2854_b36ed_00002,resolved
SAC,HalfCheetah-v5,2854,84,CODA_FULL_HalfCheetah-v5_2854_b36ed_00003,resolved
SAC,HalfCheetah-v5,2854,86,CODA_FULL_HalfCheetah-v5_2854_b36ed_00002,resolved
SAC,HalfCheetah-v5,3910,13,CODA_FULL_HalfCheetah-v5_3910_c863c_00000,resolved
SAC,HalfCheetah-v5,3910,26,CODA_FULL_HalfCheetah-v5_3910_c863c_00000,resolved
SAC,HalfCheetah-v5,3910,35,CODA_FULL_HalfCheetah-v5_3910_c863c_00000,resolved
SAC,HalfCheetah-v5,3910,40,CODA_FULL_HalfCheetah-v5_3910_c863c_00000,resolved
SAC,HalfCheetah-v5,3910,45,CODA_FULL_HalfCheetah-v5_3910_c863c_00000,resolved
SAC,HalfCheetah-v5,3910,50,CODA_FULL_HalfCheetah-v5_3910_c863c_00000,resolved
SAC,HalfCheetah-v5,3910,55,CODA_FULL_HalfCheetah-v5_3910_c863c_00000,resolved
SAC,HalfCheetah-v5,3910,61,CODA_FULL_HalfCheetah-v5_3910_c863c_00003,resolved
SAC,HalfCheetah-v5,3910,67,CODA_FULL_HalfCheetah-v5_3910_c863c_00003,resolved
SAC,HalfCheetah-v5,3910,72,CODA_FULL_HalfCheetah-v5_3910_c863c_00003,resolved
SAC,HalfCheetah-v5,3910,77,CODA_FULL_HalfCheetah-v5_3910_c863c_00003,resolved
SAC,HalfCheetah-v5,3910,82,CODA_FULL_HalfCheetah-v5_3910_c863c_00003,resolved
SAC,HalfCheetah-v5,3910,86,CODA_FULL_HalfCheetah-v5_3910_c863c_00003,no_post_anchor_report
SAC,HalfCheetah-v5,4721,16,CODA_FULL_HalfCheetah-v5_4721_bdec0_00001,resolved
SAC,HalfCheetah-v5,4721,34,CODA_FULL_HalfCheetah-v5_4721_bdec0_00000,resolved
SAC,HalfCheetah-v5,4721,39,CODA_FULL_HalfCheetah-v5_4721_bdec0_00000,resolved
SAC,HalfCheetah-v5,4721,44,CODA_FULL_HalfCheetah-v5_4721_bdec0_00000,resolved
SAC,HalfCheetah-v5,4721,49,CODA_FULL_HalfCheetah-v5_4721_bdec0_00000,resolved
SAC,HalfCheetah-v5,4721,54,CODA_FULL_HalfCheetah-v5_4721_bdec0_00000,resolved
SAC,HalfCheetah-v5,4721,59,CODA_FULL_HalfCheetah-v5_4721_bdec0_00000,resolved
SAC,HalfCheetah-v5,4721,65,CODA_FULL_HalfCheetah-v5_4721_bdec0_00000,resolved
SAC,HalfCheetah-v5,4721,73,CODA_FULL_HalfCheetah-v5_4721_bdec0_00003,resolved
SAC,HalfCheetah-v5,4721,80,CODA_FULL_HalfCheetah-v5_4721_bdec0_00001,resolved
SAC,HalfCheetah-v5,4721,82,CODA_FULL_HalfCheetah-v5_4721_bdec0_00000,resolved
SAC,HalfCheetah-v5,4721,86,CODA_FULL_HalfCheetah-v5_4721_bdec0_00001,no_post_anchor_report
SAC,HalfCheetah-v5,4721,88,CODA_FULL_HalfCheetah-v5_4721_bdec0_00000,no_post_anchor_report
SAC,HalfCheetah-v5,5603,8,CODA_FULL_HalfCheetah-v5_5603_99e2b_00002,resolved
SAC,HalfCheetah-v5,5603,22,CODA_FULL_HalfCheetah-v5_5603_99e2b_00000,resolved
SAC,HalfCheetah-v5,5603,31,CODA_FULL_HalfCheetah-v5_5603_99e2b_00000,resolved
SAC,HalfCheetah-v5,5603,36,CODA_FULL_HalfCheetah-v5_5603_99e2b_00000,resolved
SAC,HalfCheetah-v5,5603,41,CODA_FULL_HalfCheetah-v5_5603_99e2b_00000,resolved
SAC,HalfCheetah-v5,5603,51,CODA_FULL_HalfCheetah-v5_5603_99e2b_00001,resolved
SAC,HalfCheetah-v5,5603,56,CODA_FULL_HalfCheetah-v5_5603_99e2b_00001,resolved
SAC,HalfCheetah-v5,5603,61,CODA_FULL_HalfCheetah-v5_5603_99e2b_00001,resolved
SAC,HalfCheetah-v5,5603,75,CODA_FULL_HalfCheetah-v5_5603_99e2b_00003,resolved
SAC,HalfCheetah-v5,5603,81,CODA_FULL_HalfCheetah-v5_5603_99e2b_00003,no_post_anchor_report
SAC,HalfCheetah-v5,6198,11,CODA_FULL_HalfCheetah-v5_6198_fa20d_00001,resolved
SAC,HalfCheetah-v5,6198,16,CODA_FULL_HalfCheetah-v5_6198_fa20d_00001,resolved
SAC,HalfCheetah-v5,6198,22,CODA_FULL_HalfCheetah-v5_6198_fa20d_00002,resolved
SAC,HalfCheetah-v5,6198,27,CODA_FULL_HalfCheetah-v5_6198_fa20d_00002,resolved
SAC,HalfCheetah-v5,6198,35,CODA_FULL_HalfCheetah-v5_6198_fa20d_00002,resolved
SAC,HalfCheetah-v5,6198,40,CODA_FULL_HalfCheetah-v5_6198_fa20d_00002,resolved
SAC,HalfCheetah-v5,6198,45,CODA_FULL_HalfCheetah-v5_6198_fa20d_00002,resolved
SAC,HalfCheetah-v5,6198,50,CODA_FULL_HalfCheetah-v5_6198_fa20d_00002,resolved
SAC,HalfCheetah-v5,6198,53,CODA_FULL_HalfCheetah-v5_6198_fa20d_00003,resolved
SAC,HalfCheetah-v5,6198,58,CODA_FULL_HalfCheetah-v5_6198_fa20d_00003,resolved
SAC,HalfCheetah-v5,6198,63,CODA_FULL_HalfCheetah-v5_6198_fa20d_00003,resolved
SAC,HalfCheetah-v5,6198,68,CODA_FULL_HalfCheetah-v5_6198_fa20d_00003,resolved
SAC,HalfCheetah-v5,6198,73,CODA_FULL_HalfCheetah-v5_6198_fa20d_00003,resolved
SAC,HalfCheetah-v5,6198,78,CODA_FULL_HalfCheetah-v5_6198_fa20d_00003,resolved
SAC,HalfCheetah-v5,6198,81,CODA_FULL_HalfCheetah-v5_6198_fa20d_00001,resolved
SAC,HalfCheetah-v5,6198,84,CODA_FULL_HalfCheetah-v5_6198_fa20d_00003,resolved
SAC,HalfCheetah-v5,6198,89,CODA_FULL_HalfCheetah-v5_6198_fa20d_00003,no_post_anchor_report
SAC,HalfCheetah-v5,7433,8,CODA_FULL_HalfCheetah-v5_7433_11c15_00003,resolved
SAC,HalfCheetah-v5,7433,15,CODA_FULL_HalfCheetah-v5_7433_11c15_00002,resolved
SAC,HalfCheetah-v5,7433,20,CODA_FULL_HalfCheetah-v5_7433_11c15_00002,resolved
SAC,HalfCheetah-v5,7433,40,CODA_FULL_HalfCheetah-v5_7433_11c15_00001,resolved
SAC,HalfCheetah-v5,7433,45,CODA_FULL_HalfCheetah-v5_7433_11c15_00001,resolved
SAC,HalfCheetah-v5,7433,50,CODA_FULL_HalfCheetah-v5_7433_11c15_00001,resolved
SAC,HalfCheetah-v5,7433,55,CODA_FULL_HalfCheetah-v5_7433_11c15_00001,resolved
SAC,HalfCheetah-v5,7433,72,CODA_FULL_HalfCheetah-v5_7433_11c15_00000,resolved
SAC,HalfCheetah-v5,7433,77,CODA_FULL_HalfCheetah-v5_7433_11c15_00000,resolved
SAC,HalfCheetah-v5,7433,82,CODA_FULL_HalfCheetah-v5_7433_11c15_00000,resolved
SAC,HalfCheetah-v5,7433,86,CODA_FULL_HalfCheetah-v5_7433_11c15_00000,resolved
SAC,HalfCheetah-v5,7433,89,CODA_FULL_HalfCheetah-v5_7433_11c15_00000,no_post_anchor_report
SAC,HalfCheetah-v5,8256,16,CODA_FULL_HalfCheetah-v5_8256_02abc_00003,resolved
SAC,HalfCheetah-v5,8256,18,CODA_FULL_HalfCheetah-v5_8256_02abc_00000,resolved
SAC,HalfCheetah-v5,8256,24,CODA_FULL_HalfCheetah-v5_8256_02abc_00002,resolved
SAC,HalfCheetah-v5,8256,27,CODA_FULL_HalfCheetah-v5_8256_02abc_00003,resolved
SAC,HalfCheetah-v5,8256,33,CODA_FULL_HalfCheetah-v5_8256_02abc_00000,resolved
SAC,HalfCheetah-v5,8256,38,CODA_FULL_HalfCheetah-v5_8256_02abc_00000,resolved
SAC,HalfCheetah-v5,8256,43,CODA_FULL_HalfCheetah-v5_8256_02abc_00000,resolved
SAC,HalfCheetah-v5,8256,48,CODA_FULL_HalfCheetah-v5_8256_02abc_00000,resolved
SAC,HalfCheetah-v5,8256,53,CODA_FULL_HalfCheetah-v5_8256_02abc_00000,resolved
SAC,HalfCheetah-v5,8256,58,CODA_FULL_HalfCheetah-v5_8256_02abc_00000,resolved
SAC,HalfCheetah-v5,8256,63,CODA_FULL_HalfCheetah-v5_8256_02abc_00000,resolved
SAC,HalfCheetah-v5,8256,68,CODA_FULL_HalfCheetah-v5_8256_02abc_00000,resolved
SAC,HalfCheetah-v5,8256,73,CODA_FULL_HalfCheetah-v5_8256_02abc_00000,resolved
SAC,HalfCheetah-v5,8256,78,CODA_FULL_HalfCheetah-v5_8256_02abc_00000,resolved
SAC,HalfCheetah-v5,8256,81,CODA_FULL_HalfCheetah-v5_8256_02abc_00003,resolved
SAC,HalfCheetah-v5,8256,85,CODA_FULL_HalfCheetah-v5_8256_02abc_00003,resolved
SAC,HalfCheetah-v5,8256,92,CODA_FULL_HalfCheetah-v5_8256_02abc_00003,resolved
SAC,HalfCheetah-v5,8256,95,CODA_FULL_HalfCheetah-v5_8256_02abc_00003,no_post_anchor_report
SAC,HalfCheetah-v5,9107,21,CODA_FULL_HalfCheetah-v5_9107_cc350_00003,resolved
SAC,HalfCheetah-v5,9107,27,CODA_FULL_HalfCheetah-v5_9107_cc350_00002,resolved
SAC,HalfCheetah-v5,9107,33,CODA_FULL_HalfCheetah-v5_9107_cc350_00002,resolved
SAC,HalfCheetah-v5,9107,40,CODA_FULL_HalfCheetah-v5_9107_cc350_00003,resolved
SAC,HalfCheetah-v5,9107,45,CODA_FULL_HalfCheetah-v5_9107_cc350_00003,resolved
SAC,HalfCheetah-v5,9107,50,CODA_FULL_HalfCheetah-v5_9107_cc350_00003,resolved
SAC,HalfCheetah-v5,9107,55,CODA_FULL_HalfCheetah-v5_9107_cc350_00003,resolved
SAC,HalfCheetah-v5,9107,60,CODA_FULL_HalfCheetah-v5_9107_cc350_00003,resolved
SAC,HalfCheetah-v5,9107,65,CODA_FULL_HalfCheetah-v5_9107_cc350_00003,resolved
SAC,HalfCheetah-v5,9107,71,CODA_FULL_HalfCheetah-v5_9107_cc350_00003,resolved
SAC,HalfCheetah-v5,9107,76,CODA_FULL_HalfCheetah-v5_9107_cc350_00003,resolved
SAC,HalfCheetah-v5,9107,81,CODA_FULL_HalfCheetah-v5_9107_cc350_00003,resolved
SAC,HalfCheetah-v5,9107,85,CODA_FULL_HalfCheetah-v5_9107_cc350_00003,no_post_anchor_report
SAC,HalfCheetah-v5,9845,7,CODA_FULL_HalfCheetah-v5_9845_8ec6d_00002,resolved
SAC,HalfCheetah-v5,9845,19,CODA_FULL_HalfCheetah-v5_9845_8ec6d_00003,resolved
SAC,HalfCheetah-v5,9845,30,CODA_FULL_HalfCheetah-v5_9845_8ec6d_00002,resolved
SAC,HalfCheetah-v5,9845,35,CODA_FULL_HalfCheetah-v5_9845_8ec6d_00002,resolved
SAC,HalfCheetah-v5,9845,40,CODA_FULL_HalfCheetah-v5_9845_8ec6d_00002,resolved
SAC,HalfCheetah-v5,9845,45,CODA_FULL_HalfCheetah-v5_9845_8ec6d_00002,resolved
SAC,HalfCheetah-v5,9845,50,CODA_FULL_HalfCheetah-v5_9845_8ec6d_00002,resolved
SAC,HalfCheetah-v5,9845,55,CODA_FULL_HalfCheetah-v5_9845_8ec6d_00002,resolved
SAC,HalfCheetah-v5,9845,60,CODA_FULL_HalfCheetah-v5_9845_8ec6d_00002,resolved
SAC,HalfCheetah-v5,9845,65,CODA_FULL_HalfCheetah-v5_9845_8ec6d_00002,resolved
SAC,HalfCheetah-v5,9845,67,CODA_FULL_HalfCheetah-v5_9845_8ec6d_00000,resolved
SAC,HalfCheetah-v5,9845,71,CODA_FULL_HalfCheetah-v5_9845_8ec6d_00002,resolved
SAC,HalfCheetah-v5,9845,73,CODA_FULL_HalfCheetah-v5_9845_8ec6d_00000,resolved
SAC,HalfCheetah-v5,9845,80,CODA_FULL_HalfCheetah-v5_9845_8ec6d_00002,resolved
SAC,HalfCheetah-v5,9845,88,CODA_FULL_HalfCheetah-v5_9845_8ec6d_00002,no_post_anchor_report
SAC,Hopper-v5,1042,9,CODA_FULL_Hopper-v5_1042_73ea6_00003,resolved
SAC,Hopper-v5,1042,15,CODA_FULL_Hopper-v5_1042_73ea6_00002,resolved
SAC,Hopper-v5,1042,30,CODA_FULL_Hopper-v5_1042_73ea6_00003,resolved
SAC,Hopper-v5,1042,34,CODA_FULL_Hopper-v5_1042_73ea6_00002,resolved
SAC,Hopper-v5,1042,36,CODA_FULL_Hopper-v5_1042_73ea6_00003,resolved
SAC,Hopper-v5,1042,42,CODA_FULL_Hopper-v5_1042_73ea6_00003,resolved
SAC,Hopper-v5,1042,48,CODA_FULL_Hopper-v5_1042_73ea6_00003,resolved
SAC,Hopper-v5,1042,54,CODA_FULL_Hopper-v5_1042_73ea6_00001,resolved
SAC,Hopper-v5,1042,61,CODA_FULL_Hopper-v5_1042_73ea6_00002,resolved
SAC,Hopper-v5,1042,63,CODA_FULL_Hopper-v5_1042_73ea6_00003,resolved
SAC,Hopper-v5,2854,6,CODA_FULL_Hopper-v5_2854_fde48_00003,resolved
SAC,Hopper-v5,2854,17,CODA_FULL_Hopper-v5_2854_fde48_00003,resolved
SAC,Hopper-v5,2854,22,CODA_FULL_Hopper-v5_2854_fde48_00003,resolved
SAC,Hopper-v5,2854,30,CODA_FULL_Hopper-v5_2854_fde48_00002,resolved
SAC,Hopper-v5,2854,35,CODA_FULL_Hopper-v5_2854_fde48_00002,resolved
SAC,Hopper-v5,2854,40,CODA_FULL_Hopper-v5_2854_fde48_00002,resolved
SAC,Hopper-v5,2854,45,CODA_FULL_Hopper-v5_2854_fde48_00002,resolved
SAC,Hopper-v5,2854,50,CODA_FULL_Hopper-v5_2854_fde48_00002,resolved
SAC,Hopper-v5,2854,56,CODA_FULL_Hopper-v5_2854_fde48_00001,resolved
SAC,Hopper-v5,2854,60,CODA_FULL_Hopper-v5_2854_fde48_00002,resolved
SAC,Hopper-v5,2854,62,CODA_FULL_Hopper-v5_2854_fde48_00001,resolved
SAC,Hopper-v5,2854,82,CODA_FULL_Hopper-v5_2854_fde48_00000,resolved
SAC,Hopper-v5,2854,87,CODA_FULL_Hopper-v5_2854_fde48_00000,no_post_anchor_report
SAC,Hopper-v5,3910,12,CODA_FULL_Hopper-v5_3910_cc456_00000,resolved
SAC,Hopper-v5,3910,18,CODA_FULL_Hopper-v5_3910_cc456_00002,resolved
SAC,Hopper-v5,3910,24,CODA_FULL_Hopper-v5_3910_cc456_00003,resolved
SAC,Hopper-v5,3910,30,CODA_FULL_Hopper-v5_3910_cc456_00003,resolved
SAC,Hopper-v5,3910,35,CODA_FULL_Hopper-v5_3910_cc456_00003,resolved
SAC,Hopper-v5,3910,40,CODA_FULL_Hopper-v5_3910_cc456_00003,resolved
SAC,Hopper-v5,3910,48,CODA_FULL_Hopper-v5_3910_cc456_00001,resolved
SAC,Hopper-v5,3910,52,CODA_FULL_Hopper-v5_3910_cc456_00000,resolved
SAC,Hopper-v5,3910,61,CODA_FULL_Hopper-v5_3910_cc456_00001,resolved
SAC,Hopper-v5,3910,68,CODA_FULL_Hopper-v5_3910_cc456_00001,resolved
SAC,Hopper-v5,3910,77,CODA_FULL_Hopper-v5_3910_cc456_00001,resolved
SAC,Hopper-v5,3910,82,CODA_FULL_Hopper-v5_3910_cc456_00001,resolved
SAC,Hopper-v5,4721,15,CODA_FULL_Hopper-v5_4721_670d6_00000,resolved
SAC,Hopper-v5,4721,22,CODA_FULL_Hopper-v5_4721_670d6_00002,resolved
SAC,Hopper-v5,4721,28,CODA_FULL_Hopper-v5_4721_670d6_00003,resolved
SAC,Hopper-v5,4721,34,CODA_FULL_Hopper-v5_4721_670d6_00003,resolved
SAC,Hopper-v5,4721,44,CODA_FULL_Hopper-v5_4721_670d6_00001,resolved
SAC,Hopper-v5,4721,49,CODA_FULL_Hopper-v5_4721_670d6_00002,resolved
SAC,Hopper-v5,4721,51,CODA_FULL_Hopper-v5_4721_670d6_00001,resolved
SAC,Hopper-v5,4721,56,CODA_FULL_Hopper-v5_4721_670d6_00001,resolved
SAC,Hopper-v5,4721,65,CODA_FULL_Hopper-v5_4721_670d6_00001,resolved
SAC,Hopper-v5,4721,68,CODA_FULL_Hopper-v5_4721_670d6_00002,resolved
SAC,Hopper-v5,4721,74,CODA_FULL_Hopper-v5_4721_670d6_00002,resolved
SAC,Hopper-v5,4721,79,CODA_FULL_Hopper-v5_4721_670d6_00002,resolved
SAC,Hopper-v5,4721,85,CODA_FULL_Hopper-v5_4721_670d6_00001,resolved
SAC,Hopper-v5,5603,19,CODA_FULL_Hopper-v5_5603_b8f9d_00003,resolved
SAC,Hopper-v5,5603,23,CODA_FULL_Hopper-v5_5603_b8f9d_00000,resolved
SAC,Hopper-v5,5603,33,CODA_FULL_Hopper-v5_5603_b8f9d_00003,resolved
SAC,Hopper-v5,5603,36,CODA_FULL_Hopper-v5_5603_b8f9d_00000,resolved
SAC,Hopper-v5,5603,39,CODA_FULL_Hopper-v5_5603_b8f9d_00003,resolved
SAC,Hopper-v5,5603,42,CODA_FULL_Hopper-v5_5603_b8f9d_00000,resolved
SAC,Hopper-v5,5603,58,CODA_FULL_Hopper-v5_5603_b8f9d_00001,resolved
SAC,Hopper-v5,5603,64,CODA_FULL_Hopper-v5_5603_b8f9d_00001,resolved
SAC,Hopper-v5,5603,66,CODA_FULL_Hopper-v5_5603_b8f9d_00003,resolved
SAC,Hopper-v5,5603,75,CODA_FULL_Hopper-v5_5603_b8f9d_00003,resolved
SAC,Hopper-v5,5603,78,CODA_FULL_Hopper-v5_5603_b8f9d_00001,resolved
SAC,Hopper-v5,5603,87,CODA_FULL_Hopper-v5_5603_b8f9d_00003,no_post_anchor_report
SAC,Hopper-v5,5603,89,CODA_FULL_Hopper-v5_5603_b8f9d_00001,no_post_anchor_report
SAC,Hopper-v5,6198,10,CODA_FULL_Hopper-v5_6198_77071_00001,resolved
SAC,Hopper-v5,6198,18,CODA_FULL_Hopper-v5_6198_77071_00003,resolved
SAC,Hopper-v5,6198,24,CODA_FULL_Hopper-v5_6198_77071_00003,resolved
SAC,Hopper-v5,6198,30,CODA_FULL_Hopper-v5_6198_77071_00001,resolved
SAC,Hopper-v5,6198,35,CODA_FULL_Hopper-v5_6198_77071_00001,resolved
SAC,Hopper-v5,6198,37,CODA_FULL_Hopper-v5_6198_77071_00002,resolved
SAC,Hopper-v5,6198,41,CODA_FULL_Hopper-v5_6198_77071_00001,resolved
SAC,Hopper-v5,6198,47,CODA_FULL_Hopper-v5_6198_77071_00002,resolved
SAC,Hopper-v5,6198,52,CODA_FULL_Hopper-v5_6198_77071_00002,resolved
SAC,Hopper-v5,6198,60,CODA_FULL_Hopper-v5_6198_77071_00002,resolved
SAC,Hopper-v5,6198,65,CODA_FULL_Hopper-v5_6198_77071_00002,resolved
SAC,Hopper-v5,6198,73,CODA_FULL_Hopper-v5_6198_77071_00000,resolved
SAC,Hopper-v5,6198,78,CODA_FULL_Hopper-v5_6198_77071_00000,resolved
SAC,Hopper-v5,6198,84,CODA_FULL_Hopper-v5_6198_77071_00000,no_post_anchor_report
SAC,Hopper-v5,7433,8,CODA_FULL_Hopper-v5_7433_e3b7b_00002,resolved
SAC,Hopper-v5,7433,14,CODA_FULL_Hopper-v5_7433_e3b7b_00000,resolved
SAC,Hopper-v5,7433,41,CODA_FULL_Hopper-v5_7433_e3b7b_00000,resolved
SAC,Hopper-v5,7433,46,CODA_FULL_Hopper-v5_7433_e3b7b_00000,resolved
SAC,Hopper-v5,7433,65,CODA_FULL_Hopper-v5_7433_e3b7b_00003,resolved
SAC,Hopper-v5,7433,70,CODA_FULL_Hopper-v5_7433_e3b7b_00000,resolved
SAC,Hopper-v5,7433,72,CODA_FULL_Hopper-v5_7433_e3b7b_00003,resolved
SAC,Hopper-v5,7433,76,CODA_FULL_Hopper-v5_7433_e3b7b_00000,resolved
SAC,Hopper-v5,7433,81,CODA_FULL_Hopper-v5_7433_e3b7b_00003,resolved
SAC,Hopper-v5,7433,85,CODA_FULL_Hopper-v5_7433_e3b7b_00003,no_post_anchor_report
SAC,Hopper-v5,8256,9,CODA_FULL_Hopper-v5_8256_e0e25_00001,resolved
SAC,Hopper-v5,8256,11,CODA_FULL_Hopper-v5_8256_e0e25_00000,resolved
SAC,Hopper-v5,8256,16,CODA_FULL_Hopper-v5_8256_e0e25_00000,resolved
SAC,Hopper-v5,8256,21,CODA_FULL_Hopper-v5_8256_e0e25_00000,resolved
SAC,Hopper-v5,8256,27,CODA_FULL_Hopper-v5_8256_e0e25_00002,resolved
SAC,Hopper-v5,8256,37,CODA_FULL_Hopper-v5_8256_e0e25_00002,resolved
SAC,Hopper-v5,8256,42,CODA_FULL_Hopper-v5_8256_e0e25_00002,resolved
SAC,Hopper-v5,8256,49,CODA_FULL_Hopper-v5_8256_e0e25_00000,resolved
SAC,Hopper-v5,8256,51,CODA_FULL_Hopper-v5_8256_e0e25_00002,resolved
SAC,Hopper-v5,8256,58,CODA_FULL_Hopper-v5_8256_e0e25_00001,resolved
SAC,Hopper-v5,8256,64,CODA_FULL_Hopper-v5_8256_e0e25_00001,resolved
SAC,Hopper-v5,8256,73,CODA_FULL_Hopper-v5_8256_e0e25_00001,resolved
SAC,Hopper-v5,8256,82,CODA_FULL_Hopper-v5_8256_e0e25_00001,resolved
SAC,Hopper-v5,8256,87,CODA_FULL_Hopper-v5_8256_e0e25_00001,no_post_anchor_report
SAC,Hopper-v5,9107,13,CODA_FULL_Hopper-v5_9107_f7cd3_00000,resolved
SAC,Hopper-v5,9107,18,CODA_FULL_Hopper-v5_9107_f7cd3_00000,resolved
SAC,Hopper-v5,9107,23,CODA_FULL_Hopper-v5_9107_f7cd3_00000,resolved
SAC,Hopper-v5,9107,32,CODA_FULL_Hopper-v5_9107_f7cd3_00000,resolved
SAC,Hopper-v5,9107,37,CODA_FULL_Hopper-v5_9107_f7cd3_00000,resolved
SAC,Hopper-v5,9107,46,CODA_FULL_Hopper-v5_9107_f7cd3_00003,resolved
SAC,Hopper-v5,9107,51,CODA_FULL_Hopper-v5_9107_f7cd3_00003,resolved
SAC,Hopper-v5,9107,61,CODA_FULL_Hopper-v5_9107_f7cd3_00000,resolved
SAC,Hopper-v5,9107,63,CODA_FULL_Hopper-v5_9107_f7cd3_00002,resolved
SAC,Hopper-v5,9107,67,CODA_FULL_Hopper-v5_9107_f7cd3_00000,resolved
SAC,Hopper-v5,9107,75,CODA_FULL_Hopper-v5_9107_f7cd3_00003,resolved
SAC,Hopper-v5,9107,81,CODA_FULL_Hopper-v5_9107_f7cd3_00003,resolved
SAC,Hopper-v5,9107,86,CODA_FULL_Hopper-v5_9107_f7cd3_00003,no_post_anchor_report
SAC,Hopper-v5,9845,10,CODA_FULL_Hopper-v5_9845_1ec85_00003,resolved
SAC,Hopper-v5,9845,15,CODA_FULL_Hopper-v5_9845_1ec85_00003,resolved
SAC,Hopper-v5,9845,17,CODA_FULL_Hopper-v5_9845_1ec85_00001,resolved
SAC,Hopper-v5,9845,23,CODA_FULL_Hopper-v5_9845_1ec85_00000,resolved
SAC,Hopper-v5,9845,29,CODA_FULL_Hopper-v5_9845_1ec85_00002,resolved
SAC,Hopper-v5,9845,34,CODA_FULL_Hopper-v5_9845_1ec85_00002,resolved
SAC,Hopper-v5,9845,39,CODA_FULL_Hopper-v5_9845_1ec85_00002,resolved
SAC,Hopper-v5,9845,44,CODA_FULL_Hopper-v5_9845_1ec85_00002,resolved
SAC,Hopper-v5,9845,50,CODA_FULL_Hopper-v5_9845_1ec85_00001,resolved
SAC,Hopper-v5,9845,52,CODA_FULL_Hopper-v5_9845_1ec85_00000,resolved
SAC,Hopper-v5,9845,58,CODA_FULL_Hopper-v5_9845_1ec85_00000,resolved
SAC,Hopper-v5,9845,63,CODA_FULL_Hopper-v5_9845_1ec85_00000,resolved
SAC,Hopper-v5,9845,68,CODA_FULL_Hopper-v5_9845_1ec85_00000,resolved
SAC,Hopper-v5,9845,73,CODA_FULL_Hopper-v5_9845_1ec85_00000,resolved
SAC,Hopper-v5,9845,87,CODA_FULL_Hopper-v5_9845_1ec85_00001,resolved
SAC,Hopper-v5,9845,90,CODA_FULL_Hopper-v5_9845_1ec85_00001,no_post_anchor_report
SAC,Swimmer-v5,1042,8,CODA_FULL_Swimmer-v5_1042_afd6d_00002,resolved
SAC,Swimmer-v5,1042,13,CODA_FULL_Swimmer-v5_1042_afd6d_00002,resolved
SAC,Swimmer-v5,1042,28,CODA_FULL_Swimmer-v5_1042_afd6d_00001,resolved
SAC,Swimmer-v5,1042,41,CODA_FULL_Swimmer-v5_1042_afd6d_00001,resolved
SAC,Swimmer-v5,1042,48,CODA_FULL_Swimmer-v5_1042_afd6d_00002,resolved
SAC,Swimmer-v5,1042,50,CODA_FULL_Swimmer-v5_1042_afd6d_00003,resolved
SAC,Swimmer-v5,1042,52,CODA_FULL_Swimmer-v5_1042_afd6d_00001,resolved
SAC,Swimmer-v5,1042,58,CODA_FULL_Swimmer-v5_1042_afd6d_00000,resolved
SAC,Swimmer-v5,1042,60,CODA_FULL_Swimmer-v5_1042_afd6d_00002,resolved
SAC,Swimmer-v5,1042,62,CODA_FULL_Swimmer-v5_1042_afd6d_00003,resolved
SAC,Swimmer-v5,1042,68,CODA_FULL_Swimmer-v5_1042_afd6d_00001,resolved
SAC,Swimmer-v5,1042,77,CODA_FULL_Swimmer-v5_1042_afd6d_00001,resolved
SAC,Swimmer-v5,1042,79,CODA_FULL_Swimmer-v5_1042_afd6d_00000,resolved
SAC,Swimmer-v5,1042,86,CODA_FULL_Swimmer-v5_1042_afd6d_00003,resolved
SAC,Swimmer-v5,2854,6,CODA_FULL_Swimmer-v5_2854_f235c_00003,resolved
SAC,Swimmer-v5,2854,11,CODA_FULL_Swimmer-v5_2854_f235c_00003,resolved
SAC,Swimmer-v5,2854,13,CODA_FULL_Swimmer-v5_2854_f235c_00000,resolved
SAC,Swimmer-v5,2854,18,CODA_FULL_Swimmer-v5_2854_f235c_00000,resolved
SAC,Swimmer-v5,2854,25,CODA_FULL_Swimmer-v5_2854_f235c_00001,resolved
SAC,Swimmer-v5,2854,30,CODA_FULL_Swimmer-v5_2854_f235c_00001,resolved
SAC,Swimmer-v5,2854,36,CODA_FULL_Swimmer-v5_2854_f235c_00001,resolved
SAC,Swimmer-v5,2854,53,CODA_FULL_Swimmer-v5_2854_f235c_00003,resolved
SAC,Swimmer-v5,2854,58,CODA_FULL_Swimmer-v5_2854_f235c_00003,resolved
SAC,Swimmer-v5,2854,62,CODA_FULL_Swimmer-v5_2854_f235c_00002,resolved
SAC,Swimmer-v5,2854,71,CODA_FULL_Swimmer-v5_2854_f235c_00002,resolved
SAC,Swimmer-v5,2854,73,CODA_FULL_Swimmer-v5_2854_f235c_00000,resolved
SAC,Swimmer-v5,2854,77,CODA_FULL_Swimmer-v5_2854_f235c_00002,resolved
SAC,Swimmer-v5,2854,82,CODA_FULL_Swimmer-v5_2854_f235c_00002,resolved
SAC,Swimmer-v5,2854,86,CODA_FULL_Swimmer-v5_2854_f235c_00001,resolved
SAC,Swimmer-v5,3910,12,CODA_FULL_Swimmer-v5_3910_cfe82_00003,resolved
SAC,Swimmer-v5,3910,17,CODA_FULL_Swimmer-v5_3910_cfe82_00003,resolved
SAC,Swimmer-v5,3910,24,CODA_FULL_Swimmer-v5_3910_cfe82_00000,resolved
SAC,Swimmer-v5,3910,33,CODA_FULL_Swimmer-v5_3910_cfe82_00000,resolved
SAC,Swimmer-v5,3910,38,CODA_FULL_Swimmer-v5_3910_cfe82_00000,resolved
SAC,Swimmer-v5,3910,43,CODA_FULL_Swimmer-v5_3910_cfe82_00000,resolved
SAC,Swimmer-v5,3910,48,CODA_FULL_Swimmer-v5_3910_cfe82_00000,resolved
SAC,Swimmer-v5,3910,56,CODA_FULL_Swimmer-v5_3910_cfe82_00002,resolved
SAC,Swimmer-v5,3910,63,CODA_FULL_Swimmer-v5_3910_cfe82_00000,resolved
SAC,Swimmer-v5,3910,70,CODA_FULL_Swimmer-v5_3910_cfe82_00001,resolved
SAC,Swimmer-v5,3910,77,CODA_FULL_Swimmer-v5_3910_cfe82_00000,resolved
SAC,Swimmer-v5,3910,83,CODA_FULL_Swimmer-v5_3910_cfe82_00001,resolved
SAC,Swimmer-v5,4721,16,CODA_FULL_Swimmer-v5_4721_d16b1_00001,resolved
SAC,Swimmer-v5,4721,21,CODA_FULL_Swimmer-v5_4721_d16b1_00001,resolved
SAC,Swimmer-v5,4721,28,CODA_FULL_Swimmer-v5_4721_d16b1_00002,resolved
SAC,Swimmer-v5,4721,38,CODA_FULL_Swimmer-v5_4721_d16b1_00000,resolved
SAC,Swimmer-v5,4721,46,CODA_FULL_Swimmer-v5_4721_d16b1_00002,resolved
SAC,Swimmer-v5,4721,52,CODA_FULL_Swimmer-v5_4721_d16b1_00000,resolved
SAC,Swimmer-v5,4721,59,CODA_FULL_Swimmer-v5_4721_d16b1_00003,resolved
SAC,Swimmer-v5,4721,61,CODA_FULL_Swimmer-v5_4721_d16b1_00002,resolved
SAC,Swimmer-v5,4721,66,CODA_FULL_Swimmer-v5_4721_d16b1_00002,resolved
SAC,Swimmer-v5,4721,72,CODA_FULL_Swimmer-v5_4721_d16b1_00000,resolved
SAC,Swimmer-v5,4721,77,CODA_FULL_Swimmer-v5_4721_d16b1_00000,resolved
SAC,Swimmer-v5,4721,80,CODA_FULL_Swimmer-v5_4721_d16b1_00002,resolved
SAC,Swimmer-v5,4721,84,CODA_FULL_Swimmer-v5_4721_d16b1_00003,resolved
SAC,Swimmer-v5,5603,20,CODA_FULL_Swimmer-v5_5603_ce85a_00002,resolved
SAC,Swimmer-v5,5603,25,CODA_FULL_Swimmer-v5_5603_ce85a_00002,resolved
SAC,Swimmer-v5,5603,35,CODA_FULL_Swimmer-v5_5603_ce85a_00001,resolved
SAC,Swimmer-v5,5603,42,CODA_FULL_Swimmer-v5_5603_ce85a_00003,resolved
SAC,Swimmer-v5,5603,44,CODA_FULL_Swimmer-v5_5603_ce85a_00002,resolved
SAC,Swimmer-v5,5603,50,CODA_FULL_Swimmer-v5_5603_ce85a_00001,resolved
SAC,Swimmer-v5,5603,55,CODA_FULL_Swimmer-v5_5603_ce85a_00001,resolved
SAC,Swimmer-v5,5603,61,CODA_FULL_Swimmer-v5_5603_ce85a_00001,resolved
SAC,Swimmer-v5,5603,74,CODA_FULL_Swimmer-v5_5603_ce85a_00001,resolved
SAC,Swimmer-v5,5603,82,CODA_FULL_Swimmer-v5_5603_ce85a_00003,resolved
SAC,Swimmer-v5,5603,84,CODA_FULL_Swimmer-v5_5603_ce85a_00001,resolved
SAC,Swimmer-v5,5603,88,CODA_FULL_Swimmer-v5_5603_ce85a_00003,no_post_anchor_report
SAC,Swimmer-v5,6198,9,CODA_FULL_Swimmer-v5_6198_e1fde_00003,resolved
SAC,Swimmer-v5,6198,14,CODA_FULL_Swimmer-v5_6198_e1fde_00003,resolved
SAC,Swimmer-v5,6198,16,CODA_FULL_Swimmer-v5_6198_e1fde_00001,resolved
SAC,Swimmer-v5,6198,19,CODA_FULL_Swimmer-v5_6198_e1fde_00002,resolved
SAC,Swimmer-v5,6198,26,CODA_FULL_Swimmer-v5_6198_e1fde_00001,resolved
SAC,Swimmer-v5,6198,32,CODA_FULL_Swimmer-v5_6198_e1fde_00003,resolved
SAC,Swimmer-v5,6198,38,CODA_FULL_Swimmer-v5_6198_e1fde_00000,resolved
SAC,Swimmer-v5,6198,40,CODA_FULL_Swimmer-v5_6198_e1fde_00002,resolved
SAC,Swimmer-v5,6198,48,CODA_FULL_Swimmer-v5_6198_e1fde_00000,resolved
SAC,Swimmer-v5,6198,56,CODA_FULL_Swimmer-v5_6198_e1fde_00000,resolved
SAC,Swimmer-v5,6198,59,CODA_FULL_Swimmer-v5_6198_e1fde_00003,resolved
SAC,Swimmer-v5,6198,65,CODA_FULL_Swimmer-v5_6198_e1fde_00002,resolved
SAC,Swimmer-v5,6198,70,CODA_FULL_Swimmer-v5_6198_e1fde_00002,resolved
SAC,Swimmer-v5,6198,76,CODA_FULL_Swimmer-v5_6198_e1fde_00002,resolved
SAC,Swimmer-v5,6198,81,CODA_FULL_Swimmer-v5_6198_e1fde_00002,resolved
SAC,Swimmer-v5,6198,88,CODA_FULL_Swimmer-v5_6198_e1fde_00003,resolved
SAC,Swimmer-v5,6198,94,CODA_FULL_Swimmer-v5_6198_e1fde_00000,resolved
SAC,Swimmer-v5,7433,14,CODA_FULL_Swimmer-v5_7433_7c5cd_00003,resolved
SAC,Swimmer-v5,7433,19,CODA_FULL_Swimmer-v5_7433_7c5cd_00003,resolved
SAC,Swimmer-v5,7433,27,CODA_FULL_Swimmer-v5_7433_7c5cd_00000,resolved
SAC,Swimmer-v5,7433,35,CODA_FULL_Swimmer-v5_7433_7c5cd_00002,resolved
SAC,Swimmer-v5,7433,42,CODA_FULL_Swimmer-v5_7433_7c5cd_00000,resolved
SAC,Swimmer-v5,7433,49,CODA_FULL_Swimmer-v5_7433_7c5cd_00003,resolved
SAC,Swimmer-v5,7433,54,CODA_FULL_Swimmer-v5_7433_7c5cd_00003,resolved
SAC,Swimmer-v5,7433,56,CODA_FULL_Swimmer-v5_7433_7c5cd_00002,resolved
SAC,Swimmer-v5,7433,61,CODA_FULL_Swimmer-v5_7433_7c5cd_00002,resolved
SAC,Swimmer-v5,7433,68,CODA_FULL_Swimmer-v5_7433_7c5cd_00003,resolved
SAC,Swimmer-v5,7433,71,CODA_FULL_Swimmer-v5_7433_7c5cd_00001,resolved
SAC,Swimmer-v5,7433,76,CODA_FULL_Swimmer-v5_7433_7c5cd_00001,resolved
SAC,Swimmer-v5,7433,82,CODA_FULL_Swimmer-v5_7433_7c5cd_00003,resolved
SAC,Swimmer-v5,7433,84,CODA_FULL_Swimmer-v5_7433_7c5cd_00002,resolved
SAC,Swimmer-v5,7433,88,CODA_FULL_Swimmer-v5_7433_7c5cd_00003,resolved
SAC,Swimmer-v5,7433,93,CODA_FULL_Swimmer-v5_7433_7c5cd_00003,no_post_anchor_report
SAC,Swimmer-v5,8256,15,CODA_FULL_Swimmer-v5_8256_e63a1_00002,resolved
SAC,Swimmer-v5,8256,17,CODA_FULL_Swimmer-v5_8256_e63a1_00003,resolved
SAC,Swimmer-v5,8256,21,CODA_FULL_Swimmer-v5_8256_e63a1_00002,resolved
SAC,Swimmer-v5,8256,27,CODA_FULL_Swimmer-v5_8256_e63a1_00003,resolved
SAC,Swimmer-v5,8256,33,CODA_FULL_Swimmer-v5_8256_e63a1_00000,resolved
SAC,Swimmer-v5,8256,37,CODA_FULL_Swimmer-v5_8256_e63a1_00003,resolved
SAC,Swimmer-v5,8256,46,CODA_FULL_Swimmer-v5_8256_e63a1_00000,resolved
SAC,Swimmer-v5,8256,52,CODA_FULL_Swimmer-v5_8256_e63a1_00000,resolved
SAC,Swimmer-v5,8256,58,CODA_FULL_Swimmer-v5_8256_e63a1_00002,resolved
SAC,Swimmer-v5,8256,64,CODA_FULL_Swimmer-v5_8256_e63a1_00003,resolved
SAC,Swimmer-v5,8256,66,CODA_FULL_Swimmer-v5_8256_e63a1_00001,resolved
SAC,Swimmer-v5,8256,75,CODA_FULL_Swimmer-v5_8256_e63a1_00002,resolved
SAC,Swimmer-v5,8256,79,CODA_FULL_Swimmer-v5_8256_e63a1_00003,resolved
SAC,Swimmer-v5,8256,85,CODA_FULL_Swimmer-v5_8256_e63a1_00002,resolved
SAC,Swimmer-v5,8256,87,CODA_FULL_Swimmer-v5_8256_e63a1_00000,resolved
SAC,Swimmer-v5,9107,14,CODA_FULL_Swimmer-v5_9107_1102f_00001,resolved
SAC,Swimmer-v5,9107,16,CODA_FULL_Swimmer-v5_9107_1102f_00000,resolved
SAC,Swimmer-v5,9107,21,CODA_FULL_Swimmer-v5_9107_1102f_00000,resolved
SAC,Swimmer-v5,9107,23,CODA_FULL_Swimmer-v5_9107_1102f_00002,resolved
SAC,Swimmer-v5,9107,28,CODA_FULL_Swimmer-v5_9107_1102f_00002,resolved
SAC,Swimmer-v5,9107,34,CODA_FULL_Swimmer-v5_9107_1102f_00003,resolved
SAC,Swimmer-v5,9107,39,CODA_FULL_Swimmer-v5_9107_1102f_00003,resolved
SAC,Swimmer-v5,9107,42,CODA_FULL_Swimmer-v5_9107_1102f_00000,resolved
SAC,Swimmer-v5,9107,47,CODA_FULL_Swimmer-v5_9107_1102f_00000,resolved
SAC,Swimmer-v5,9107,52,CODA_FULL_Swimmer-v5_9107_1102f_00000,resolved
SAC,Swimmer-v5,9107,59,CODA_FULL_Swimmer-v5_9107_1102f_00003,resolved
SAC,Swimmer-v5,9107,66,CODA_FULL_Swimmer-v5_9107_1102f_00002,resolved
SAC,Swimmer-v5,9107,71,CODA_FULL_Swimmer-v5_9107_1102f_00002,resolved
SAC,Swimmer-v5,9107,76,CODA_FULL_Swimmer-v5_9107_1102f_00002,resolved
SAC,Swimmer-v5,9107,84,CODA_FULL_Swimmer-v5_9107_1102f_00002,resolved
SAC,Swimmer-v5,9845,16,CODA_FULL_Swimmer-v5_9845_1a0bd_00002,resolved
SAC,Swimmer-v5,9845,21,CODA_FULL_Swimmer-v5_9845_1a0bd_00002,resolved
SAC,Swimmer-v5,9845,26,CODA_FULL_Swimmer-v5_9845_1a0bd_00002,resolved
SAC,Swimmer-v5,9845,29,CODA_FULL_Swimmer-v5_9845_1a0bd_00003,resolved
SAC,Swimmer-v5,9845,40,CODA_FULL_Swimmer-v5_9845_1a0bd_00002,resolved
SAC,Swimmer-v5,9845,42,CODA_FULL_Swimmer-v5_9845_1a0bd_00003,resolved
SAC,Swimmer-v5,9845,50,CODA_FULL_Swimmer-v5_9845_1a0bd_00002,resolved
SAC,Swimmer-v5,9845,60,CODA_FULL_Swimmer-v5_9845_1a0bd_00003,resolved
SAC,Swimmer-v5,9845,67,CODA_FULL_Swimmer-v5_9845_1a0bd_00002,resolved
SAC,Swimmer-v5,9845,74,CODA_FULL_Swimmer-v5_9845_1a0bd_00003,resolved
SAC,Swimmer-v5,9845,82,CODA_FULL_Swimmer-v5_9845_1a0bd_00000,no_post_anchor_report
SAC,Walker2d-v5,1042,7,CODA_FULL_Walker2d-v5_1042_6bdb8_00003,resolved
SAC,Walker2d-v5,1042,9,CODA_FULL_Walker2d-v5_1042_6bdb8_00001,resolved
SAC,Walker2d-v5,1042,14,CODA_FULL_Walker2d-v5_1042_6bdb8_00001,resolved
SAC,Walker2d-v5,1042,24,CODA_FULL_Walker2d-v5_1042_6bdb8_00003,resolved
SAC,Walker2d-v5,1042,45,CODA_FULL_Walker2d-v5_1042_6bdb8_00003,resolved
SAC,Walker2d-v5,1042,53,CODA_FULL_Walker2d-v5_1042_6bdb8_00002,resolved
SAC,Walker2d-v5,1042,59,CODA_FULL_Walker2d-v5_1042_6bdb8_00000,resolved
SAC,Walker2d-v5,1042,78,CODA_FULL_Walker2d-v5_1042_6bdb8_00002,resolved
SAC,Walker2d-v5,2854,13,CODA_FULL_Walker2d-v5_2854_ee771_00002,resolved
SAC,Walker2d-v5,2854,19,CODA_FULL_Walker2d-v5_2854_ee771_00003,resolved
SAC,Walker2d-v5,2854,31,CODA_FULL_Walker2d-v5_2854_ee771_00002,resolved
SAC,Walker2d-v5,2854,42,CODA_FULL_Walker2d-v5_2854_ee771_00001,resolved
SAC,Walker2d-v5,2854,48,CODA_FULL_Walker2d-v5_2854_ee771_00003,resolved
SAC,Walker2d-v5,2854,50,CODA_FULL_Walker2d-v5_2854_ee771_00000,resolved
SAC,Walker2d-v5,2854,60,CODA_FULL_Walker2d-v5_2854_ee771_00002,resolved
SAC,Walker2d-v5,2854,62,CODA_FULL_Walker2d-v5_2854_ee771_00001,resolved
SAC,Walker2d-v5,2854,68,CODA_FULL_Walker2d-v5_2854_ee771_00000,resolved
SAC,Walker2d-v5,2854,74,CODA_FULL_Walker2d-v5_2854_ee771_00003,resolved
SAC,Walker2d-v5,2854,79,CODA_FULL_Walker2d-v5_2854_ee771_00003,resolved
SAC,Walker2d-v5,2854,85,CODA_FULL_Walker2d-v5_2854_ee771_00000,resolved
SAC,Walker2d-v5,3910,20,CODA_FULL_Walker2d-v5_3910_880ed_00002,resolved
SAC,Walker2d-v5,3910,25,CODA_FULL_Walker2d-v5_3910_880ed_00002,resolved
SAC,Walker2d-v5,3910,30,CODA_FULL_Walker2d-v5_3910_880ed_00002,resolved
SAC,Walker2d-v5,3910,35,CODA_FULL_Walker2d-v5_3910_880ed_00002,resolved
SAC,Walker2d-v5,3910,37,CODA_FULL_Walker2d-v5_3910_880ed_00000,resolved
SAC,Walker2d-v5,3910,45,CODA_FULL_Walker2d-v5_3910_880ed_00002,resolved
SAC,Walker2d-v5,3910,51,CODA_FULL_Walker2d-v5_3910_880ed_00000,resolved
SAC,Walker2d-v5,3910,56,CODA_FULL_Walker2d-v5_3910_880ed_00000,resolved
SAC,Walker2d-v5,3910,61,CODA_FULL_Walker2d-v5_3910_880ed_00000,resolved
SAC,Walker2d-v5,3910,69,CODA_FULL_Walker2d-v5_3910_880ed_00003,resolved
SAC,Walker2d-v5,3910,76,CODA_FULL_Walker2d-v5_3910_880ed_00002,resolved
SAC,Walker2d-v5,3910,78,CODA_FULL_Walker2d-v5_3910_880ed_00000,resolved
SAC,Walker2d-v5,3910,87,CODA_FULL_Walker2d-v5_3910_880ed_00000,resolved
SAC,Walker2d-v5,3910,90,CODA_FULL_Walker2d-v5_3910_880ed_00000,no_post_anchor_report
SAC,Walker2d-v5,4721,10,CODA_FULL_Walker2d-v5_4721_34b10_00000,resolved
SAC,Walker2d-v5,4721,16,CODA_FULL_Walker2d-v5_4721_34b10_00000,resolved
SAC,Walker2d-v5,4721,21,CODA_FULL_Walker2d-v5_4721_34b10_00000,resolved
SAC,Walker2d-v5,4721,26,CODA_FULL_Walker2d-v5_4721_34b10_00000,resolved
SAC,Walker2d-v5,4721,33,CODA_FULL_Walker2d-v5_4721_34b10_00002,resolved
SAC,Walker2d-v5,4721,39,CODA_FULL_Walker2d-v5_4721_34b10_00003,resolved
SAC,Walker2d-v5,4721,41,CODA_FULL_Walker2d-v5_4721_34b10_00000,resolved
SAC,Walker2d-v5,4721,46,CODA_FULL_Walker2d-v5_4721_34b10_00000,resolved
SAC,Walker2d-v5,4721,51,CODA_FULL_Walker2d-v5_4721_34b10_00000,resolved
SAC,Walker2d-v5,4721,60,CODA_FULL_Walker2d-v5_4721_34b10_00002,resolved
SAC,Walker2d-v5,4721,66,CODA_FULL_Walker2d-v5_4721_34b10_00002,resolved
SAC,Walker2d-v5,4721,69,CODA_FULL_Walker2d-v5_4721_34b10_00000,resolved
SAC,Walker2d-v5,4721,75,CODA_FULL_Walker2d-v5_4721_34b10_00002,resolved
SAC,Walker2d-v5,4721,79,CODA_FULL_Walker2d-v5_4721_34b10_00000,resolved
SAC,Walker2d-v5,4721,84,CODA_FULL_Walker2d-v5_4721_34b10_00000,resolved
SAC,Walker2d-v5,4721,90,CODA_FULL_Walker2d-v5_4721_34b10_00003,resolved
SAC,Walker2d-v5,4721,94,CODA_FULL_Walker2d-v5_4721_34b10_00003,no_post_anchor_report
SAC,Walker2d-v5,5603,10,CODA_FULL_Walker2d-v5_5603_1c510_00002,resolved
SAC,Walker2d-v5,5603,17,CODA_FULL_Walker2d-v5_5603_1c510_00002,resolved
SAC,Walker2d-v5,5603,22,CODA_FULL_Walker2d-v5_5603_1c510_00002,resolved
SAC,Walker2d-v5,5603,27,CODA_FULL_Walker2d-v5_5603_1c510_00002,resolved
SAC,Walker2d-v5,5603,32,CODA_FULL_Walker2d-v5_5603_1c510_00002,resolved
SAC,Walker2d-v5,5603,36,CODA_FULL_Walker2d-v5_5603_1c510_00003,resolved
SAC,Walker2d-v5,5603,40,CODA_FULL_Walker2d-v5_5603_1c510_00000,resolved
SAC,Walker2d-v5,5603,49,CODA_FULL_Walker2d-v5_5603_1c510_00000,resolved
SAC,Walker2d-v5,5603,54,CODA_FULL_Walker2d-v5_5603_1c510_00000,resolved
SAC,Walker2d-v5,5603,59,CODA_FULL_Walker2d-v5_5603_1c510_00000,resolved
SAC,Walker2d-v5,5603,65,CODA_FULL_Walker2d-v5_5603_1c510_00003,resolved
SAC,Walker2d-v5,5603,75,CODA_FULL_Walker2d-v5_5603_1c510_00002,resolved
SAC,Walker2d-v5,5603,80,CODA_FULL_Walker2d-v5_5603_1c510_00002,resolved
SAC,Walker2d-v5,5603,86,CODA_FULL_Walker2d-v5_5603_1c510_00000,resolved
SAC,Walker2d-v5,6198,8,CODA_FULL_Walker2d-v5_6198_64cd2_00001,resolved
SAC,Walker2d-v5,6198,14,CODA_FULL_Walker2d-v5_6198_64cd2_00003,resolved
SAC,Walker2d-v5,6198,19,CODA_FULL_Walker2d-v5_6198_64cd2_00003,resolved
SAC,Walker2d-v5,6198,24,CODA_FULL_Walker2d-v5_6198_64cd2_00003,resolved
SAC,Walker2d-v5,6198,29,CODA_FULL_Walker2d-v5_6198_64cd2_00000,resolved
SAC,Walker2d-v5,6198,34,CODA_FULL_Walker2d-v5_6198_64cd2_00000,resolved
SAC,Walker2d-v5,6198,45,CODA_FULL_Walker2d-v5_6198_64cd2_00002,resolved
SAC,Walker2d-v5,6198,51,CODA_FULL_Walker2d-v5_6198_64cd2_00001,resolved
SAC,Walker2d-v5,6198,57,CODA_FULL_Walker2d-v5_6198_64cd2_00003,resolved
SAC,Walker2d-v5,6198,59,CODA_FULL_Walker2d-v5_6198_64cd2_00000,resolved
SAC,Walker2d-v5,6198,61,CODA_FULL_Walker2d-v5_6198_64cd2_00002,resolved
SAC,Walker2d-v5,6198,67,CODA_FULL_Walker2d-v5_6198_64cd2_00003,resolved
SAC,Walker2d-v5,6198,69,CODA_FULL_Walker2d-v5_6198_64cd2_00001,resolved
SAC,Walker2d-v5,6198,75,CODA_FULL_Walker2d-v5_6198_64cd2_00000,resolved
SAC,Walker2d-v5,6198,87,CODA_FULL_Walker2d-v5_6198_64cd2_00001,resolved
SAC,Walker2d-v5,6198,94,CODA_FULL_Walker2d-v5_6198_64cd2_00003,resolved
SAC,Walker2d-v5,6198,100,CODA_FULL_Walker2d-v5_6198_64cd2_00001,no_post_anchor_report
SAC,Walker2d-v5,7433,8,CODA_FULL_Walker2d-v5_7433_05282_00002,resolved
SAC,Walker2d-v5,7433,18,CODA_FULL_Walker2d-v5_7433_05282_00000,resolved
SAC,Walker2d-v5,7433,23,CODA_FULL_Walker2d-v5_7433_05282_00000,resolved
SAC,Walker2d-v5,7433,36,CODA_FULL_Walker2d-v5_7433_05282_00000,resolved
SAC,Walker2d-v5,7433,43,CODA_FULL_Walker2d-v5_7433_05282_00001,resolved
SAC,Walker2d-v5,7433,49,CODA_FULL_Walker2d-v5_7433_05282_00000,resolved
SAC,Walker2d-v5,7433,51,CODA_FULL_Walker2d-v5_7433_05282_00002,resolved
SAC,Walker2d-v5,7433,56,CODA_FULL_Walker2d-v5_7433_05282_00003,resolved
SAC,Walker2d-v5,7433,62,CODA_FULL_Walker2d-v5_7433_05282_00001,resolved
SAC,Walker2d-v5,7433,70,CODA_FULL_Walker2d-v5_7433_05282_00003,resolved
SAC,Walker2d-v5,7433,77,CODA_FULL_Walker2d-v5_7433_05282_00002,resolved
SAC,Walker2d-v5,7433,83,CODA_FULL_Walker2d-v5_7433_05282_00000,resolved
SAC,Walker2d-v5,7433,85,CODA_FULL_Walker2d-v5_7433_05282_00001,resolved
SAC,Walker2d-v5,7433,91,CODA_FULL_Walker2d-v5_7433_05282_00003,resolved
SAC,Walker2d-v5,7433,94,CODA_FULL_Walker2d-v5_7433_05282_00002,resolved
SAC,Walker2d-v5,7433,102,CODA_FULL_Walker2d-v5_7433_05282_00002,no_post_anchor_report
SAC,Walker2d-v5,8256,7,CODA_FULL_Walker2d-v5_8256_6d7c5_00003,resolved
SAC,Walker2d-v5,8256,13,CODA_FULL_Walker2d-v5_8256_6d7c5_00000,resolved
SAC,Walker2d-v5,8256,22,CODA_FULL_Walker2d-v5_8256_6d7c5_00000,resolved
SAC,Walker2d-v5,8256,27,CODA_FULL_Walker2d-v5_8256_6d7c5_00000,resolved
SAC,Walker2d-v5,8256,33,CODA_FULL_Walker2d-v5_8256_6d7c5_00001,resolved
SAC,Walker2d-v5,8256,37,CODA_FULL_Walker2d-v5_8256_6d7c5_00003,resolved
SAC,Walker2d-v5,8256,39,CODA_FULL_Walker2d-v5_8256_6d7c5_00001,resolved
SAC,Walker2d-v5,8256,45,CODA_FULL_Walker2d-v5_8256_6d7c5_00002,resolved
SAC,Walker2d-v5,8256,47,CODA_FULL_Walker2d-v5_8256_6d7c5_00000,resolved
SAC,Walker2d-v5,8256,52,CODA_FULL_Walker2d-v5_8256_6d7c5_00000,resolved
SAC,Walker2d-v5,8256,55,CODA_FULL_Walker2d-v5_8256_6d7c5_00001,resolved
SAC,Walker2d-v5,8256,57,CODA_FULL_Walker2d-v5_8256_6d7c5_00002,resolved
SAC,Walker2d-v5,8256,63,CODA_FULL_Walker2d-v5_8256_6d7c5_00000,resolved
SAC,Walker2d-v5,8256,71,CODA_FULL_Walker2d-v5_8256_6d7c5_00002,resolved
SAC,Walker2d-v5,8256,81,CODA_FULL_Walker2d-v5_8256_6d7c5_00000,resolved
SAC,Walker2d-v5,8256,90,CODA_FULL_Walker2d-v5_8256_6d7c5_00000,no_post_anchor_report
SAC,Walker2d-v5,9107,8,CODA_FULL_Walker2d-v5_9107_c520a_00000,resolved
SAC,Walker2d-v5,9107,15,CODA_FULL_Walker2d-v5_9107_c520a_00003,resolved
SAC,Walker2d-v5,9107,20,CODA_FULL_Walker2d-v5_9107_c520a_00003,resolved
SAC,Walker2d-v5,9107,23,CODA_FULL_Walker2d-v5_9107_c520a_00000,resolved
SAC,Walker2d-v5,9107,34,CODA_FULL_Walker2d-v5_9107_c520a_00001,resolved
SAC,Walker2d-v5,9107,49,CODA_FULL_Walker2d-v5_9107_c520a_00003,resolved
SAC,Walker2d-v5,9107,55,CODA_FULL_Walker2d-v5_9107_c520a_00000,resolved
SAC,Walker2d-v5,9107,73,CODA_FULL_Walker2d-v5_9107_c520a_00003,resolved
SAC,Walker2d-v5,9107,76,CODA_FULL_Walker2d-v5_9107_c520a_00002,resolved
SAC,Walker2d-v5,9107,81,CODA_FULL_Walker2d-v5_9107_c520a_00002,resolved
SAC,Walker2d-v5,9107,83,CODA_FULL_Walker2d-v5_9107_c520a_00000,resolved
SAC,Walker2d-v5,9107,90,CODA_FULL_Walker2d-v5_9107_c520a_00002,resolved
SAC,Walker2d-v5,9845,9,CODA_FULL_Walker2d-v5_9845_36d58_00002,resolved
SAC,Walker2d-v5,9845,18,CODA_FULL_Walker2d-v5_9845_36d58_00002,resolved
SAC,Walker2d-v5,9845,27,CODA_FULL_Walker2d-v5_9845_36d58_00002,resolved
SAC,Walker2d-v5,9845,34,CODA_FULL_Walker2d-v5_9845_36d58_00000,resolved
SAC,Walker2d-v5,9845,39,CODA_FULL_Walker2d-v5_9845_36d58_00000,resolved
SAC,Walker2d-v5,9845,47,CODA_FULL_Walker2d-v5_9845_36d58_00002,resolved
SAC,Walker2d-v5,9845,49,CODA_FULL_Walker2d-v5_9845_36d58_00000,resolved
SAC,Walker2d-v5,9845,55,CODA_FULL_Walker2d-v5_9845_36d58_00003,resolved
SAC,Walker2d-v5,9845,68,CODA_FULL_Walker2d-v5_9845_36d58_00002,resolved
SAC,Walker2d-v5,9845,70,CODA_FULL_Walker2d-v5_9845_36d58_00000,resolved
SAC,Walker2d-v5,9845,75,CODA_FULL_Walker2d-v5_9845_36d58_00000,resolved
SAC,Walker2d-v5,9845,83,CODA_FULL_Walker2d-v5_9845_36d58_00002,resolved
SAC,Walker2d-v5,9845,89,CODA_FULL_Walker2d-v5_9845_36d58_00000,resolved
