learner,environment,training_seed,CODA,PB2,difference
PPO,HalfCheetah-v5,1042,1429.244049021412,1485.1390302270413,-55.89498120562939
PPO,HalfCheetah-v5,2854,1148.7309300045576,1295.7034113695297,-146.97248136497205
PPO,HalfCheetah-v5,3910,2633.3895655728234,2926.6777387515,-293.2881731786765
PPO,HalfCheetah-v5,4721,1144.3631434219324,1050.3369359053822,94.02620751655013
PPO,HalfCheetah-v5,5603,1578.9309176391255,1228.718659530333,350.2122581087924
PPO,HalfCheetah-v5,6198,1389.1430015498918,1463.0880822634915,-73.94508071359974
PPO,HalfCheetah-v5,7433,1223.0858702160474,1378.0940635595555,-155.00819334350808
PPO,HalfCheetah-v5,8256,1120.2801763435427,1381.4757348804308,-261.19555853688803
PPO,HalfCheetah-v5,9107,1070.5626304653802,1126.6289686885307,-56.066338223150524
PPO,HalfCheetah-v5,9845,820.7218240568534,974.1243659912855,-153.40254193443207
PPO,Hopper-v5,1042,815.028771372549,548.6089075390323,266.41986383351673
PPO,Hopper-v5,2854,975.2666872266956,1545.7136504740997,-570.4469632474041
PPO,Hopper-v5,3910,743.8018137023789,1232.4347275492942,-488.63291384691524
PPO,Hopper-v5,4721,1249.441767425051,1127.4805352107246,121.9612322143264
PPO,Hopper-v5,5603,2711.5212629185976,1778.463676996657,933.0575859219407
PPO,Hopper-v5,6198,1255.6208257113392,1511.9585318069207,-256.33770609558155
PPO,Hopper-v5,7433,2147.612750197921,2022.1942838306832,125.41846636723767
PPO,Hopper-v5,8256,1168.6793759251034,1325.3932091572299,-156.7138332321265
PPO,Hopper-v5,9107,977.7205616437506,783.4373290092966,194.28323263445395
PPO,Hopper-v5,9845,1276.525169127506,2055.2280453376356,-778.7028762101297
PPO,Swimmer-v5,1042,121.65138822131586,119.86402188842712,1.7873663328887375
PPO,Swimmer-v5,2854,114.32259450080808,58.85279086534706,55.46980363546102
PPO,Swimmer-v5,3910,103.40265578449016,57.35763109205432,46.045024692435845
PPO,Swimmer-v5,4721,96.46847104237962,96.32084178966296,0.14762925271665495
PPO,Swimmer-v5,5603,112.3015921487591,63.39180622379799,48.909785924961106
PPO,Swimmer-v5,6198,50.943883592440045,46.2556365797623,4.688247012677742
PPO,Swimmer-v5,7433,81.21534111634526,79.0432713990401,2.1720697173051633
PPO,Swimmer-v5,8256,121.77479876349051,117.45283674283795,4.321962020652563
PPO,Swimmer-v5,9107,97.7919432993648,102.1363174863585,-4.34437418699369
PPO,Swimmer-v5,9845,124.49065374717284,106.9476136477759,17.543040099396947
PPO,Walker2d-v5,1042,858.6968678236344,579.4591409030437,279.2377269205907
PPO,Walker2d-v5,2854,626.0481008595518,568.5677065103847,57.48039434916711
PPO,Walker2d-v5,3910,969.0292779694453,543.1573953792156,425.8718825902297
PPO,Walker2d-v5,4721,722.5322157820874,748.4302268076389,-25.898011025551455
PPO,Walker2d-v5,5603,556.9486284521287,548.2035332040718,8.745095248056828
PPO,Walker2d-v5,6198,800.1808366690817,710.3700500083803,89.81078666070141
PPO,Walker2d-v5,7433,1022.6963976066727,667.5191275682755,355.1772700383972
PPO,Walker2d-v5,8256,402.7835842185929,542.2184991483097,-139.43491492971674
PPO,Walker2d-v5,9107,632.3841236290627,592.6779220616694,39.70620156739335
PPO,Walker2d-v5,9845,604.2465990171304,639.2341959406335,-34.98759692350313
SAC,HalfCheetah-v5,1042,1290.3280713068395,1453.3798711844918,-163.05179987765223
SAC,HalfCheetah-v5,2854,1526.2395750574078,3072.8133195376445,-1546.5737444802367
SAC,HalfCheetah-v5,3910,1446.3793617712158,1440.6137763670608,5.76558540415499
SAC,HalfCheetah-v5,4721,3182.5791361367114,2655.1492411606114,527.4298949761001
SAC,HalfCheetah-v5,5603,1610.3887506407991,1563.230584408364,47.15816623243518
SAC,HalfCheetah-v5,6198,1678.9380251494106,1453.9876999936753,224.9503251557353
SAC,HalfCheetah-v5,7433,2768.6706222835464,1619.8820218474302,1148.7886004361162
SAC,HalfCheetah-v5,8256,1346.2767926719418,3496.419005028572,-2150.14221235663
SAC,HalfCheetah-v5,9107,3443.135909787561,1774.7002767529,1668.4356330346611
SAC,HalfCheetah-v5,9845,1588.413625272474,1657.5517408878181,-69.13811561534408
SAC,Hopper-v5,1042,324.67859824047747,501.3790556027587,-176.7004573622812
SAC,Hopper-v5,2854,549.9412426682777,509.27770387418485,40.66353879409286
SAC,Hopper-v5,3910,609.2478013946002,451.47762857425073,157.77017282034944
SAC,Hopper-v5,4721,732.3999963939282,411.7940352025713,320.60596119135687
SAC,Hopper-v5,5603,395.7767936360217,430.0796264313825,-34.302832795360814
SAC,Hopper-v5,6198,881.5235451446064,659.4924438579815,222.0311012866249
SAC,Hopper-v5,7433,687.4297276866098,1340.1577568843236,-652.7280291977138
SAC,Hopper-v5,8256,618.3016957088782,924.5063436970152,-306.2046479881369
SAC,Hopper-v5,9107,412.42486270923257,626.899611543931,-214.4747488346984
SAC,Hopper-v5,9845,615.5692291098849,396.117297056648,219.45193205323687
SAC,Swimmer-v5,1042,37.916584655063964,38.87991035125666,-0.9633256961926975
SAC,Swimmer-v5,2854,35.59721243942974,36.624036128490765,-1.0268236890610254
SAC,Swimmer-v5,3910,38.67659121274863,36.59275578178427,2.0838354309643634
SAC,Swimmer-v5,4721,39.81555650675631,38.73886463288389,1.07669187387242
SAC,Swimmer-v5,5603,37.841789257867,36.90361821552389,0.9381710423431073
SAC,Swimmer-v5,6198,36.71047497437073,32.73192232623834,3.9785526481323927
SAC,Swimmer-v5,7433,37.81034169736348,36.097799591523184,1.712542105840292
SAC,Swimmer-v5,8256,35.59174879178097,37.17760057550299,-1.5858517837220205
SAC,Swimmer-v5,9107,39.33967360481898,36.99340945852631,2.3462641462926683
SAC,Swimmer-v5,9845,39.923389240828016,39.20288917390906,0.7205000669189587
SAC,Walker2d-v5,1042,401.67221170016455,319.6599250217631,82.01228667840144
SAC,Walker2d-v5,2854,391.09512555458406,403.48165909690954,-12.38653354232548
SAC,Walker2d-v5,3910,507.5152419125478,283.24990714514774,224.26533476740008
SAC,Walker2d-v5,4721,322.7593950607455,414.5493679521659,-91.7899728914204
SAC,Walker2d-v5,5603,466.2169016859641,376.33403443389534,89.88286725206876
SAC,Walker2d-v5,6198,576.6906255591475,256.1250075366963,320.56561802245125
SAC,Walker2d-v5,7433,400.9740762631533,230.78745672532455,170.18661953782873
SAC,Walker2d-v5,8256,347.4484088175935,432.3489077549236,-84.9004989373301
SAC,Walker2d-v5,9107,539.3784788422223,373.1577627803669,166.2207160618554
SAC,Walker2d-v5,9845,669.3181038135396,355.39197197067165,313.9261318428679
