learner,method,environment,n_training_seeds,median,q1,q3
PPO,CODA,HalfCheetah-v5,10,1185.9084001103024,1126.3009181131401,1419.2187871535318
PPO,CODA,Hopper-v5,10,1209.0605716750772,975.8801558309593,1271.2990832734642
PPO,CODA,Swimmer-v5,10,107.85212396662463,96.79933910662592,119.8191897911889
PPO,CODA,Walker2d-v5,10,677.4581697055751,609.6969744777357,844.0678600349962
PPO,PB2,HalfCheetah-v5,10,1336.8987374645426,1152.1513913989813,1442.6849954177264
PPO,PB2,Hopper-v5,10,1418.6758704820754,1153.719083295367,1720.2761703660176
PPO,PB2,Swimmer-v5,10,87.68205659435154,59.987544704959795,105.74478960742155
PPO,PB2,Walker2d-v5,10,586.0685314823565,553.29457653065,660.447894661365
SAC,CODA,HalfCheetah-v5,10,1599.4011879566365,1466.344415092764,2496.2374730000124
SAC,CODA,Hopper-v5,10,612.4085152522425,446.8039576989938,670.1477196921769
SAC,CODA,Swimmer-v5,10,37.87918695646548,36.98544165511892,39.17390300680139
SAC,CODA,Walker2d-v5,10,433.9445566930643,393.56486323172635,531.4126696098037
SAC,PB2,HalfCheetah-v5,10,1638.7168813676242,1481.2984210973475,2435.0370000586836
SAC,PB2,Hopper-v5,10,505.32837973847177,435.4291269670996,651.3442357794688
SAC,PB2,Swimmer-v5,10,36.948513837025104,36.60057586846089,38.348548618538665
SAC,PB2,Walker2d-v5,10,364.2748673755193,292.35241161430156,396.694752931156
