learner,method,environment,training_seed,champion_agent,training_member,tAUC100k,window_start,window_end,segment_start,segment_end,n_points_window
PPO,CODA,HalfCheetah-v5,1042,Agente_3,metrics/HalfCheetah-v5/metrics_CODA_FULL_seed1042.csv,1429.244049021412,1901304.0,2001304.0,586152.0,2001304.0,11
PPO,CODA,HalfCheetah-v5,2854,Agente_3,metrics/HalfCheetah-v5/metrics_CODA_FULL_seed2854.csv,1148.7309300045576,1888680.0,1988680.0,1260224.0,1988680.0,5
PPO,CODA,HalfCheetah-v5,3910,Agente_2,metrics/HalfCheetah-v5/metrics_CODA_FULL_seed3910.csv,2633.3895655728234,1900800.0,2000800.0,353472.0,2000800.0,30
PPO,CODA,HalfCheetah-v5,4721,Agente_2,metrics/HalfCheetah-v5/metrics_CODA_FULL_seed4721.csv,1144.3631434219324,1916576.0,2016576.0,41328.0,2016576.0,4
PPO,CODA,HalfCheetah-v5,5603,Agente_2,metrics/HalfCheetah-v5/metrics_CODA_FULL_seed5603.csv,1578.9309176391255,1900960.0,2000960.0,33800.0,2000960.0,9
PPO,CODA,HalfCheetah-v5,6198,Agente_3,metrics/HalfCheetah-v5/metrics_CODA_FULL_seed6198.csv,1389.1430015498918,1901696.0,2001696.0,1830504.0,2001696.0,3
PPO,CODA,HalfCheetah-v5,7433,Agente_1,metrics/HalfCheetah-v5/metrics_CODA_FULL_seed7433.csv,1223.0858702160474,1903552.0,2003552.0,1053128.0,2003552.0,19
PPO,CODA,HalfCheetah-v5,8256,Agente_3,metrics/HalfCheetah-v5/metrics_CODA_FULL_seed8256.csv,1120.2801763435427,1953824.0,2053824.0,37104.0,2053824.0,3
PPO,CODA,HalfCheetah-v5,9107,Agente_2,metrics/HalfCheetah-v5/metrics_CODA_FULL_seed9107.csv,1070.5626304653802,1908832.0,2008832.0,456096.0,2008832.0,7
PPO,CODA,HalfCheetah-v5,9845,Agente_1,metrics/HalfCheetah-v5/metrics_CODA_FULL_seed9845.csv,820.7218240568534,1919048.0,2019048.0,1857288.0,2019048.0,4
PPO,CODA,Hopper-v5,1042,Agente_1,metrics/Hopper-v5/metrics_CODA_FULL_seed1042.csv,815.028771372549,1915240.0,2015240.0,1148048.0,2015240.0,4
PPO,CODA,Hopper-v5,2854,Agente_3,metrics/Hopper-v5/metrics_CODA_FULL_seed2854.csv,975.2666872266956,1915800.0,2015800.0,380952.0,2015800.0,7
PPO,CODA,Hopper-v5,3910,Agente_3,metrics/Hopper-v5/metrics_CODA_FULL_seed3910.csv,743.8018137023789,1911528.0,2011528.0,972520.0,2011528.0,3
PPO,CODA,Hopper-v5,4721,Agente_1,metrics/Hopper-v5/metrics_CODA_FULL_seed4721.csv,1249.441767425051,1914992.0,2014992.0,1196904.0,2014992.0,4
PPO,CODA,Hopper-v5,5603,Agente_4,metrics/Hopper-v5/metrics_CODA_FULL_seed5603.csv,2711.5212629185976,1946208.0,2046208.0,768624.0,2046208.0,3
PPO,CODA,Hopper-v5,6198,Agente_2,metrics/Hopper-v5/metrics_CODA_FULL_seed6198.csv,1255.6208257113392,1926088.0,2026088.0,912232.0,2026088.0,4
PPO,CODA,Hopper-v5,7433,Agente_1,metrics/Hopper-v5/metrics_CODA_FULL_seed7433.csv,2147.612750197921,1921496.0,2021496.0,14144.0,2021496.0,5
PPO,CODA,Hopper-v5,8256,Agente_1,metrics/Hopper-v5/metrics_CODA_FULL_seed8256.csv,1168.6793759251034,1954240.0,2054240.0,1085944.0,2054240.0,3
PPO,CODA,Hopper-v5,9107,Agente_2,metrics/Hopper-v5/metrics_CODA_FULL_seed9107.csv,977.7205616437506,1919752.0,2019752.0,952352.0,2019752.0,6
PPO,CODA,Hopper-v5,9845,Agente_1,metrics/Hopper-v5/metrics_CODA_FULL_seed9845.csv,1276.525169127506,1916880.0,2016880.0,1546208.0,2016880.0,6
PPO,CODA,Swimmer-v5,1042,Agente_2,metrics/Swimmer-v5/metrics_CODA_FULL_seed1042.csv,121.65138822131586,1900656.0,2000656.0,55152.0,2000656.0,12
PPO,CODA,Swimmer-v5,2854,Agente_2,metrics/Swimmer-v5/metrics_CODA_FULL_seed2854.csv,114.32259450080808,1901856.0,2001856.0,1440392.0,2001856.0,26
PPO,CODA,Swimmer-v5,3910,Agente_1,metrics/Swimmer-v5/metrics_CODA_FULL_seed3910.csv,103.40265578449016,1925592.0,2025592.0,987328.0,2025592.0,3
PPO,CODA,Swimmer-v5,4721,Agente_2,metrics/Swimmer-v5/metrics_CODA_FULL_seed4721.csv,96.46847104237962,1872048.0,1972048.0,1691088.0,1972048.0,18
PPO,CODA,Swimmer-v5,5603,Agente_1,metrics/Swimmer-v5/metrics_CODA_FULL_seed5603.csv,112.3015921487591,1906664.0,2006664.0,243304.0,2006664.0,7
PPO,CODA,Swimmer-v5,6198,Agente_2,metrics/Swimmer-v5/metrics_CODA_FULL_seed6198.csv,50.943883592440045,1906016.0,2006016.0,1334992.0,2006016.0,5
PPO,CODA,Swimmer-v5,7433,Agente_3,metrics/Swimmer-v5/metrics_CODA_FULL_seed7433.csv,81.21534111634526,1907360.0,2007360.0,39360.0,2007360.0,14
PPO,CODA,Swimmer-v5,8256,Agente_2,metrics/Swimmer-v5/metrics_CODA_FULL_seed8256.csv,121.77479876349051,1939424.0,2039424.0,50784.0,2039424.0,3
PPO,CODA,Swimmer-v5,9107,Agente_2,metrics/Swimmer-v5/metrics_CODA_FULL_seed9107.csv,97.7919432993648,1900720.0,2000720.0,631120.0,2000720.0,39
PPO,CODA,Swimmer-v5,9845,Agente_4,metrics/Swimmer-v5/metrics_CODA_FULL_seed9845.csv,124.49065374717284,1907024.0,2007024.0,58776.0,2007024.0,5
PPO,CODA,Walker2d-v5,1042,Agente_1,metrics/Walker2d-v5/metrics_CODA_FULL_seed1042.csv,858.6968678236344,1909336.0,2009336.0,536928.0,2009336.0,2
PPO,CODA,Walker2d-v5,2854,Agente_1,metrics/Walker2d-v5/metrics_CODA_FULL_seed2854.csv,626.0481008595518,1901120.0,2001120.0,1358400.0,2001120.0,8
PPO,CODA,Walker2d-v5,3910,Agente_4,metrics/Walker2d-v5/metrics_CODA_FULL_seed3910.csv,969.0292779694453,1900176.0,2000176.0,1892208.0,2000176.0,5
PPO,CODA,Walker2d-v5,4721,Agente_4,metrics/Walker2d-v5/metrics_CODA_FULL_seed4721.csv,722.5322157820874,1954456.0,2054456.0,1486840.0,2054456.0,3
PPO,CODA,Walker2d-v5,5603,Agente_4,metrics/Walker2d-v5/metrics_CODA_FULL_seed5603.csv,556.9486284521287,1900008.0,2000008.0,1757584.0,2000008.0,26
PPO,CODA,Walker2d-v5,6198,Agente_1,metrics/Walker2d-v5/metrics_CODA_FULL_seed6198.csv,800.1808366690817,1909952.0,2009952.0,23928.0,2009952.0,6
PPO,CODA,Walker2d-v5,7433,Agente_1,metrics/Walker2d-v5/metrics_CODA_FULL_seed7433.csv,1022.6963976066727,1919520.0,2019520.0,1846816.0,2019520.0,6
PPO,CODA,Walker2d-v5,8256,Agente_4,metrics/Walker2d-v5/metrics_CODA_FULL_seed8256.csv,402.7835842185929,1903880.0,2003880.0,668752.0,2003880.0,5
PPO,CODA,Walker2d-v5,9107,Agente_3,metrics/Walker2d-v5/metrics_CODA_FULL_seed9107.csv,632.3841236290627,1900656.0,2000656.0,910512.0,2000656.0,3
PPO,CODA,Walker2d-v5,9845,Agente_2,metrics/Walker2d-v5/metrics_CODA_FULL_seed9845.csv,604.2465990171304,1914320.0,2014320.0,1900720.0,2014320.0,6
PPO,PB2,HalfCheetah-v5,1042,Agente_2,metrics/HalfCheetah-v5/metrics_PB2_PPO_HPO_seed1042.csv,1485.1390302270413,1900136.0,2000136.0,1011152.0,2000136.0,96
PPO,PB2,HalfCheetah-v5,2854,Agente_4,metrics/HalfCheetah-v5/metrics_PB2_PPO_HPO_seed2854.csv,1295.7034113695297,1882168.0,1982168.0,52784.0,1982168.0,39
PPO,PB2,HalfCheetah-v5,3910,Agente_4,metrics/HalfCheetah-v5/metrics_PB2_PPO_HPO_seed3910.csv,2926.6777387515,1900304.0,2000304.0,1532600.0,2000304.0,16
PPO,PB2,HalfCheetah-v5,4721,Agente_2,metrics/HalfCheetah-v5/metrics_PB2_PPO_HPO_seed4721.csv,1050.3369359053822,1909904.0,2009904.0,41328.0,2009904.0,5
PPO,PB2,HalfCheetah-v5,5603,Agente_1,metrics/HalfCheetah-v5/metrics_PB2_PPO_HPO_seed5603.csv,1228.718659530333,1876856.0,1976856.0,140160.0,1976856.0,14
PPO,PB2,HalfCheetah-v5,6198,Agente_1,metrics/HalfCheetah-v5/metrics_PB2_PPO_HPO_seed6198.csv,1463.0880822634915,1887440.0,1987440.0,1338032.0,1987440.0,5
PPO,PB2,HalfCheetah-v5,7433,Agente_2,metrics/HalfCheetah-v5/metrics_PB2_PPO_HPO_seed7433.csv,1378.0940635595555,1880576.0,1980576.0,40832.0,1980576.0,9
PPO,PB2,HalfCheetah-v5,8256,Agente_1,metrics/HalfCheetah-v5/metrics_PB2_PPO_HPO_seed8256.csv,1381.4757348804308,1903704.0,2003704.0,903632.0,2003704.0,15
PPO,PB2,HalfCheetah-v5,9107,Agente_4,metrics/HalfCheetah-v5/metrics_PB2_PPO_HPO_seed9107.csv,1126.6289686885307,1929080.0,2029080.0,995456.0,2029080.0,4
PPO,PB2,HalfCheetah-v5,9845,Agente_4,metrics/HalfCheetah-v5/metrics_PB2_PPO_HPO_seed9845.csv,974.1243659912855,1916896.0,2016896.0,1879136.0,2016896.0,4
PPO,PB2,Hopper-v5,1042,Agente_2,metrics/Hopper-v5/metrics_PB2_PPO_HPO_seed1042.csv,548.6089075390323,1900208.0,2000208.0,1086528.0,2000208.0,4
PPO,PB2,Hopper-v5,2854,Agente_2,metrics/Hopper-v5/metrics_PB2_PPO_HPO_seed2854.csv,1545.7136504740997,1903280.0,2003280.0,416528.0,2003280.0,5
PPO,PB2,Hopper-v5,3910,Agente_4,metrics/Hopper-v5/metrics_PB2_PPO_HPO_seed3910.csv,1232.4347275492942,1904320.0,2004320.0,1898200.0,2004320.0,8
PPO,PB2,Hopper-v5,4721,Agente_1,metrics/Hopper-v5/metrics_PB2_PPO_HPO_seed4721.csv,1127.4805352107246,1920000.0,2020000.0,784752.0,2020000.0,5
PPO,PB2,Hopper-v5,5603,Agente_4,metrics/Hopper-v5/metrics_PB2_PPO_HPO_seed5603.csv,1778.463676996657,1920200.0,2020200.0,1633016.0,2020200.0,4
PPO,PB2,Hopper-v5,6198,Agente_1,metrics/Hopper-v5/metrics_PB2_PPO_HPO_seed6198.csv,1511.9585318069207,1914336.0,2014336.0,597376.0,2014336.0,5
PPO,PB2,Hopper-v5,7433,Agente_2,metrics/Hopper-v5/metrics_PB2_PPO_HPO_seed7433.csv,2022.1942838306832,1930888.0,2030888.0,1071536.0,2030888.0,4
PPO,PB2,Hopper-v5,8256,Agente_4,metrics/Hopper-v5/metrics_PB2_PPO_HPO_seed8256.csv,1325.3932091572299,1908280.0,2008280.0,45720.0,2008280.0,3
PPO,PB2,Hopper-v5,9107,Agente_3,metrics/Hopper-v5/metrics_PB2_PPO_HPO_seed9107.csv,783.4373290092966,1900840.0,2000840.0,1873304.0,2000840.0,6
PPO,PB2,Hopper-v5,9845,Agente_4,metrics/Hopper-v5/metrics_PB2_PPO_HPO_seed9845.csv,2055.2280453376356,1922984.0,2022984.0,1661640.0,2022984.0,2
PPO,PB2,Swimmer-v5,1042,Agente_4,metrics/Swimmer-v5/metrics_PB2_PPO_HPO_seed1042.csv,119.86402188842712,1878440.0,1978440.0,1200704.0,1978440.0,39
PPO,PB2,Swimmer-v5,2854,Agente_1,metrics/Swimmer-v5/metrics_PB2_PPO_HPO_seed2854.csv,58.85279086534706,1895264.0,1995264.0,63216.0,1995264.0,39
PPO,PB2,Swimmer-v5,3910,Agente_4,metrics/Swimmer-v5/metrics_PB2_PPO_HPO_seed3910.csv,57.35763109205432,1901384.0,2001384.0,45792.0,2001384.0,34
PPO,PB2,Swimmer-v5,4721,Agente_3,metrics/Swimmer-v5/metrics_PB2_PPO_HPO_seed4721.csv,96.32084178966296,1902048.0,2002048.0,480464.0,2002048.0,13
PPO,PB2,Swimmer-v5,5603,Agente_2,metrics/Swimmer-v5/metrics_PB2_PPO_HPO_seed5603.csv,63.39180622379799,1901520.0,2001520.0,761400.0,2001520.0,10
PPO,PB2,Swimmer-v5,6198,Agente_1,metrics/Swimmer-v5/metrics_PB2_PPO_HPO_seed6198.csv,46.2556365797623,1938976.0,2038976.0,342800.0,2038976.0,4
PPO,PB2,Swimmer-v5,7433,Agente_2,metrics/Swimmer-v5/metrics_PB2_PPO_HPO_seed7433.csv,79.0432713990401,1905008.0,2005008.0,1746456.0,2005008.0,7
PPO,PB2,Swimmer-v5,8256,Agente_1,metrics/Swimmer-v5/metrics_PB2_PPO_HPO_seed8256.csv,117.45283674283795,1940656.0,2040656.0,1459376.0,2040656.0,3
PPO,PB2,Swimmer-v5,9107,Agente_2,metrics/Swimmer-v5/metrics_PB2_PPO_HPO_seed9107.csv,102.1363174863585,1909824.0,2009824.0,1191728.0,2009824.0,5
PPO,PB2,Swimmer-v5,9845,Agente_4,metrics/Swimmer-v5/metrics_PB2_PPO_HPO_seed9845.csv,106.9476136477759,1902168.0,2002168.0,977152.0,2002168.0,16
PPO,PB2,Walker2d-v5,1042,Agente_1,metrics/Walker2d-v5/metrics_PB2_PPO_HPO_seed1042.csv,579.4591409030437,1920864.0,2020864.0,1094472.0,2020864.0,6
PPO,PB2,Walker2d-v5,2854,Agente_3,metrics/Walker2d-v5/metrics_PB2_PPO_HPO_seed2854.csv,568.5677065103847,1909288.0,2009288.0,1500104.0,2009288.0,4
PPO,PB2,Walker2d-v5,3910,Agente_3,metrics/Walker2d-v5/metrics_PB2_PPO_HPO_seed3910.csv,543.1573953792156,1911776.0,2011776.0,1767840.0,2011776.0,4
PPO,PB2,Walker2d-v5,4721,Agente_3,metrics/Walker2d-v5/metrics_PB2_PPO_HPO_seed4721.csv,748.4302268076389,1923168.0,2023168.0,1880824.0,2023168.0,4
PPO,PB2,Walker2d-v5,5603,Agente_1,metrics/Walker2d-v5/metrics_PB2_PPO_HPO_seed5603.csv,548.2035332040718,1912960.0,2012960.0,1609520.0,2012960.0,5
PPO,PB2,Walker2d-v5,6198,Agente_1,metrics/Walker2d-v5/metrics_PB2_PPO_HPO_seed6198.csv,710.3700500083803,1909952.0,2009952.0,23928.0,2009952.0,6
PPO,PB2,Walker2d-v5,7433,Agente_1,metrics/Walker2d-v5/metrics_PB2_PPO_HPO_seed7433.csv,667.5191275682755,1902536.0,2002536.0,1860504.0,2002536.0,25
PPO,PB2,Walker2d-v5,8256,Agente_1,metrics/Walker2d-v5/metrics_PB2_PPO_HPO_seed8256.csv,542.2184991483097,1934136.0,2034136.0,10464.0,2034136.0,3
PPO,PB2,Walker2d-v5,9107,Agente_2,metrics/Walker2d-v5/metrics_PB2_PPO_HPO_seed9107.csv,592.6779220616694,1926872.0,2026872.0,1364944.0,2026872.0,4
PPO,PB2,Walker2d-v5,9845,Agente_4,metrics/Walker2d-v5/metrics_PB2_PPO_HPO_seed9845.csv,639.2341959406335,1942272.0,2042272.0,1862272.0,2042272.0,3
SAC,CODA,HalfCheetah-v5,1042,Agente_2,metrics/HalfCheetah-v5/metrics_CODA_FULL_seed1042.csv,1290.3280713068395,903520.0,1003520.0,778240.0,1003520.0,26
SAC,CODA,HalfCheetah-v5,2854,Agente_1,metrics/HalfCheetah-v5/metrics_CODA_FULL_seed2854.csv,1526.2395750574078,903520.0,1003520.0,299008.0,1003520.0,26
SAC,CODA,HalfCheetah-v5,3910,Agente_1,metrics/HalfCheetah-v5/metrics_CODA_FULL_seed3910.csv,1446.3793617712158,903520.0,1003520.0,192512.0,1003520.0,26
SAC,CODA,HalfCheetah-v5,4721,Agente_3,metrics/HalfCheetah-v5/metrics_CODA_FULL_seed4721.csv,3182.5791361367114,903520.0,1003520.0,32768.0,1003520.0,26
SAC,CODA,HalfCheetah-v5,5603,Agente_1,metrics/HalfCheetah-v5/metrics_CODA_FULL_seed5603.csv,1610.3887506407991,903520.0,1003520.0,299008.0,1003520.0,26
SAC,CODA,HalfCheetah-v5,6198,Agente_1,metrics/HalfCheetah-v5/metrics_CODA_FULL_seed6198.csv,1678.9380251494106,903520.0,1003520.0,32768.0,1003520.0,26
SAC,CODA,HalfCheetah-v5,7433,Agente_3,metrics/HalfCheetah-v5/metrics_CODA_FULL_seed7433.csv,2768.6706222835464,903520.0,1003520.0,192512.0,1003520.0,26
SAC,CODA,HalfCheetah-v5,8256,Agente_3,metrics/HalfCheetah-v5/metrics_CODA_FULL_seed8256.csv,1346.2767926719418,903520.0,1003520.0,139264.0,1003520.0,19
SAC,CODA,HalfCheetah-v5,9107,Agente_2,metrics/HalfCheetah-v5/metrics_CODA_FULL_seed9107.csv,3443.135909787561,903520.0,1003520.0,32768.0,1003520.0,26
SAC,CODA,HalfCheetah-v5,9845,Agente_4,metrics/HalfCheetah-v5/metrics_CODA_FULL_seed9845.csv,1588.413625272474,903520.0,1003520.0,32768.0,1003520.0,26
SAC,CODA,Hopper-v5,1042,Agente_3,metrics/Hopper-v5/metrics_CODA_FULL_seed1042.csv,324.67859824047747,903520.0,1003520.0,163840.0,1003520.0,26
SAC,CODA,Hopper-v5,2854,Agente_4,metrics/Hopper-v5/metrics_CODA_FULL_seed2854.csv,549.9412426682777,903520.0,1003520.0,4096.0,1003520.0,26
SAC,CODA,Hopper-v5,3910,Agente_1,metrics/Hopper-v5/metrics_CODA_FULL_seed3910.csv,609.2478013946002,903520.0,1003520.0,4096.0,1003520.0,26
SAC,CODA,Hopper-v5,4721,Agente_4,metrics/Hopper-v5/metrics_CODA_FULL_seed4721.csv,732.3999963939282,903520.0,1003520.0,270336.0,1003520.0,26
SAC,CODA,Hopper-v5,5603,Agente_1,metrics/Hopper-v5/metrics_CODA_FULL_seed5603.csv,395.7767936360217,903520.0,1003520.0,376832.0,1003520.0,26
SAC,CODA,Hopper-v5,6198,Agente_4,metrics/Hopper-v5/metrics_CODA_FULL_seed6198.csv,881.5235451446064,903520.0,1003520.0,217088.0,1003520.0,26
SAC,CODA,Hopper-v5,7433,Agente_3,metrics/Hopper-v5/metrics_CODA_FULL_seed7433.csv,687.4297276866098,903520.0,1003520.0,4096.0,1003520.0,26
SAC,CODA,Hopper-v5,8256,Agente_4,metrics/Hopper-v5/metrics_CODA_FULL_seed8256.csv,618.3016957088782,903520.0,1003520.0,4096.0,1003520.0,26
SAC,CODA,Hopper-v5,9107,Agente_1,metrics/Hopper-v5/metrics_CODA_FULL_seed9107.csv,412.42486270923257,903520.0,1003520.0,163840.0,1003520.0,26
SAC,CODA,Hopper-v5,9845,Agente_3,metrics/Hopper-v5/metrics_CODA_FULL_seed9845.csv,615.5692291098849,903520.0,1003520.0,323584.0,1003520.0,26
SAC,CODA,Swimmer-v5,1042,Agente_4,metrics/Swimmer-v5/metrics_CODA_FULL_seed1042.csv,37.916584655063964,903520.0,1003520.0,884736.0,1003520.0,26
SAC,CODA,Swimmer-v5,2854,Agente_1,metrics/Swimmer-v5/metrics_CODA_FULL_seed2854.csv,35.59721243942974,903520.0,1003520.0,192512.0,1003520.0,19
SAC,CODA,Swimmer-v5,3910,Agente_3,metrics/Swimmer-v5/metrics_CODA_FULL_seed3910.csv,38.67659121274863,903520.0,1003520.0,618496.0,1003520.0,26
SAC,CODA,Swimmer-v5,4721,Agente_3,metrics/Swimmer-v5/metrics_CODA_FULL_seed4721.csv,39.81555650675631,903520.0,1003520.0,884736.0,1003520.0,26
SAC,CODA,Swimmer-v5,5603,Agente_3,metrics/Swimmer-v5/metrics_CODA_FULL_seed5603.csv,37.841789257867,903520.0,1003520.0,512000.0,1003520.0,26
SAC,CODA,Swimmer-v5,6198,Agente_4,metrics/Swimmer-v5/metrics_CODA_FULL_seed6198.csv,36.71047497437073,903520.0,1003520.0,884736.0,1003520.0,26
SAC,CODA,Swimmer-v5,7433,Agente_2,metrics/Swimmer-v5/metrics_CODA_FULL_seed7433.csv,37.81034169736348,903520.0,1003520.0,778240.0,1003520.0,26
SAC,CODA,Swimmer-v5,8256,Agente_2,metrics/Swimmer-v5/metrics_CODA_FULL_seed8256.csv,35.59174879178097,903520.0,1003520.0,724992.0,1003520.0,26
SAC,CODA,Swimmer-v5,9107,Agente_2,metrics/Swimmer-v5/metrics_CODA_FULL_seed9107.csv,39.33967360481898,903520.0,1003520.0,32768.0,1003520.0,26
SAC,CODA,Swimmer-v5,9845,Agente_2,metrics/Swimmer-v5/metrics_CODA_FULL_seed9845.csv,39.923389240828016,903520.0,1003520.0,32768.0,1003520.0,26
SAC,CODA,Walker2d-v5,1042,Agente_2,metrics/Walker2d-v5/metrics_CODA_FULL_seed1042.csv,401.67221170016455,903520.0,1003520.0,4096.0,1003520.0,26
SAC,CODA,Walker2d-v5,2854,Agente_2,metrics/Walker2d-v5/metrics_CODA_FULL_seed2854.csv,391.09512555458406,903520.0,1003520.0,593920.0,1003520.0,26
SAC,CODA,Walker2d-v5,3910,Agente_4,metrics/Walker2d-v5/metrics_CODA_FULL_seed3910.csv,507.5152419125478,903520.0,1003520.0,749568.0,1003520.0,26
SAC,CODA,Walker2d-v5,4721,Agente_3,metrics/Walker2d-v5/metrics_CODA_FULL_seed4721.csv,322.7593950607455,903520.0,1003520.0,802816.0,1003520.0,26
SAC,CODA,Walker2d-v5,5603,Agente_3,metrics/Walker2d-v5/metrics_CODA_FULL_seed5603.csv,466.2169016859641,903520.0,1003520.0,860160.0,1003520.0,26
SAC,CODA,Walker2d-v5,6198,Agente_1,metrics/Walker2d-v5/metrics_CODA_FULL_seed6198.csv,576.6906255591475,903520.0,1003520.0,696320.0,1003520.0,26
SAC,CODA,Walker2d-v5,7433,Agente_4,metrics/Walker2d-v5/metrics_CODA_FULL_seed7433.csv,400.9740762631533,903520.0,1003520.0,860160.0,1003520.0,26
SAC,CODA,Walker2d-v5,8256,Agente_4,metrics/Walker2d-v5/metrics_CODA_FULL_seed8256.csv,347.4484088175935,903520.0,1003520.0,4096.0,1003520.0,26
SAC,CODA,Walker2d-v5,9107,Agente_2,metrics/Walker2d-v5/metrics_CODA_FULL_seed9107.csv,539.3784788422223,903520.0,1003520.0,323584.0,1003520.0,22
SAC,CODA,Walker2d-v5,9845,Agente_4,metrics/Walker2d-v5/metrics_CODA_FULL_seed9845.csv,669.3181038135396,903520.0,1003520.0,589824.0,1003520.0,26
SAC,PB2,HalfCheetah-v5,1042,Agente_1,metrics/HalfCheetah-v5/metrics_PB2_SAC_HPO_seed1042.csv,1453.3798711844918,903520.0,1003520.0,32768.0,1003520.0,26
SAC,PB2,HalfCheetah-v5,2854,Agente_1,metrics/HalfCheetah-v5/metrics_PB2_SAC_HPO_seed2854.csv,3072.8133195376445,903520.0,1003520.0,299008.0,1003520.0,26
SAC,PB2,HalfCheetah-v5,3910,Agente_4,metrics/HalfCheetah-v5/metrics_PB2_SAC_HPO_seed3910.csv,1440.6137763670608,903520.0,1003520.0,32768.0,1003520.0,26
SAC,PB2,HalfCheetah-v5,4721,Agente_1,metrics/HalfCheetah-v5/metrics_PB2_SAC_HPO_seed4721.csv,2655.1492411606114,903520.0,1003520.0,32768.0,1003520.0,26
SAC,PB2,HalfCheetah-v5,5603,Agente_2,metrics/HalfCheetah-v5/metrics_PB2_SAC_HPO_seed5603.csv,1563.230584408364,903520.0,1003520.0,32768.0,1003520.0,26
SAC,PB2,HalfCheetah-v5,6198,Agente_1,metrics/HalfCheetah-v5/metrics_PB2_SAC_HPO_seed6198.csv,1453.9876999936753,903520.0,1003520.0,32768.0,1003520.0,26
SAC,PB2,HalfCheetah-v5,7433,Agente_2,metrics/HalfCheetah-v5/metrics_PB2_SAC_HPO_seed7433.csv,1619.8820218474302,903520.0,1003520.0,32768.0,1003520.0,26
SAC,PB2,HalfCheetah-v5,8256,Agente_4,metrics/HalfCheetah-v5/metrics_PB2_SAC_HPO_seed8256.csv,3496.419005028572,903520.0,1003520.0,139264.0,1003520.0,26
SAC,PB2,HalfCheetah-v5,9107,Agente_2,metrics/HalfCheetah-v5/metrics_PB2_SAC_HPO_seed9107.csv,1774.7002767529,903520.0,1003520.0,32768.0,1003520.0,26
SAC,PB2,HalfCheetah-v5,9845,Agente_2,metrics/HalfCheetah-v5/metrics_PB2_SAC_HPO_seed9845.csv,1657.5517408878181,903520.0,1003520.0,32768.0,1003520.0,26
SAC,PB2,Hopper-v5,1042,Agente_3,metrics/Hopper-v5/metrics_PB2_SAC_HPO_seed1042.csv,501.3790556027587,903520.0,1003520.0,323584.0,1003520.0,26
SAC,PB2,Hopper-v5,2854,Agente_3,metrics/Hopper-v5/metrics_PB2_SAC_HPO_seed2854.csv,509.27770387418485,903520.0,1003520.0,4096.0,1003520.0,26
SAC,PB2,Hopper-v5,3910,Agente_3,metrics/Hopper-v5/metrics_PB2_SAC_HPO_seed3910.csv,451.47762857425073,903520.0,1003520.0,4096.0,1003520.0,26
SAC,PB2,Hopper-v5,4721,Agente_2,metrics/Hopper-v5/metrics_PB2_SAC_HPO_seed4721.csv,411.7940352025713,903520.0,1003520.0,4096.0,1003520.0,26
SAC,PB2,Hopper-v5,5603,Agente_3,metrics/Hopper-v5/metrics_PB2_SAC_HPO_seed5603.csv,430.0796264313825,903520.0,1003520.0,696320.0,1003520.0,26
SAC,PB2,Hopper-v5,6198,Agente_4,metrics/Hopper-v5/metrics_PB2_SAC_HPO_seed6198.csv,659.4924438579815,903520.0,1003520.0,217088.0,1003520.0,26
SAC,PB2,Hopper-v5,7433,Agente_3,metrics/Hopper-v5/metrics_PB2_SAC_HPO_seed7433.csv,1340.1577568843236,903520.0,1003520.0,110592.0,1003520.0,26
SAC,PB2,Hopper-v5,8256,Agente_2,metrics/Hopper-v5/metrics_PB2_SAC_HPO_seed8256.csv,924.5063436970152,903520.0,1003520.0,4096.0,1003520.0,26
SAC,PB2,Hopper-v5,9107,Agente_3,metrics/Hopper-v5/metrics_PB2_SAC_HPO_seed9107.csv,626.899611543931,903520.0,1003520.0,4096.0,1003520.0,26
SAC,PB2,Hopper-v5,9845,Agente_4,metrics/Hopper-v5/metrics_PB2_SAC_HPO_seed9845.csv,396.117297056648,903520.0,1003520.0,856064.0,1003520.0,26
SAC,PB2,Swimmer-v5,1042,Agente_1,metrics/Swimmer-v5/metrics_PB2_SAC_HPO_seed1042.csv,38.87991035125666,903520.0,1003520.0,32768.0,1003520.0,26
SAC,PB2,Swimmer-v5,2854,Agente_4,metrics/Swimmer-v5/metrics_PB2_SAC_HPO_seed2854.csv,36.624036128490765,903520.0,1003520.0,139264.0,1003520.0,26
SAC,PB2,Swimmer-v5,3910,Agente_1,metrics/Swimmer-v5/metrics_PB2_SAC_HPO_seed3910.csv,36.59275578178427,903520.0,1003520.0,671744.0,1003520.0,26
SAC,PB2,Swimmer-v5,4721,Agente_3,metrics/Swimmer-v5/metrics_PB2_SAC_HPO_seed4721.csv,38.73886463288389,903520.0,1003520.0,405504.0,1003520.0,26
SAC,PB2,Swimmer-v5,5603,Agente_2,metrics/Swimmer-v5/metrics_PB2_SAC_HPO_seed5603.csv,36.90361821552389,903520.0,1003520.0,352256.0,1003520.0,26
SAC,PB2,Swimmer-v5,6198,Agente_1,metrics/Swimmer-v5/metrics_PB2_SAC_HPO_seed6198.csv,32.73192232623834,903520.0,1003520.0,671744.0,1003520.0,26
SAC,PB2,Swimmer-v5,7433,Agente_1,metrics/Swimmer-v5/metrics_PB2_SAC_HPO_seed7433.csv,36.097799591523184,903520.0,1003520.0,671744.0,1003520.0,26
SAC,PB2,Swimmer-v5,8256,Agente_4,metrics/Swimmer-v5/metrics_PB2_SAC_HPO_seed8256.csv,37.17760057550299,903520.0,1003520.0,32768.0,1003520.0,26
SAC,PB2,Swimmer-v5,9107,Agente_1,metrics/Swimmer-v5/metrics_PB2_SAC_HPO_seed9107.csv,36.99340945852631,903520.0,1003520.0,778240.0,1003520.0,26
SAC,PB2,Swimmer-v5,9845,Agente_2,metrics/Swimmer-v5/metrics_PB2_SAC_HPO_seed9845.csv,39.20288917390906,903520.0,1003520.0,32768.0,1003520.0,19
SAC,PB2,Walker2d-v5,1042,Agente_4,metrics/Walker2d-v5/metrics_PB2_SAC_HPO_seed1042.csv,319.6599250217631,903520.0,1003520.0,4096.0,1003520.0,26
SAC,PB2,Walker2d-v5,2854,Agente_1,metrics/Walker2d-v5/metrics_PB2_SAC_HPO_seed2854.csv,403.48165909690954,903520.0,1003520.0,806912.0,1003520.0,26
SAC,PB2,Walker2d-v5,3910,Agente_2,metrics/Walker2d-v5/metrics_PB2_SAC_HPO_seed3910.csv,283.24990714514774,903520.0,1003520.0,643072.0,1003520.0,26
SAC,PB2,Walker2d-v5,4721,Agente_1,metrics/Walker2d-v5/metrics_PB2_SAC_HPO_seed4721.csv,414.5493679521659,903520.0,1003520.0,4096.0,1003520.0,26
SAC,PB2,Walker2d-v5,5603,Agente_4,metrics/Walker2d-v5/metrics_PB2_SAC_HPO_seed5603.csv,376.33403443389534,903520.0,1003520.0,270336.0,1003520.0,26
SAC,PB2,Walker2d-v5,6198,Agente_1,metrics/Walker2d-v5/metrics_PB2_SAC_HPO_seed6198.csv,256.1250075366963,903520.0,1003520.0,647168.0,1003520.0,26
SAC,PB2,Walker2d-v5,7433,Agente_1,metrics/Walker2d-v5/metrics_PB2_SAC_HPO_seed7433.csv,230.78745672532455,903520.0,1003520.0,643072.0,1003520.0,26
SAC,PB2,Walker2d-v5,8256,Agente_4,metrics/Walker2d-v5/metrics_PB2_SAC_HPO_seed8256.csv,432.3489077549236,903520.0,1003520.0,860160.0,1003520.0,26
SAC,PB2,Walker2d-v5,9107,Agente_4,metrics/Walker2d-v5/metrics_PB2_SAC_HPO_seed9107.csv,373.1577627803669,903520.0,1003520.0,696320.0,1003520.0,26
SAC,PB2,Walker2d-v5,9845,Agente_2,metrics/Walker2d-v5/metrics_PB2_SAC_HPO_seed9845.csv,355.39197197067165,903520.0,1003520.0,4096.0,1003520.0,26
