time_total_s,training_iteration,timesteps_total,env_runners/episode_return_mean,env_runners/episode_return_max,env_runners/episode_return_min,env_runners/episode_len_mean,config/lr,config/entropy_coeff,config/lambda,config/clip_param,config/train_batch_size,config/vf_loss_coeff,config/gamma,info/learner/default_policy/learner_stats/kl,info/learner/default_policy/learner_stats/entropy,info/learner/default_policy/learner_stats/vf_explained_var,info/learner/default_policy/learner_stats/policy_loss,info/learner/default_policy/learner_stats/vf_loss,custom_metrics/policy_kl,custom_metrics/vf_explained_var,custom_metrics/policy_entropy,custom_metrics/diagnostics_valid,custom_metrics/pbt_desired_lr,custom_metrics/pbt_effective_lr,custom_metrics/pbt_mismatch_lr,custom_metrics/pbt_desired_clip_param,custom_metrics/pbt_effective_clip_param,custom_metrics/pbt_mismatch_clip_param,custom_metrics/pbt_desired_lambda,custom_metrics/pbt_effective_lambda,custom_metrics/pbt_mismatch_lambda,custom_metrics/pbt_desired_entropy_coeff,custom_metrics/pbt_effective_entropy_coeff,custom_metrics/pbt_mismatch_entropy_coeff,custom_metrics/pbt_effective_hp_mismatch_count,perf/gpu_util_percent0,perf/cpu_util_percent,perf/ram_util_percent,timers/training_iteration_time_ms,causal_order,entorno,semilla,agente_id
8.263959646224976,1,30120,,,,,4.371462400796332e-05,0.0,0.975365660522399,0.13871776408118608,30114,0.5,0.99,0.003014135744286187,8.50232544109739,-0.030561385586343963,-0.004074794969296661,9.058137203085012,0.003014135744286187,-0.030561385586343963,8.50232544109739,1.0,4.371462400796332e-05,4.371462400796332e-05,0.0,0.13871776408118608,0.13871776408118608,0.0,0.975365660522399,0.975365660522399,0.0,0.0,0.0,0.0,0.0,0.3041666666666667,48.65833333333333,54.39166666666666,8255.581,0,HalfCheetah-v5,1042,Agente_1
14.30620551109314,2,60240,-364.6837143155533,-238.92509154089657,-564.4968087437715,1000.0,4.371462400796332e-05,0.0,0.975365660522399,0.13871776408118608,30114,0.5,0.99,0.0033094014319588016,8.498204750850283,-0.077792682832685,-0.009718669282978978,8.473619125629293,0.0033094014319588016,-0.077792682832685,8.498204750850283,1.0,4.371462400796332e-05,4.371462400796332e-05,0.0,0.13871776408118608,0.13871776408118608,0.0,0.975365660522399,0.975365660522399,0.0,0.0,0.0,0.0,0.0,0.92375,35.012499999999996,56.8,7141.922,1,HalfCheetah-v5,1042,Agente_1
21.175965070724487,3,90360,-353.0886379739214,-190.2289881742972,-564.4968087437715,1000.0,4.371462400796332e-05,0.0,0.975365660522399,0.13871776408118608,30114,0.5,0.99,0.004246525539176595,8.479922355454544,0.09598289964527919,-0.0037470983437679966,7.818383631624024,0.004246525539176595,0.09598289964527919,8.479922355454544,1.0,4.371462400796332e-05,4.371462400796332e-05,0.0,0.13871776408118608,0.13871776408118608,0.0,0.975365660522399,0.975365660522399,0.0,0.0,0.0,0.0,0.0,0.619,39.35,56.989999999999995,7047.353,2,HalfCheetah-v5,1042,Agente_1
27.45025634765625,4,120480,-342.8106424748007,-181.90685242653825,-564.4968087437715,1000.0,4.371462400796332e-05,0.0,0.975365660522399,0.13871776408118608,30114,0.5,0.99,0.004211523134290474,8.488031040388963,0.2353008633029872,0.003972332648419101,7.857508594414283,0.004211523134290474,0.2353008633029872,8.488031040388963,1.0,4.371462400796332e-05,4.371462400796332e-05,0.0,0.13871776408118608,0.13871776408118608,0.0,0.975365660522399,0.975365660522399,0.0,0.0,0.0,0.0,0.0,0.8755555555555555,35.31111111111111,57.266666666666666,6851.392,3,HalfCheetah-v5,1042,Agente_1
33.70008611679077,5,150600,-330.1993962823794,-181.90685242653825,-492.61029053487454,1000.0,4.371462400796332e-05,0.0,0.975365660522399,0.13871776408118608,30114,0.5,0.99,0.004927314930772151,8.436731668998455,0.2882314152758697,-0.003244410724989299,7.248081040382385,0.004927314930772151,0.2882314152758697,8.436731668998455,1.0,4.371462400796332e-05,4.371462400796332e-05,0.0,0.13871776408118608,0.13871776408118608,0.0,0.975365660522399,0.975365660522399,0.0,0.0,0.0,0.0,0.0,0.8987499999999999,37.1375,57.275,6728.305,4,HalfCheetah-v5,1042,Agente_1
40.78457164764404,6,180720,-319.2453782603019,-124.69125658177074,-492.61029053487454,1000.0,4.371462400796332e-05,0.0,0.975365660522399,0.13871776408118608,30114,0.5,0.99,0.004318825201013671,8.385310746883524,0.4016688119748543,-0.031313737764440734,6.922300138144657,0.004318825201013671,0.4016688119748543,8.385310746883524,1.0,4.371462400796332e-05,4.371462400796332e-05,0.0,0.13871776408118608,0.13871776408118608,0.0,0.975365660522399,0.975365660522399,0.0,0.0,0.0,0.0,0.0,0.783,35.38,57.30999999999999,6785.393,5,HalfCheetah-v5,1042,Agente_1
47.451937198638916,7,210840,-311.0740317196151,-63.43500146969128,-559.1929308805211,1000.0,4.371462400796332e-05,0.0,0.975365660522399,0.13871776408118608,30114,0.5,0.99,0.0045540528307693295,8.394008284601671,0.34941713799690377,-0.015149527646858117,6.932170091004207,0.0045540528307693295,0.34941713799690377,8.394008284601671,1.0,4.371462400796332e-05,4.371462400796332e-05,0.0,0.13871776408118608,0.13871776408118608,0.0,0.975365660522399,0.975365660522399,0.0,0.0,0.0,0.0,0.0,0.7969999999999999,39.519999999999996,57.55,6766.82,6,HalfCheetah-v5,1042,Agente_1
53.932663917541504,8,240960,-302.5012930445405,-63.43500146969128,-559.1929308805211,1000.0,4.371462400796332e-05,0.0,0.975365660522399,0.13871776408118608,30114,0.5,0.99,0.004496874504660934,8.329969279519442,0.4487057855416989,-0.029789593346930782,6.760596899328561,0.004496874504660934,0.4487057855416989,8.329969279519442,1.0,4.371462400796332e-05,4.371462400796332e-05,0.0,0.13871776408118608,0.13871776408118608,0.0,0.975365660522399,0.975365660522399,0.0,0.0,0.0,0.0,0.0,0.827777777777778,28.82222222222222,57.5,6729.792,7,HalfCheetah-v5,1042,Agente_1
63.07499599456787,9,271080,-289.53500475371743,-63.43500146969128,-559.1929308805211,1000.0,4.371462400796332e-05,0.0,0.975365660522399,0.13871776408118608,30114,0.5,0.99,0.004379188045921747,8.340413716743733,0.3956294383468299,-0.010207776693177635,6.836422652211683,0.004379188045921747,0.3956294383468299,8.340413716743733,1.0,4.371462400796332e-05,4.371462400796332e-05,0.0,0.13871776408118608,0.13871776408118608,0.0,0.975365660522399,0.975365660522399,0.0,0.0,0.0,0.0,0.0,0.5041666666666668,40.15,57.53333333333334,6996.814,8,HalfCheetah-v5,1042,Agente_1
70.35568022727966,10,301200,-287.8225475200967,-88.41632334894274,-559.1929308805211,1000.0,4.371462400796332e-05,0.0,0.975365660522399,0.13871776408118608,30114,0.5,0.99,0.004057000334621015,8.357194027407417,0.28329941928386687,-0.019671100329864643,7.218131621952715,0.004057000334621015,0.28329941928386687,8.357194027407417,1.0,4.371462400796332e-05,4.371462400796332e-05,0.0,0.13871776408118608,0.13871776408118608,0.0,0.975365660522399,0.975365660522399,0.0,0.0,0.0,0.0,0.0,0.874,37.900000000000006,57.529999999999994,7023.905,9,HalfCheetah-v5,1042,Agente_1
76.36716628074646,9,322512,-228.9193227645198,-25.202563139690525,-297.1760479832615,1000.0,0.00027311719483383263,0.0,0.9,0.2993545269265007,42060,0.5,0.99,0.017806849658642588,8.209834992594836,0.42353014139140527,-0.027297118509460875,6.094443148810689,0.017806849658642588,0.42353014139140527,8.209834992594836,1.0,0.00027311719483383263,0.00027311719483383263,0.0,0.2993545269265007,0.2993545269265007,0.0,0.9,0.9,0.0,0.0,0.0,0.0,0.0,0.6041176470588235,33.311764705882354,57.40588235294118,11820.956,10,HalfCheetah-v5,1042,Agente_1
88.17567181587219,10,364576,-219.33482993274518,24.340850657331742,-300.80285286667083,1000.0,0.00027311719483383263,0.0,0.9,0.2993545269265007,42060,0.5,0.99,0.01719241506596122,8.166756781136117,0.439665467491964,-0.029779362822769256,5.797007044931737,0.01719241506596122,0.439665467491964,8.166756781136117,1.0,0.00027311719483383263,0.00027311719483383263,0.0,0.2993545269265007,0.2993545269265007,0.0,0.9,0.9,0.0,0.0,0.0,0.0,0.0,0.546875,38.6875,57.89375,11807.904,11,HalfCheetah-v5,1042,Agente_1
98.92487478256226,11,406640,-214.61949203625204,24.340850657331742,-377.3154221836391,1000.0,0.00027311719483383263,0.0,0.9,0.2993545269265007,42060,0.5,0.99,0.016802073230632587,8.167650120432784,0.4026593144347028,-0.02922436252190936,5.976038599014283,0.016802073230632587,0.4026593144347028,8.167650120432784,1.0,0.00027311719483383263,0.00027311719483383263,0.0,0.2993545269265007,0.2993545269265007,0.0,0.9,0.9,0.0,0.0,0.0,0.0,0.0,0.7506666666666665,37.03333333333334,57.819999999999986,11450.286,12,HalfCheetah-v5,1042,Agente_1
108.58388137817383,12,448704,-206.64186719179125,14.424930577501527,-377.3154221836391,1000.0,0.00027311719483383263,0.0,0.9,0.2993545269265007,42060,0.5,0.99,0.01739323342440118,8.176939005386538,0.4625859135534705,-0.029527489397470363,6.116103285696449,0.01739323342440118,0.4625859135534705,8.176939005386538,1.0,0.00027311719483383263,0.00027311719483383263,0.0,0.2993545269265007,0.2993545269265007,0.0,0.9,0.9,0.0,0.0,0.0,0.0,0.0,0.8642857142857144,34.75714285714286,57.79285714285713,10999.776,13,HalfCheetah-v5,1042,Agente_1
119.4520583152771,13,490768,-202.8208186794466,14.424930577501527,-377.3154221836391,1000.0,0.00027311719483383263,0.0,0.9,0.2993545269265007,42060,0.5,0.99,0.01705072602489967,8.10160160122848,0.38450036695817624,-0.031018141529908994,5.541642860959215,0.01705072602489967,0.38450036695817624,8.10160160122848,1.0,0.00027311719483383263,0.00027311719483383263,0.0,0.2993545269265007,0.2993545269265007,0.0,0.9,0.9,0.0,0.0,0.0,0.0,0.0,0.8973333333333334,34.43333333333333,57.79999999999998,10970.468,14,HalfCheetah-v5,1042,Agente_1
130.66577768325806,14,532832,-200.10724123662294,-47.07909382804427,-302.38890959398066,1000.0,0.00027311719483383263,0.0,0.9,0.2993545269265007,42060,0.5,0.99,0.017417750488888665,8.082410869365786,0.44622443056688077,-0.03166620530097223,5.767112123093954,0.017417750488888665,0.44622443056688077,8.082410869365786,1.0,0.00027311719483383263,0.00027311719483383263,0.0,0.2993545269265007,0.2993545269265007,0.0,0.9,0.9,0.0,0.0,0.0,0.0,0.0,0.6100000000000001,35.25333333333334,57.74666666666667,11008.711,15,HalfCheetah-v5,1042,Agente_1
153.8673586845398,12,650800,-41.692253653077785,60.43672249466975,-280.6607396702964,1000.0,3.246958191031088e-05,0.0,0.9,0.1876531345433491,44121,0.5,0.99,0.006894939826216361,7.7003887542458465,0.5064244291810103,-0.013867153357281241,4.251278856188752,0.006894939826216361,0.5064244291810103,7.7003887542458465,1.0,3.246958191031088e-05,3.246958191031088e-05,0.0,0.1876531345433491,0.1876531345433491,0.0,0.9,0.9,0.0,0.0,0.0,0.0,0.0,0.6265000000000001,33.565000000000005,57.614999999999995,13708.777,16,HalfCheetah-v5,1042,Agente_1
165.27591753005981,13,694928,-23.020862715541053,77.18468609662933,-280.6607396702964,1000.0,3.246958191031088e-05,0.0,0.9,0.1876531345433491,44121,0.5,0.99,0.00796254849072519,7.515660374109135,0.4364760209654653,-0.014555402749846147,3.9352062549701956,0.00796254849072519,0.4364760209654653,7.515660374109135,1.0,3.246958191031088e-05,3.246958191031088e-05,0.0,0.1876531345433491,0.1876531345433491,0.0,0.9,0.9,0.0,0.0,0.0,0.0,0.0,0.5273333333333334,39.60666666666667,57.83333333333334,12552.262,17,HalfCheetah-v5,1042,Agente_1
176.62530541419983,14,739056,7.394621110977457,127.69743935021496,-320.7284377563762,1000.0,3.246958191031088e-05,0.0,0.9,0.1876531345433491,44121,0.5,0.99,0.007210637985572063,7.535730074172796,0.3997451139743938,-0.01232620028367396,4.326085940627165,0.007210637985572063,0.3997451139743938,7.535730074172796,1.0,3.246958191031088e-05,3.246958191031088e-05,0.0,0.1876531345433491,0.1876531345433491,0.0,0.9,0.9,0.0,0.0,0.0,0.0,0.0,0.815625,36.9125,57.931250000000006,12147.617,18,HalfCheetah-v5,1042,Agente_1
186.37735509872437,15,783184,40.72962076755643,190.39662825025022,-320.7284377563762,1000.0,3.246958191031088e-05,0.0,0.9,0.1876531345433491,44121,0.5,0.99,0.008339770981356858,7.367911543402561,0.39398428672967956,-0.01739006056666894,4.224682438650796,0.008339770981356858,0.39398428672967956,7.367911543402561,1.0,3.246958191031088e-05,3.246958191031088e-05,0.0,0.1876531345433491,0.1876531345433491,0.0,0.9,0.9,0.0,0.0,0.0,0.0,0.0,0.857857142857143,35.3,57.914285714285704,11545.754,19,HalfCheetah-v5,1042,Agente_1
196.45502710342407,16,827312,72.14037451069049,196.18373978002455,-320.7284377563762,1000.0,3.246958191031088e-05,0.0,0.9,0.1876531345433491,44121,0.5,0.99,0.007985262223779571,7.287864479353262,0.33524228826511737,-0.013847871035943891,4.5223821950513265,0.007985262223779571,0.33524228826511737,7.287864479353262,1.0,3.246958191031088e-05,3.246958191031088e-05,0.0,0.1876531345433491,0.1876531345433491,0.0,0.9,0.9,0.0,0.0,0.0,0.0,0.0,0.7671428571428572,35.51428571428571,57.87142857142856,11250.053,20,HalfCheetah-v5,1042,Agente_1
208.5308494567871,17,871440,122.7857456374152,248.400014052443,-309.12062628558624,1000.0,3.246958191031088e-05,0.0,0.9,0.1876531345433491,44121,0.5,0.99,0.007949427884394154,7.2421838233637255,0.36812783216321193,-0.014980731579626715,4.615187106298846,0.007949427884394154,0.36812783216321193,7.2421838233637255,1.0,3.246958191031088e-05,3.246958191031088e-05,0.0,0.1876531345433491,0.1876531345433491,0.0,0.9,0.9,0.0,0.0,0.0,0.0,0.0,0.7241176470588234,36.87058823529412,57.94117647058823,11385.741,21,HalfCheetah-v5,1042,Agente_1
219.50197649002075,18,915568,160.84825381165035,320.89874678876373,-309.12062628558624,1000.0,3.246958191031088e-05,0.0,0.9,0.1876531345433491,44121,0.5,0.99,0.008402110964060624,7.020586837169736,0.4238412238830744,-0.015975919402702602,4.441155332742736,0.008402110964060624,0.4238412238830744,7.020586837169736,1.0,3.246958191031088e-05,3.246958191031088e-05,0.0,0.1876531345433491,0.1876531345433491,0.0,0.9,0.9,0.0,0.0,0.0,0.0,0.0,0.6066666666666667,35.55333333333333,57.893333333333324,11324.094,22,HalfCheetah-v5,1042,Agente_1
230.84992337226868,19,959696,247.4227851840196,403.059078120315,-351.42116994853626,1000.0,3.246958191031088e-05,0.0,0.9,0.1876531345433491,44121,0.5,0.99,0.00851054663232161,6.955701997113782,0.44549428889917775,-0.01662375245156676,4.576067810003147,0.00851054663232161,0.44549428889917775,6.955701997113782,1.0,3.246958191031088e-05,3.246958191031088e-05,0.0,0.1876531345433491,0.1876531345433491,0.0,0.9,0.9,0.0,0.0,0.0,0.0,0.0,0.620625,37.24375,57.93125,11325.452,23,HalfCheetah-v5,1042,Agente_1
243.02035927772522,20,1003824,280.48170367809615,455.2336949086535,-351.42116994853626,1000.0,3.246958191031088e-05,0.0,0.9,0.1876531345433491,44121,0.5,0.99,0.007731577829271901,6.938957601924275,0.37852164638596913,-0.01384831822672209,5.020118238205134,0.007731577829271901,0.37852164638596913,6.938957601924275,1.0,3.246958191031088e-05,3.246958191031088e-05,0.0,0.1876531345433491,0.1876531345433491,0.0,0.9,0.9,0.0,0.0,0.0,0.0,0.0,0.711875,34.45,57.93125,11417.759,24,HalfCheetah-v5,1042,Agente_1
254.21970868110657,21,1047952,312.28574411499125,477.1473983170225,-351.42116994853626,1000.0,3.246958191031088e-05,0.0,0.9,0.1876531345433491,44121,0.5,0.99,0.008175258424980333,6.765228023085483,0.41419188775295435,-0.014989471403058879,5.0441965796226675,0.008175258424980333,0.41419188775295435,6.765228023085483,1.0,3.246958191031088e-05,3.246958191031088e-05,0.0,0.1876531345433491,0.1876531345433491,0.0,0.9,0.9,0.0,0.0,0.0,0.0,0.0,0.5656249999999999,37.8125,53.9875,11394.537,25,HalfCheetah-v5,1042,Agente_1
266.14726972579956,22,1092080,387.23254635769837,586.936238263301,-289.8516510247293,1000.0,3.246958191031088e-05,0.0,0.9,0.1876531345433491,44121,0.5,0.99,0.007555771744211097,6.7798482218454055,0.4665102309265802,-0.014327123901958382,5.41266035922738,0.007555771744211097,0.4665102309265802,6.7798482218454055,1.0,3.246958191031088e-05,3.246958191031088e-05,0.0,0.1876531345433491,0.1876531345433491,0.0,0.9,0.9,0.0,0.0,0.0,0.0,0.0,0.5899999999999999,38.55882352941177,58.15294117647059,11215.414,26,HalfCheetah-v5,1042,Agente_1
277.1526880264282,23,1136208,417.2056691598175,586.936238263301,-289.8516510247293,1000.0,3.246958191031088e-05,0.0,0.9,0.1876531345433491,44121,0.5,0.99,0.008377189657961944,6.469837376128796,0.4288012915572455,-0.014190854327103427,4.943470603920693,0.008377189657961944,0.4288012915572455,6.469837376128796,1.0,3.246958191031088e-05,3.246958191031088e-05,0.0,0.1876531345433491,0.1876531345433491,0.0,0.9,0.9,0.0,0.0,0.0,0.0,0.0,0.6259999999999999,35.79999999999999,58.24,11175.429,27,HalfCheetah-v5,1042,Agente_1
285.63500142097473,24,1180336,455.26119797642326,586.936238263301,-83.18481993549756,1000.0,3.246958191031088e-05,0.0,0.9,0.1876531345433491,44121,0.5,0.99,0.008014140739265544,6.380975304647934,0.48720269230909125,-0.013922132108750386,5.02712746941766,0.008014140739265544,0.48720269230909125,6.380975304647934,1.0,3.246958191031088e-05,3.246958191031088e-05,0.0,0.1876531345433491,0.1876531345433491,0.0,0.9,0.9,0.0,0.0,0.0,0.0,0.0,0.7458333333333335,33.541666666666664,50.26666666666668,10888.873,28,HalfCheetah-v5,1042,Agente_1
294.9908034801483,25,1224464,532.2525290161643,671.3976414112084,286.8284363969274,1000.0,3.246958191031088e-05,0.0,0.9,0.1876531345433491,44121,0.5,0.99,0.007342546027372732,6.360405553773392,0.5472781561834867,-0.012129031870037664,5.106233259411745,0.007342546027372732,0.5472781561834867,6.360405553773392,1.0,3.246958191031088e-05,3.246958191031088e-05,0.0,0.1876531345433491,0.1876531345433491,0.0,0.9,0.9,0.0,0.0,0.0,0.0,0.0,0.4423076923076924,36.62307692307692,50.03846153846154,10849.089,29,HalfCheetah-v5,1042,Agente_1
304.8253071308136,26,1268592,627.980403250365,752.2002046986952,467.14733619775063,1000.0,3.246958191031088e-05,0.0,0.9,0.1876531345433491,44121,0.5,0.99,0.006981962416646408,6.290050478314244,0.6101874381303787,-0.01176865909270249,4.741946903772132,0.006981962416646408,0.6101874381303787,6.290050478314244,1.0,3.246958191031088e-05,3.246958191031088e-05,0.0,0.1876531345433491,0.1876531345433491,0.0,0.9,0.9,0.0,0.0,0.0,0.0,0.0,0.53,30.9,47.942857142857136,9820.511,30,HalfCheetah-v5,1042,Agente_1
314.7270493507385,27,1312720,629.9540459976754,752.2002046986952,-264.63486516613676,1000.0,3.246958191031088e-05,0.0,0.9,0.1876531345433491,44121,0.5,0.99,0.007753909436808565,6.030824201051579,0.4582520368487336,-0.013373831045532296,4.440076654456383,0.007753909436808565,0.4582520368487336,6.030824201051579,1.0,3.246958191031088e-05,3.246958191031088e-05,0.0,0.1876531345433491,0.1876531345433491,0.0,0.9,0.9,0.0,0.0,0.0,0.0,0.0,0.5878571428571427,36.49999999999999,49.82142857142856,9856.065,31,HalfCheetah-v5,1042,Agente_1
326.34463024139404,28,1356848,676.4246865730788,825.2964008672224,-264.63486516613676,1000.0,3.246958191031088e-05,0.0,0.9,0.1876531345433491,44121,0.5,0.99,0.007338603052436275,6.028158232223156,0.5890858372976614,-0.012127549312250732,4.5557460033616355,0.007338603052436275,0.5890858372976614,6.028158232223156,1.0,3.246958191031088e-05,3.246958191031088e-05,0.0,0.1876531345433491,0.1876531345433491,0.0,0.9,0.9,0.0,0.0,0.0,0.0,0.0,0.594375,36.34375,50.78125,10440.001,32,HalfCheetah-v5,1042,Agente_1
336.30053067207336,29,1400976,708.3706221262951,829.8319312721776,468.7862044318505,1000.0,3.246958191031088e-05,0.0,0.9,0.1876531345433491,44121,0.5,0.99,0.008017439956176263,5.831591343325238,0.5334097259959509,-0.013630707880352125,4.359798119788946,0.008017439956176263,0.5334097259959509,5.831591343325238,1.0,3.246958191031088e-05,3.246958191031088e-05,0.0,0.1876531345433491,0.1876531345433491,0.0,0.9,0.9,0.0,0.0,0.0,0.0,0.0,0.47285714285714286,40.42857142857144,51.714285714285715,10316.417,33,HalfCheetah-v5,1042,Agente_1
348.23959159851074,30,1445104,727.965593631799,875.150674409048,468.7862044318505,1000.0,3.246958191031088e-05,0.0,0.9,0.1876531345433491,44121,0.5,0.99,0.007338954552066176,5.740668219743773,0.48331747041192163,-0.012417054065871378,4.2698085873626,0.007338954552066176,0.48331747041192163,5.740668219743773,1.0,3.246958191031088e-05,3.246958191031088e-05,0.0,0.1876531345433491,0.1876531345433491,0.0,0.9,0.9,0.0,0.0,0.0,0.0,0.0,0.820625,36.1875,57.4375,10638.833,34,HalfCheetah-v5,1042,Agente_1
357.63502073287964,31,1489232,792.6642919112174,922.2188336771497,559.3147321600344,1000.0,3.246958191031088e-05,0.0,0.9,0.1876531345433491,44121,0.5,0.99,0.006725950369093689,5.785930258174275,0.5533623961515205,-0.01103808501908599,4.493175367699113,0.006725950369093689,0.5533623961515205,5.785930258174275,1.0,3.246958191031088e-05,3.246958191031088e-05,0.0,0.1876531345433491,0.1876531345433491,0.0,0.9,0.9,0.0,0.0,0.0,0.0,0.0,0.8515384615384616,31.492307692307694,53.215384615384615,10429.672,35,HalfCheetah-v5,1042,Agente_1
366.04191732406616,32,1533360,838.9965058386623,924.8408223279142,715.1025855612615,1000.0,3.246958191031088e-05,0.0,0.9,0.1876531345433491,44121,0.5,0.99,0.0061439686736205635,5.727417352587678,0.5654383167277935,-0.010314832006169613,4.362709709655407,0.0061439686736205635,0.5654383167277935,5.727417352587678,1.0,3.246958191031088e-05,3.246958191031088e-05,0.0,0.1876531345433491,0.1876531345433491,0.0,0.9,0.9,0.0,0.0,0.0,0.0,0.0,0.7250000000000001,28.566666666666666,48.99166666666667,8393.206,36,HalfCheetah-v5,1042,Agente_1
385.2092411518097,34,1621616,893.3614483811383,993.9327274343719,799.2606182181706,1000.0,3.246958191031088e-05,0.0,0.9,0.1876531345433491,44121,0.5,0.99,0.006262571557293409,5.55469624275385,0.552447187207466,-0.009482403978878675,4.334635272968647,0.006262571557293409,0.552447187207466,5.55469624275385,1.0,3.246958191031088e-05,3.246958191031088e-05,0.0,0.1876531345433491,0.1876531345433491,0.0,0.9,0.9,0.0,0.0,0.0,0.0,0.0,0.713076923076923,28.369230769230764,48.338461538461544,8670.839,37,HalfCheetah-v5,1042,Agente_1
395.0046796798706,35,1665744,889.5875113187357,1048.3602307055019,-338.97800377875467,1000.0,3.246958191031088e-05,0.0,0.9,0.1876531345433491,44121,0.5,0.99,0.0072572016369905285,5.390809628020885,0.44211473652096683,-0.010986552708024202,4.188488854641138,0.0072572016369905285,0.44211473652096683,5.390809628020885,1.0,3.246958191031088e-05,3.246958191031088e-05,0.0,0.1876531345433491,0.1876531345433491,0.0,0.9,0.9,0.0,0.0,0.0,0.0,0.0,0.3123076923076923,40.75384615384615,47.661538461538456,9228.012,38,HalfCheetah-v5,1042,Agente_1
404.4601674079895,36,1709872,959.0453327792595,1027.748818008778,839.2695633383161,1000.0,3.246958191031088e-05,0.0,0.9,0.1876531345433491,44121,0.5,0.99,0.00609520095239605,5.398014412924301,0.474874346685964,-0.01032908235265072,4.20764872584232,0.00609520095239605,0.474874346685964,5.398014412924301,1.0,3.246958191031088e-05,3.246958191031088e-05,0.0,0.1876531345433491,0.1876531345433491,0.0,0.9,0.9,0.0,0.0,0.0,0.0,0.0,0.3735714285714286,32.114285714285714,45.214285714285715,9441.695,39,HalfCheetah-v5,1042,Agente_1
414.3658950328827,37,1754000,947.3084672850096,1048.624332270389,20.573778466269175,1000.0,3.246958191031088e-05,0.0,0.9,0.1876531345433491,44121,0.5,0.99,0.006934359992001885,5.290759031717167,0.4574852829755739,-0.01114157704679772,4.122289868565493,0.006934359992001885,0.4574852829755739,5.290759031717167,1.0,3.246958191031088e-05,3.246958191031088e-05,0.0,0.1876531345433491,0.1876531345433491,0.0,0.9,0.9,0.0,0.0,0.0,0.0,0.0,0.6461538461538461,36.769230769230774,51.95384615384616,9664.12,40,HalfCheetah-v5,1042,Agente_1
422.6556513309479,38,1798128,1008.3629561820032,1087.3737371646926,945.1315380924005,1000.0,3.246958191031088e-05,0.0,0.9,0.1876531345433491,44121,0.5,0.99,0.006289538923831468,5.2432768477949985,0.4438595993574275,-0.010709673837693624,4.221195759329685,0.006289538923831468,0.4438595993574275,5.2432768477949985,1.0,3.246958191031088e-05,3.246958191031088e-05,0.0,0.1876531345433491,0.1876531345433491,0.0,0.9,0.9,0.0,0.0,0.0,0.0,0.0,0.4008333333333333,27.91666666666666,42.62500000000001,8275.898,41,HalfCheetah-v5,1042,Agente_1
431.91700983047485,39,1842256,991.3632955731912,1087.3737371646926,-48.74147955413802,1000.0,3.246958191031088e-05,0.0,0.9,0.1876531345433491,44121,0.5,0.99,0.006778355555282022,5.158746268582899,0.4910569066225096,-0.010694925194649502,4.097781898531803,0.006778355555282022,0.4910569066225096,5.158746268582899,1.0,3.246958191031088e-05,3.246958191031088e-05,0.0,0.1876531345433491,0.1876531345433491,0.0,0.9,0.9,0.0,0.0,0.0,0.0,0.0,0.47846153846153844,35.130769230769225,48.623076923076916,8764.404,42,HalfCheetah-v5,1042,Agente_1
440.53412079811096,40,1886384,1026.9360779937583,1123.8019750986673,928.376584649131,1000.0,3.246958191031088e-05,0.0,0.9,0.1876531345433491,44121,0.5,0.99,0.006001171694913252,5.1665054332378295,0.4867194719785868,-0.010083875870115536,4.122985421779544,0.006001171694913252,0.4867194719785868,5.1665054332378295,1.0,3.246958191031088e-05,3.246958191031088e-05,0.0,0.1876531345433491,0.1876531345433491,0.0,0.9,0.9,0.0,0.0,0.0,0.0,0.0,0.25083333333333335,30.5,42.583333333333336,8605.55,43,HalfCheetah-v5,1042,Agente_1
449.0818417072296,41,1930512,1018.46632763875,1123.8019750986673,-56.74070930622106,1000.0,3.246958191031088e-05,0.0,0.9,0.1876531345433491,44121,0.5,0.99,0.006480319265667641,5.0966405280800755,0.48416905971460567,-0.011098498127661472,4.000559712565223,0.006480319265667641,0.48416905971460567,5.0966405280800755,1.0,3.246958191031088e-05,3.246958191031088e-05,0.0,0.1876531345433491,0.1876531345433491,0.0,0.9,0.9,0.0,0.0,0.0,0.0,0.0,0.5525,34.11666666666667,47.23333333333333,8569.636,44,HalfCheetah-v5,1042,Agente_1
457.60289430618286,42,1974640,1056.1738825300577,1135.1589024667026,954.5660573981252,1000.0,3.246958191031088e-05,0.0,0.9,0.1876531345433491,44121,0.5,0.99,0.006272466535961679,5.0817401220632155,0.48479742865229764,-0.01041290992221167,4.002581530670787,0.006272466535961679,0.48479742865229764,5.0817401220632155,1.0,3.246958191031088e-05,3.246958191031088e-05,0.0,0.1876531345433491,0.1876531345433491,0.0,0.9,0.9,0.0,0.0,0.0,0.0,0.0,0.8758333333333335,27.625000000000004,52.53333333333333,8507.693,45,HalfCheetah-v5,1042,Agente_1
467.0320734977722,43,2018768,1065.6811382998028,1135.1589024667026,947.6502515739936,1000.0,3.246958191031088e-05,0.0,0.9,0.1876531345433491,44121,0.5,0.99,0.006486763861696251,4.980761021791502,0.4977594966805258,-0.011018732995834462,3.7871187991874162,0.006486763861696251,0.4977594966805258,4.980761021791502,1.0,3.246958191031088e-05,3.246958191031088e-05,0.0,0.1876531345433491,0.1876531345433491,0.0,0.9,0.9,0.0,0.0,0.0,0.0,0.0,0.3646153846153846,29.907692307692308,43.57692307692309,8962.407,46,HalfCheetah-v5,1042,Agente_1
13.014617919921875,1,55152,-365.53948122832156,-244.33033935469032,-575.5606345100271,1000.0,4.05869773878886e-05,0.0,0.9136298264917319,0.23456641817918633,55152,0.5,0.99,0.006628032135733656,8.490187457788771,-0.04057362842782636,-0.009460265340857974,6.072969231761505,0.006628032135733656,-0.04057362842782636,8.490187457788771,1.0,4.05869773878886e-05,4.05869773878886e-05,0.0,0.23456641817918633,0.23456641817918633,0.0,0.9136298264917319,0.9136298264917319,0.0,0.0,0.0,0.0,0.0,0.5373684210526316,43.23684210526316,55.32631578947369,13001.189,0,HalfCheetah-v5,1042,Agente_2
27.79227089881897,2,110304,-339.7561715442884,-183.26248241965914,-575.5606345100271,1000.0,4.05869773878886e-05,0.0,0.9136298264917319,0.23456641817918633,55152,0.5,0.99,0.006863805012202837,8.442784531317024,0.04838706628184452,-0.00892516191543959,5.499221998620256,0.006863805012202837,0.04838706628184452,8.442784531317024,1.0,4.05869773878886e-05,4.05869773878886e-05,0.0,0.23456641817918633,0.23456641817918633,0.0,0.9136298264917319,0.9136298264917319,0.0,0.0,0.0,0.0,0.0,0.7515000000000001,37.525,57.114999999999995,13884.293,1,HalfCheetah-v5,1042,Agente_2
39.51827526092529,3,165456,-318.5170480951385,-171.41993838018402,-502.3799105710016,1000.0,4.05869773878886e-05,0.0,0.9136298264917319,0.23456641817918633,55152,0.5,0.99,0.006991761599724291,8.38999361947318,0.2576953975396736,-0.005431780481937333,5.283026204822219,0.006991761599724291,0.2576953975396736,8.38999361947318,1.0,4.05869773878886e-05,4.05869773878886e-05,0.0,0.23456641817918633,0.23456641817918633,0.0,0.9136298264917319,0.9136298264917319,0.0,0.0,0.0,0.0,0.0,0.809375,36.3125,57.293749999999996,13160.647,2,HalfCheetah-v5,1042,Agente_2
53.49483299255371,4,220608,-307.20757168949154,-171.41993838018402,-502.3799105710016,1000.0,4.05869773878886e-05,0.0,0.9136298264917319,0.23456641817918633,55152,0.5,0.99,0.007220463671144852,8.317828567897047,0.417155652124191,-0.007728631035468289,4.424612749179947,0.007220463671144852,0.417155652124191,8.317828567897047,1.0,4.05869773878886e-05,4.05869773878886e-05,0.0,0.23456641817918633,0.23456641817918633,0.0,0.9136298264917319,0.9136298264917319,0.0,0.0,0.0,0.0,0.0,0.7765000000000001,34.89,57.535000000000004,13362.429,3,HalfCheetah-v5,1042,Agente_2
65.94694542884827,5,275760,-277.80081788866113,-128.44719190271832,-464.2815977795974,1000.0,4.05869773878886e-05,0.0,0.9136298264917319,0.23456641817918633,55152,0.5,0.99,0.007304295255376748,8.282530835410144,0.49737724260749105,-0.009081107959864991,4.666671810417532,0.007304295255376748,0.49737724260749105,8.282530835410144,1.0,4.05869773878886e-05,4.05869773878886e-05,0.0,0.23456641817918633,0.23456641817918633,0.0,0.9136298264917319,0.9136298264917319,0.0,0.0,0.0,0.0,0.0,0.5929411764705883,37.358823529411765,57.51176470588236,13177.845,4,HalfCheetah-v5,1042,Agente_2
77.40872263908386,6,330912,-258.27768339359665,-128.44719190271832,-406.1683262827885,1000.0,4.05869773878886e-05,0.0,0.9136298264917319,0.23456641817918633,55152,0.5,0.99,0.008127767406885124,8.18855390103064,0.5969511982436492,-0.010321009233942099,4.149594380922407,0.008127767406885124,0.5969511982436492,8.18855390103064,1.0,4.05869773878886e-05,4.05869773878886e-05,0.0,0.23456641817918633,0.23456641817918633,0.0,0.9136298264917319,0.9136298264917319,0.0,0.0,0.0,0.0,0.0,0.771875,35.28125,54.70625,12890.224,5,HalfCheetah-v5,1042,Agente_2
91.9464123249054,7,386064,-233.30470944403686,-113.08097080411372,-412.02601964904534,1000.0,4.05869773878886e-05,0.0,0.9136298264917319,0.23456641817918633,55152,0.5,0.99,0.009150798684105416,8.089696107400911,0.5554737164038364,-0.011618610347890966,4.0002800330937465,0.009150798684105416,0.5554737164038364,8.089696107400911,1.0,4.05869773878886e-05,4.05869773878886e-05,0.0,0.23456641817918633,0.23456641817918633,0.0,0.9136298264917319,0.9136298264917319,0.0,0.0,0.0,0.0,0.0,0.5765,38.88,57.57000000000001,13124.184,6,HalfCheetah-v5,1042,Agente_2
103.89681792259216,8,441216,-211.72786804857824,-43.07743247508236,-412.02601964904534,1000.0,4.05869773878886e-05,0.0,0.9136298264917319,0.23456641817918633,55152,0.5,0.99,0.009116126167746442,8.01789242619666,0.5570512865191308,-0.011170220600493322,3.962484008797975,0.009116126167746442,0.5570512865191308,8.01789242619666,1.0,4.05869773878886e-05,4.05869773878886e-05,0.0,0.23456641817918633,0.23456641817918633,0.0,0.9136298264917319,0.9136298264917319,0.0,0.0,0.0,0.0,0.0,0.5535294117647058,37.741176470588236,57.91764705882353,12976.196,7,HalfCheetah-v5,1042,Agente_2
116.15401220321655,9,496368,-170.70115653248754,-43.07743247508236,-366.61516137006464,1000.0,4.05869773878886e-05,0.0,0.9136298264917319,0.23456641817918633,55152,0.5,0.99,0.009836900220387893,7.943264806159188,0.5961319035458787,-0.014501278925791523,4.0186880967327365,0.009836900220387893,0.5961319035458787,7.943264806159188,1.0,4.05869773878886e-05,4.05869773878886e-05,0.0,0.23456641817918633,0.23456641817918633,0.0,0.9136298264917319,0.9136298264917319,0.0,0.0,0.0,0.0,0.0,0.8935294117647059,32.76470588235294,57.811764705882354,12894.933,8,HalfCheetah-v5,1042,Agente_2
128.40394854545593,10,551520,-132.3985584004311,-43.37069950111032,-366.61516137006464,1000.0,4.05869773878886e-05,0.0,0.9136298264917319,0.23456641817918633,55152,0.5,0.99,0.0105009108364161,7.836186921930759,0.560862682634425,-0.020499018257675326,4.075460145852276,0.0105009108364161,0.560862682634425,7.836186921930759,1.0,4.05869773878886e-05,4.05869773878886e-05,0.0,0.23456641817918633,0.23456641817918633,0.0,0.9136298264917319,0.9136298264917319,0.0,0.0,0.0,0.0,0.0,0.8805882352941178,34.85882352941176,57.829411764705874,12829.175,9,HalfCheetah-v5,1042,Agente_2
140.14956426620483,11,606672,-110.9937995254402,-15.355769026992618,-231.02671487034166,1000.0,4.05869773878886e-05,0.0,0.9136298264917319,0.23456641817918633,55152,0.5,0.99,0.010714111816700284,7.709511185138025,0.47115746792231766,-0.01653595478665606,3.9706294342736217,0.010714111816700284,0.47115746792231766,7.709511185138025,1.0,4.05869773878886e-05,4.05869773878886e-05,0.0,0.23456641817918633,0.23456641817918633,0.0,0.9136298264917319,0.9136298264917319,0.0,0.0,0.0,0.0,0.0,0.635,35.0625,57.78125,12702.626,10,HalfCheetah-v5,1042,Agente_2
151.96903681755066,12,661824,-73.71758112759522,69.13975069420115,-359.1131387828188,1000.0,4.05869773878886e-05,0.0,0.9136298264917319,0.23456641817918633,55152,0.5,0.99,0.010806087671540128,7.665410040472155,0.507993673609796,-0.015184123354537464,4.2353869235404185,0.010806087671540128,0.507993673609796,7.665410040472155,1.0,4.05869773878886e-05,4.05869773878886e-05,0.0,0.23456641817918633,0.23456641817918633,0.0,0.9136298264917319,0.9136298264917319,0.0,0.0,0.0,0.0,0.0,0.715625,34.89375,54.681250000000006,12406.412,11,HalfCheetah-v5,1042,Agente_2
164.569251537323,13,716976,-35.177795514846025,95.93522613258514,-339.0897590540785,1000.0,4.05869773878886e-05,0.0,0.9136298264917319,0.23456641817918633,55152,0.5,0.99,0.011195507280925138,7.534185305711265,0.4243818948202044,-0.014974200252060579,4.180756149113735,0.011195507280925138,0.4243818948202044,7.534185305711265,1.0,4.05869773878886e-05,4.05869773878886e-05,0.0,0.23456641817918633,0.23456641817918633,0.0,0.9136298264917319,0.9136298264917319,0.0,0.0,0.0,0.0,0.0,0.6177777777777779,34.97777777777778,57.71666666666667,12494.035,12,HalfCheetah-v5,1042,Agente_2
179.4436342716217,14,772128,24.807261889960778,161.5371237775251,-389.62290003969184,1000.0,4.05869773878886e-05,0.0,0.9136298264917319,0.23456641817918633,55152,0.5,0.99,0.011926410675718339,7.392427198463511,0.4256225063979069,-0.021901998669779467,4.359266039367034,0.011926410675718339,0.4256225063979069,7.392427198463511,1.0,4.05869773878886e-05,4.05869773878886e-05,0.0,0.23456641817918633,0.23456641817918633,0.0,0.9136298264917319,0.9136298264917319,0.0,0.0,0.0,0.0,0.0,0.5923809523809525,40.75238095238095,57.86190476190476,12583.688,13,HalfCheetah-v5,1042,Agente_2
191.64276099205017,15,827280,69.95441110577266,204.7966129142617,-389.62290003969184,1000.0,4.05869773878886e-05,0.0,0.9136298264917319,0.23456641817918633,55152,0.5,0.99,0.01236166269749636,7.2256564144776245,0.3900833958220259,-0.022494586523204484,4.307969593333307,0.01236166269749636,0.3900833958220259,7.2256564144776245,1.0,4.05869773878886e-05,4.05869773878886e-05,0.0,0.23456641817918633,0.23456641817918633,0.0,0.9136298264917319,0.9136298264917319,0.0,0.0,0.0,0.0,0.0,0.845625,34.7125,57.94375,12558.547,14,HalfCheetah-v5,1042,Agente_2
203.36640763282776,16,882432,145.11640823632638,284.4302257697035,-320.3588253089534,1000.0,4.05869773878886e-05,0.0,0.9136298264917319,0.23456641817918633,55152,0.5,0.99,0.012851778668479039,7.134881939843436,0.36864107061769363,-0.021075629404632843,4.534210242734892,0.012851778668479039,0.36864107061769363,7.134881939843436,1.0,4.05869773878886e-05,4.05869773878886e-05,0.0,0.23456641817918633,0.23456641817918633,0.0,0.9136298264917319,0.9136298264917319,0.0,0.0,0.0,0.0,0.0,0.7270588235294118,36.076470588235296,57.858823529411765,12584.748,15,HalfCheetah-v5,1042,Agente_2
215.04313111305237,17,937584,212.25671036570407,329.968828577708,32.378907741577635,1000.0,4.05869773878886e-05,0.0,0.9136298264917319,0.23456641817918633,55152,0.5,0.99,0.013600168786253466,7.036108518760895,0.34247543600118047,-0.02309029183272168,4.5983617033913875,0.013600168786253466,0.34247543600118047,7.036108518760895,1.0,4.05869773878886e-05,4.05869773878886e-05,0.0,0.23456641817918633,0.23456641817918633,0.0,0.9136298264917319,0.9136298264917319,0.0,0.0,0.0,0.0,0.0,0.74,34.8875,57.9375,12298.63,16,HalfCheetah-v5,1042,Agente_2
227.2710177898407,18,992736,277.72845056503525,411.37571593747055,85.95451193476978,1000.0,4.05869773878886e-05,0.0,0.9136298264917319,0.23456641817918633,55152,0.5,0.99,0.013617572302783347,6.895710497704622,0.4027688471513374,-0.020776527366278885,4.656501718770678,0.013617572302783347,0.4027688471513374,6.895710497704622,1.0,4.05869773878886e-05,4.05869773878886e-05,0.0,0.23456641817918633,0.23456641817918633,0.0,0.9136298264917319,0.9136298264917319,0.0,0.0,0.0,0.0,0.0,0.7029411764705882,35.01176470588236,57.87647058823529,12326.445,17,HalfCheetah-v5,1042,Agente_2
239.62877202033997,19,1047888,326.1617142987387,480.3723024337643,143.6703238847731,1000.0,4.05869773878886e-05,0.0,0.9136298264917319,0.23456641817918633,55152,0.5,0.99,0.013707452263416832,6.778365703386681,0.3801027848341755,-0.022638365642002254,4.845380158067863,0.013707452263416832,0.3801027848341755,6.778365703386681,1.0,4.05869773878886e-05,4.05869773878886e-05,0.0,0.23456641817918633,0.23456641817918633,0.0,0.9136298264917319,0.9136298264917319,0.0,0.0,0.0,0.0,0.0,0.6147058823529412,37.54117647058823,57.92352941176471,12336.78,18,HalfCheetah-v5,1042,Agente_2
252.3229260444641,20,1103040,393.9308534410374,584.3824802101581,-379.46075037025753,1000.0,4.05869773878886e-05,0.0,0.9136298264917319,0.23456641817918633,55152,0.5,0.99,0.01243364746673098,6.726518023125479,0.4294655990377765,-0.01805243221607721,5.029830087456748,0.01243364746673098,0.4294655990377765,6.726518023125479,1.0,4.05869773878886e-05,4.05869773878886e-05,0.0,0.23456641817918633,0.23456641817918633,0.0,0.9136298264917319,0.9136298264917319,0.0,0.0,0.0,0.0,0.0,0.7066666666666666,35.53888888888889,57.933333333333344,12381.177,19,HalfCheetah-v5,1042,Agente_2
265.2878005504608,21,1158192,447.1228160769739,649.1721174652348,-379.46075037025753,1000.0,4.05869773878886e-05,0.0,0.9136298264917319,0.23456641817918633,55152,0.5,0.99,0.012602770680698518,6.570736762964837,0.44451099350073625,-0.01675991589534227,5.125137224375645,0.012602770680698518,0.44451099350073625,6.570736762964837,1.0,4.05869773878886e-05,4.05869773878886e-05,0.0,0.23456641817918633,0.23456641817918633,0.0,0.9136298264917319,0.9136298264917319,0.0,0.0,0.0,0.0,0.0,0.6016666666666668,38.59444444444445,54.09444444444445,12502.569,20,HalfCheetah-v5,1042,Agente_2
279.8632905483246,22,1213344,492.26886644368386,686.262695843708,-365.96770857341835,1000.0,4.05869773878886e-05,0.0,0.9136298264917319,0.23456641817918633,55152,0.5,0.99,0.01251936929331576,6.320956305922749,0.39713654217318956,-0.01548498556470481,4.938639773832303,0.01251936929331576,0.39713654217318956,6.320956305922749,1.0,4.05869773878886e-05,4.05869773878886e-05,0.0,0.23456641817918633,0.23456641817918633,0.0,0.9136298264917319,0.9136298264917319,0.0,0.0,0.0,0.0,0.0,0.575,39.980000000000004,58.245000000000005,12778.233,21,HalfCheetah-v5,1042,Agente_2
292.3082456588745,23,1268496,557.8870338073491,711.3294302479112,-169.2761082467353,1000.0,4.05869773878886e-05,0.0,0.9136298264917319,0.23456641817918633,55152,0.5,0.99,0.01172005775015435,6.2824719023481705,0.4835260424101464,-0.01684470070160438,4.939277916979567,0.01172005775015435,0.4835260424101464,6.2824719023481705,1.0,4.05869773878886e-05,4.05869773878886e-05,0.0,0.23456641817918633,0.23456641817918633,0.0,0.9136298264917319,0.9136298264917319,0.0,0.0,0.0,0.0,0.0,0.6941176470588235,33.01764705882353,56.81764705882353,12762.247,22,HalfCheetah-v5,1042,Agente_2
305.02322697639465,24,1323648,643.8577967751245,787.995529427099,-54.880707102728124,1000.0,4.05869773878886e-05,0.0,0.9136298264917319,0.23456641817918633,55152,0.5,0.99,0.011659314577175667,6.18696901330324,0.4811993733744755,-0.015980897068315857,4.896955201558978,0.011659314577175667,0.4811993733744755,6.18696901330324,1.0,4.05869773878886e-05,4.05869773878886e-05,0.0,0.23456641817918633,0.23456641817918633,0.0,0.9136298264917319,0.9136298264917319,0.0,0.0,0.0,0.0,0.0,0.44555555555555565,34.57222222222222,49.67777777777778,12701.582,23,HalfCheetah-v5,1042,Agente_2
317.62904620170593,25,1378800,741.6709699414426,818.7017026240995,660.4483660903568,1000.0,4.05869773878886e-05,0.0,0.9136298264917319,0.23456641817918633,55152,0.5,0.99,0.011517148307128515,6.023217128593231,0.49967847499891976,-0.017584671797317878,4.778233154243398,0.011517148307128515,0.49967847499891976,6.023217128593231,1.0,4.05869773878886e-05,4.05869773878886e-05,0.0,0.23456641817918633,0.23456641817918633,0.0,0.9136298264917319,0.9136298264917319,0.0,0.0,0.0,0.0,0.0,0.5127777777777778,36.06666666666666,51.58888888888889,12592.287,24,HalfCheetah-v5,1042,Agente_2
331.2745535373688,26,1433952,774.3903069128911,875.7928878693956,588.4633289784772,1000.0,4.05869773878886e-05,0.0,0.9136298264917319,0.23456641817918633,55152,0.5,0.99,0.010758060859921603,5.946930295284663,0.5371358346159213,-0.015764394897323484,4.749103938307718,0.010758060859921603,0.5371358346159213,5.946930295284663,1.0,4.05869773878886e-05,4.05869773878886e-05,0.0,0.23456641817918633,0.23456641817918633,0.0,0.9136298264917319,0.9136298264917319,0.0,0.0,0.0,0.0,0.0,0.5800000000000001,36.675,54.1,13636.192,25,HalfCheetah-v5,1042,Agente_2
345.1214439868927,27,1489104,782.6722435445107,960.1628508481181,223.43399337769026,1000.0,4.05869773878886e-05,0.0,0.9136298264917319,0.23456641817918633,55152,0.5,0.99,0.010205715517600534,5.878963082304625,0.46983387553803274,-0.013563162932677246,4.79754900330695,0.010205715517600534,0.46983387553803274,5.878963082304625,1.0,4.05869773878886e-05,4.05869773878886e-05,0.0,0.23456641817918633,0.23456641817918633,0.0,0.9136298264917319,0.9136298264917319,0.0,0.0,0.0,0.0,0.0,0.8242105263157894,34.82105263157895,54.821052631578944,13736.026,26,HalfCheetah-v5,1042,Agente_2
357.26687598228455,28,1544256,810.4761739213246,964.982584075448,18.504245671145043,1000.0,4.05869773878886e-05,0.0,0.9136298264917319,0.23456641817918633,55152,0.5,0.99,0.010961523041889142,5.80009711835986,0.5297902649808153,-0.014239345254185043,4.795090124094598,0.010961523041889142,0.5297902649808153,5.80009711835986,1.0,4.05869773878886e-05,4.05869773878886e-05,0.0,0.23456641817918633,0.23456641817918633,0.0,0.9136298264917319,0.9136298264917319,0.0,0.0,0.0,0.0,0.0,0.4235294117647059,32.63529411764706,45.86470588235294,12135.362,27,HalfCheetah-v5,1042,Agente_2
370.23737835884094,29,1599408,898.9447559273447,1016.6412306302743,525.037633450497,1000.0,4.05869773878886e-05,0.0,0.9136298264917319,0.23456641817918633,55152,0.5,0.99,0.010063316156073475,5.678832482400342,0.5024306298416351,-0.013515070872816526,4.667333966103669,0.010063316156073475,0.5024306298416351,5.678832482400342,1.0,4.05869773878886e-05,4.05869773878886e-05,0.0,0.23456641817918633,0.23456641817918633,0.0,0.9136298264917319,0.9136298264917319,0.0,0.0,0.0,0.0,0.0,0.5372222222222223,35.19444444444444,51.20555555555555,12961.237,28,HalfCheetah-v5,1042,Agente_2
382.85602283477783,30,1654560,879.1977634875683,999.8325614857442,-279.5927935545999,1000.0,4.05869773878886e-05,0.0,0.9136298264917319,0.23456641817918633,55152,0.5,0.99,0.009488977607774614,5.640104202020948,0.4854778052490448,-0.013151340176151178,4.651425895735482,0.009488977607774614,0.4854778052490448,5.640104202020948,1.0,4.05869773878886e-05,4.05869773878886e-05,0.0,0.23456641817918633,0.23456641817918633,0.0,0.9136298264917319,0.9136298264917319,0.0,0.0,0.0,0.0,0.0,0.5299999999999999,34.53888888888889,50.3,12605.515,29,HalfCheetah-v5,1042,Agente_2
392.70815110206604,31,1709712,953.9410114142353,1022.983407958473,834.686574036459,1000.0,4.05869773878886e-05,0.0,0.9136298264917319,0.23456641817918633,55152,0.5,0.99,0.009730728852065463,5.520630053939106,0.5003164145434014,-0.013932910298702316,4.540422715873362,0.009730728852065463,0.5003164145434014,5.520630053939106,1.0,4.05869773878886e-05,4.05869773878886e-05,0.0,0.23456641817918633,0.23456641817918633,0.0,0.9136298264917319,0.9136298264917319,0.0,0.0,0.0,0.0,0.0,0.6507142857142858,28.628571428571426,47.02857142857143,9842.654,30,HalfCheetah-v5,1042,Agente_2
403.81461548805237,32,1764864,941.280372138915,1045.5877613224109,-269.6474371683394,1000.0,4.05869773878886e-05,0.0,0.9136298264917319,0.23456641817918633,55152,0.5,0.99,0.009106872076422785,5.458858260930142,0.48957465235317976,-0.012549168052517365,4.430368378229231,0.009106872076422785,0.48957465235317976,5.458858260930142,1.0,4.05869773878886e-05,4.05869773878886e-05,0.0,0.23456641817918633,0.23456641817918633,0.0,0.9136298264917319,0.9136298264917319,0.0,0.0,0.0,0.0,0.0,0.48875,33.60625,47.3125,11097.712,31,HalfCheetah-v5,1042,Agente_2
416.4204668998718,35,1839928,1004.2021458538896,1098.1984861124092,852.0392623093364,1000.0,3.896349829237306e-05,0.0,0.99,0.42153563430100777,52945,0.5,0.99,0.01265332155856872,5.332310414545744,-0.6522570785388205,-0.01797892762329972,7.063424511789118,0.01265332155856872,-0.6522570785388205,5.332310414545744,1.0,3.896349829237306e-05,3.896349829237306e-05,0.0,0.42153563430100777,0.42153563430100777,0.0,0.99,0.99,0.0,0.0,0.0,0.0,0.0,0.5292857142857142,31.071428571428566,47.49285714285714,9973.431,32,HalfCheetah-v5,1042,Agente_2
427.00695276260376,36,1892880,996.2247042159614,1084.3579003011757,897.105882628755,1000.0,3.896349829237306e-05,0.0,0.99,0.42153563430100777,52945,0.5,0.99,0.012490229919033412,5.287174136430314,-0.6430872873773853,-0.016797225557050658,6.981260180241853,0.012490229919033412,-0.6430872873773853,5.287174136430314,1.0,3.896349829237306e-05,3.896349829237306e-05,0.0,0.42153563430100777,0.42153563430100777,0.0,0.99,0.99,0.0,0.0,0.0,0.0,0.0,0.45399999999999985,31.013333333333335,46.14000000000001,10577.786,33,HalfCheetah-v5,1042,Agente_2
439.3844723701477,37,1945832,1026.1266850643592,1103.1686516156672,970.6892912196048,1000.0,3.896349829237306e-05,0.0,0.99,0.42153563430100777,52945,0.5,0.99,0.013000314733554995,5.2607066710018415,-0.6316609964208696,-0.017264860526667637,7.052849550154603,0.013000314733554995,-0.6316609964208696,5.2607066710018415,1.0,3.896349829237306e-05,3.896349829237306e-05,0.0,0.42153563430100777,0.42153563430100777,0.0,0.99,0.99,0.0,0.0,0.0,0.0,0.0,0.42666666666666664,36.32222222222222,50.79444444444445,12364.673,34,HalfCheetah-v5,1042,Agente_2
448.97996497154236,38,1998784,1027.7367334748842,1103.1686516156672,911.3167432923949,1000.0,3.896349829237306e-05,0.0,0.99,0.42153563430100777,52945,0.5,0.99,0.014254064982004327,5.236719150913572,-0.6040913131630536,-0.018753153120068092,7.007735978283929,0.014254064982004327,-0.6040913131630536,5.236719150913572,1.0,3.896349829237306e-05,3.896349829237306e-05,0.0,0.42153563430100777,0.42153563430100777,0.0,0.99,0.99,0.0,0.0,0.0,0.0,0.0,0.6992307692307691,31.03076923076923,48.57692307692308,10975.544,35,HalfCheetah-v5,1042,Agente_2
458.35675024986267,39,2051736,1051.660764003052,1155.1485778664314,933.1599371140808,1000.0,3.896349829237306e-05,0.0,0.99,0.42153563430100777,52945,0.5,0.99,0.013992218807332991,5.165944166553831,-0.6295953046928332,-0.01814240535124413,6.984372363970118,0.013992218807332991,-0.6295953046928332,5.165944166553831,1.0,3.896349829237306e-05,3.896349829237306e-05,0.0,0.42153563430100777,0.42153563430100777,0.0,0.99,0.99,0.0,0.0,0.0,0.0,0.0,0.5735714285714286,27.15,48.69285714285716,9365.174,36,HalfCheetah-v5,1042,Agente_2
9.611814737319946,1,35056,-365.53948122832156,-244.33033935469032,-575.5606345100271,1000.0,0.00022759766236152718,0.0,0.9736834627085111,0.37419315865812586,35050,0.5,0.99,0.021605742755277522,8.471559750332553,-0.15796242040746353,-0.00841196128167212,7.895547743755229,0.021605742755277522,-0.15796242040746353,8.471559750332553,1.0,0.00022759766236152718,0.00022759766236152718,0.0,0.37419315865812586,0.37419315865812586,0.0,0.9736834627085111,0.9736834627085111,0.0,0.0,0.0,0.0,0.0,0.40071428571428575,38.42142857142857,54.80714285714284,9599.817,0,HalfCheetah-v5,1042,Agente_3
16.122430324554443,2,70112,-350.9102126572798,-219.53222477815018,-575.5606345100271,1000.0,0.00022759766236152718,0.0,0.9736834627085111,0.37419315865812586,35050,0.5,0.99,0.022601025529644086,8.433249030393712,0.15980346588527455,-0.013280445035985288,7.016454432291143,0.022601025529644086,0.15980346588527455,8.433249030393712,1.0,0.00022759766236152718,0.00022759766236152718,0.0,0.37419315865812586,0.37419315865812586,0.0,0.9736834627085111,0.9736834627085111,0.0,0.0,0.0,0.0,0.0,0.7711111111111111,41.733333333333334,56.85555555555555,8048.189,1,HalfCheetah-v5,1042,Agente_3
23.58761191368103,3,105168,-338.27746488755787,-216.08969393615212,-575.5606345100271,1000.0,0.00022759766236152718,0.0,0.9736834627085111,0.37419315865812586,35050,0.5,0.99,0.020015081144147722,8.387952362789827,0.21649747166563482,-0.027973115175743312,6.6990367019877715,0.020015081144147722,0.21649747166563482,8.387952362789827,1.0,0.00022759766236152718,0.00022759766236152718,0.0,0.37419315865812586,0.37419315865812586,0.0,0.9736834627085111,0.9736834627085111,0.0,0.0,0.0,0.0,0.0,0.763,35.17999999999999,57.169999999999995,7850.362,2,HalfCheetah-v5,1042,Agente_3
31.600902795791626,4,140224,-323.24053991945294,-176.60675383938883,-447.95385661001325,1000.0,0.00022759766236152718,0.0,0.9736834627085111,0.37419315865812586,35050,0.5,0.99,0.018547352621017688,8.347001718072331,0.2817673078354667,-0.026919398088391652,6.713898836865145,0.018547352621017688,0.2817673078354667,8.347001718072331,1.0,0.00022759766236152718,0.00022759766236152718,0.0,0.37419315865812586,0.37419315865812586,0.0,0.9736834627085111,0.9736834627085111,0.0,0.0,0.0,0.0,0.0,0.8581818181818182,35.90909090909091,57.29999999999998,7886.561,3,HalfCheetah-v5,1042,Agente_3
39.06035494804382,5,175280,-303.2121734799308,-176.60675383938883,-438.9344718384337,1000.0,0.00022759766236152718,0.0,0.9736834627085111,0.37419315865812586,35050,0.5,0.99,0.019123662225576803,8.329300764027764,0.3455299039973932,-0.027502694237045943,6.255488755071864,0.019123662225576803,0.3455299039973932,8.329300764027764,1.0,0.00022759766236152718,0.00022759766236152718,0.0,0.37419315865812586,0.37419315865812586,0.0,0.9736834627085111,0.9736834627085111,0.0,0.0,0.0,0.0,0.0,0.7818181818181817,35.663636363636364,57.33636363636363,7799.015,4,HalfCheetah-v5,1042,Agente_3
46.970861196517944,6,210336,-288.4037589176758,-157.26813713991012,-435.4051051714589,1000.0,0.00022759766236152718,0.0,0.9736834627085111,0.37419315865812586,35050,0.5,0.99,0.019798676337728385,8.277161319115583,0.3845681598081308,-0.028803529557498063,6.26087921927957,0.019798676337728385,0.3845681598081308,8.277161319115583,1.0,0.00022759766236152718,0.00022759766236152718,0.0,0.37419315865812586,0.37419315865812586,0.0,0.9736834627085111,0.9736834627085111,0.0,0.0,0.0,0.0,0.0,0.7345454545454545,39.0,57.58181818181819,7815.819,5,HalfCheetah-v5,1042,Agente_3
55.950037240982056,7,245392,-272.9821469156808,-148.718776169231,-407.5965108876265,1000.0,0.00022759766236152718,0.0,0.9736834627085111,0.37419315865812586,35050,0.5,0.99,0.021768806096673976,8.258668365198023,0.3399166275473202,-0.030708832465632656,6.199913149020251,0.021768806096673976,0.3399166275473202,8.258668365198023,1.0,0.00022759766236152718,0.00022759766236152718,0.0,0.37419315865812586,0.37419315865812586,0.0,0.9736834627085111,0.9736834627085111,0.0,0.0,0.0,0.0,0.0,0.7258333333333334,33.69166666666667,57.57500000000001,7979.925,6,HalfCheetah-v5,1042,Agente_3
64.5331358909607,8,280448,-258.62922691898495,-31.519095234995937,-409.8665034395046,1000.0,0.00022759766236152718,0.0,0.9736834627085111,0.37419315865812586,35050,0.5,0.99,0.017313381239032692,8.235291366016163,0.38070862337070355,-0.032396938349120316,6.0715931078966925,0.017313381239032692,0.38070862337070355,8.235291366016163,1.0,0.00022759766236152718,0.00022759766236152718,0.0,0.37419315865812586,0.37419315865812586,0.0,0.9736834627085111,0.9736834627085111,0.0,0.0,0.0,0.0,0.0,0.5750000000000001,35.6,57.541666666666664,8053.802,7,HalfCheetah-v5,1042,Agente_3
72.45485758781433,9,315504,-246.24460550391368,-31.519095234995937,-409.8665034395046,1000.0,0.00022759766236152718,0.0,0.9736834627085111,0.37419315865812586,35050,0.5,0.99,0.01749865938851576,8.166456960229313,0.28657547419562057,-0.0346873012590496,6.181827258713105,0.01749865938851576,0.28657547419562057,8.166456960229313,1.0,0.00022759766236152718,0.00022759766236152718,0.0,0.37419315865812586,0.37419315865812586,0.0,0.9736834627085111,0.9736834627085111,0.0,0.0,0.0,0.0,0.0,0.7381818181818183,37.03636363636363,55.72727272727274,8037.989,8,HalfCheetah-v5,1042,Agente_3
81.62507510185242,10,350560,-236.3801033734845,-31.519095234995937,-409.8665034395046,1000.0,0.00022759766236152718,0.0,0.9736834627085111,0.37419315865812586,35050,0.5,0.99,0.017539984816772523,8.151884434503668,0.3480740295613513,-0.034124161085278236,5.854096896858776,0.017539984816772523,0.3480740295613513,8.151884434503668,1.0,0.00022759766236152718,0.00022759766236152718,0.0,0.37419315865812586,0.37419315865812586,0.0,0.9736834627085111,0.9736834627085111,0.0,0.0,0.0,0.0,0.0,0.6446153846153846,41.57692307692308,55.300000000000004,8149.852,9,HalfCheetah-v5,1042,Agente_3
89.1158881187439,11,385616,-227.29102568629918,-84.61924923953859,-336.50132675059365,1000.0,0.00022759766236152718,0.0,0.9736834627085111,0.37419315865812586,35050,0.5,0.99,0.018793043484369904,8.160086084113402,0.3927227870506399,-0.03501665890490746,6.001522620986489,0.018793043484369904,0.3927227870506399,8.160086084113402,1.0,0.00022759766236152718,0.00022759766236152718,0.0,0.37419315865812586,0.37419315865812586,0.0,0.9736834627085111,0.9736834627085111,0.0,0.0,0.0,0.0,0.0,0.7070000000000001,25.619999999999997,57.73,7937.408,10,HalfCheetah-v5,1042,Agente_3
98.99656176567078,12,420672,-213.42471390364994,64.78980885224132,-326.80933125216194,1000.0,0.00022759766236152718,0.0,0.9736834627085111,0.37419315865812586,35050,0.5,0.99,0.01939075061410382,8.176666688919067,0.36283217843841103,-0.039580081573084874,6.1594702401581936,0.01939075061410382,0.36283217843841103,8.176666688919067,1.0,0.00022759766236152718,0.00022759766236152718,0.0,0.37419315865812586,0.37419315865812586,0.0,0.9736834627085111,0.9736834627085111,0.0,0.0,0.0,0.0,0.0,0.4992857142857143,39.292857142857144,57.92857142857142,8274.609,11,HalfCheetah-v5,1042,Agente_3
108.84046292304993,13,455728,-195.68311513431044,64.78980885224132,-321.3401532781438,1000.0,0.00022759766236152718,0.0,0.9736834627085111,0.37419315865812586,35050,0.5,0.99,0.019381473019808197,8.127326128763311,0.38797079123118344,-0.02862307190114413,6.057988846302033,0.019381473019808197,0.38797079123118344,8.127326128763311,1.0,0.00022759766236152718,0.00022759766236152718,0.0,0.37419315865812586,0.37419315865812586,0.0,0.9736834627085111,0.9736834627085111,0.0,0.0,0.0,0.0,0.0,0.7385714285714285,36.449999999999996,57.87857142857141,8512.313,12,HalfCheetah-v5,1042,Agente_3
116.59051060676575,14,490784,-175.3750540958628,64.78980885224132,-311.98318360366517,1000.0,0.00022759766236152718,0.0,0.9736834627085111,0.37419315865812586,35050,0.5,0.99,0.018635643606595507,8.073737422157736,0.37387268972747467,-0.045951877759002585,5.922637671933455,0.018635643606595507,0.37387268972747467,8.073737422157736,1.0,0.00022759766236152718,0.00022759766236152718,0.0,0.37419315865812586,0.37419315865812586,0.0,0.9736834627085111,0.9736834627085111,0.0,0.0,0.0,0.0,0.0,0.8836363636363637,34.4,57.74545454545455,8486.857,13,HalfCheetah-v5,1042,Agente_3
125.83445692062378,15,525840,-162.04507113927224,27.20023863864963,-311.98318360366517,1000.0,0.00022759766236152718,0.0,0.9736834627085111,0.37419315865812586,35050,0.5,0.99,0.019462331154585795,8.098556185469908,0.41355714552542744,-0.038525573658647345,6.063056177602094,0.019462331154585795,0.41355714552542744,8.098556185469908,1.0,0.00022759766236152718,0.00022759766236152718,0.0,0.37419315865812586,0.37419315865812586,0.0,0.9736834627085111,0.9736834627085111,0.0,0.0,0.0,0.0,0.0,0.8433333333333334,37.725,57.824999999999996,8665.28,14,HalfCheetah-v5,1042,Agente_3
132.76607275009155,16,560896,-153.39025120288434,27.20023863864963,-311.98318360366517,1000.0,0.00022759766236152718,0.0,0.9736834627085111,0.37419315865812586,35050,0.5,0.99,0.019275243758168952,7.997481766167809,0.443731227517128,-0.04299056320588159,5.810295816730051,0.019275243758168952,0.443731227517128,7.997481766167809,1.0,0.00022759766236152718,0.00022759766236152718,0.0,0.37419315865812586,0.37419315865812586,0.0,0.9736834627085111,0.9736834627085111,0.0,0.0,0.0,0.0,0.0,0.8530000000000001,33.61,57.79999999999999,8567.138,15,HalfCheetah-v5,1042,Agente_3
141.07142186164856,17,595952,-142.15017364154912,83.46042467155688,-303.5067286435749,1000.0,0.00022759766236152718,0.0,0.9736834627085111,0.37419315865812586,35050,0.5,0.99,0.019754974307365687,7.977739622312433,0.4467376549454296,-0.043086764183552825,5.754330089162377,0.019754974307365687,0.4467376549454296,7.977739622312433,1.0,0.00022759766236152718,0.00022759766236152718,0.0,0.37419315865812586,0.37419315865812586,0.0,0.9736834627085111,0.9736834627085111,0.0,0.0,0.0,0.0,0.0,0.6225,32.59166666666667,57.76666666666667,8499.855,16,HalfCheetah-v5,1042,Agente_3
150.44636511802673,18,631008,-132.37224842051498,83.46042467155688,-336.6474731060955,1000.0,0.00022759766236152718,0.0,0.9736834627085111,0.37419315865812586,35050,0.5,0.99,0.02139428054266753,7.918152823167689,0.46487057585926617,-0.04018824023249395,5.684494502053541,0.02139428054266753,0.46487057585926617,7.918152823167689,1.0,0.00022759766236152718,0.00022759766236152718,0.0,0.37419315865812586,0.37419315865812586,0.0,0.9736834627085111,0.9736834627085111,0.0,0.0,0.0,0.0,0.0,0.6553846153846153,35.56153846153846,54.02307692307693,8579.049,17,HalfCheetah-v5,1042,Agente_3
156.86575198173523,19,666064,-123.24764925370826,83.46042467155688,-336.6474731060955,1000.0,0.00022759766236152718,0.0,0.9736834627085111,0.37419315865812586,35050,0.5,0.99,0.015774242236265685,7.973233948034399,0.3473397622213644,-0.037024882559061924,5.9830560102182275,0.015774242236265685,0.3473397622213644,7.973233948034399,1.0,0.00022759766236152718,0.00022759766236152718,0.0,0.37419315865812586,0.37419315865812586,0.0,0.9736834627085111,0.9736834627085111,0.0,0.0,0.0,0.0,0.0,0.3622222222222222,47.47777777777778,57.34444444444445,8428.55,18,HalfCheetah-v5,1042,Agente_3
164.42848443984985,20,701120,-110.46410781921358,29.594600674428122,-336.6474731060955,1000.0,0.00022759766236152718,0.0,0.9736834627085111,0.37419315865812586,35050,0.5,0.99,0.01567374734269627,7.895667644108043,0.47297770153073704,-0.03690833175171386,5.797524766010397,0.01567374734269627,0.47297770153073704,7.895667644108043,1.0,0.00022759766236152718,0.00022759766236152718,0.0,0.37419315865812586,0.37419315865812586,0.0,0.9736834627085111,0.9736834627085111,0.0,0.0,0.0,0.0,0.0,0.883,24.3,57.94999999999999,8267.821,19,HalfCheetah-v5,1042,Agente_3
174.26233386993408,21,736176,-87.01782166039018,29.594600674428122,-220.557877546525,1000.0,0.00022759766236152718,0.0,0.9736834627085111,0.37419315865812586,35050,0.5,0.99,0.015794322626585696,7.838285575894749,0.45731789268114986,-0.044975108005489935,5.679429646449931,0.015794322626585696,0.45731789268114986,7.838285575894749,1.0,0.00022759766236152718,0.00022759766236152718,0.0,0.37419315865812586,0.37419315865812586,0.0,0.9736834627085111,0.9736834627085111,0.0,0.0,0.0,0.0,0.0,0.5042857142857143,40.6,57.835714285714296,8502.796,20,HalfCheetah-v5,1042,Agente_3
181.78170371055603,22,771232,-67.9279650524622,51.1963356361009,-178.71466728298284,1000.0,0.00022759766236152718,0.0,0.9736834627085111,0.37419315865812586,35050,0.5,0.99,0.015736086604069627,7.960641795747421,0.4870452230467516,-0.037265899796586704,6.193365597724915,0.015736086604069627,0.4870452230467516,7.960641795747421,1.0,0.00022759766236152718,0.00022759766236152718,0.0,0.37419315865812586,0.37419315865812586,0.0,0.9736834627085111,0.9736834627085111,0.0,0.0,0.0,0.0,0.0,0.736,39.47,57.910000000000004,8266.432,21,HalfCheetah-v5,1042,Agente_3
190.68590879440308,23,806288,-61.29049657471062,51.1963356361009,-178.71466728298284,1000.0,0.00022759766236152718,0.0,0.9736834627085111,0.37419315865812586,35050,0.5,0.99,0.01651796317772317,7.82447549385183,0.3868124261498451,-0.04399201394921607,5.8071032033247105,0.01651796317772317,0.3868124261498451,7.82447549385183,1.0,0.00022759766236152718,0.00022759766236152718,0.0,0.37419315865812586,0.37419315865812586,0.0,0.9736834627085111,0.9736834627085111,0.0,0.0,0.0,0.0,0.0,0.8884615384615385,34.46153846153846,57.93846153846154,8172.723,22,HalfCheetah-v5,1042,Agente_3
198.59418725967407,24,841344,-49.25803957915084,48.806610238152444,-148.63452876862095,1000.0,0.00022759766236152718,0.0,0.9736834627085111,0.37419315865812586,35050,0.5,0.99,0.01583482115597965,7.738966464295107,0.42511896605000776,-0.040902591800755436,5.711933812674354,0.01583482115597965,0.42511896605000776,7.738966464295107,1.0,0.00022759766236152718,0.00022759766236152718,0.0,0.37419315865812586,0.37419315865812586,0.0,0.9736834627085111,0.9736834627085111,0.0,0.0,0.0,0.0,0.0,0.8518181818181817,33.03636363636364,57.85454545454545,8187.995,23,HalfCheetah-v5,1042,Agente_3
207.3732476234436,25,876400,-39.6490597179648,76.96283363019246,-148.63452876862095,1000.0,0.00022759766236152718,0.0,0.9736834627085111,0.37419315865812586,35050,0.5,0.99,0.016471012260476797,7.740788029923158,0.40632186084985733,-0.04123487258329987,6.004871803872725,0.016471012260476797,0.40632186084985733,7.740788029923158,1.0,0.00022759766236152718,0.00022759766236152718,0.0,0.37419315865812586,0.37419315865812586,0.0,0.9736834627085111,0.9736834627085111,0.0,0.0,0.0,0.0,0.0,0.7225,36.75833333333333,57.94166666666667,8141.269,24,HalfCheetah-v5,1042,Agente_3
216.60919094085693,26,911456,-25.313698511922126,123.66872917217096,-112.82463343934315,1000.0,0.00022759766236152718,0.0,0.9736834627085111,0.37419315865812586,35050,0.5,0.99,0.01666920729647468,7.731243301139158,0.4057652103550294,-0.04438558884019799,6.121043668774997,0.01666920729647468,0.4057652103550294,7.731243301139158,1.0,0.00022759766236152718,0.00022759766236152718,0.0,0.37419315865812586,0.37419315865812586,0.0,0.9736834627085111,0.9736834627085111,0.0,0.0,0.0,0.0,0.0,0.6961538461538461,35.13076923076923,57.95384615384614,8371.993,25,HalfCheetah-v5,1042,Agente_3
227.40250253677368,27,946512,-13.557682987011033,123.66872917217096,-112.82463343934315,1000.0,0.00022759766236152718,0.0,0.9736834627085111,0.37419315865812586,35050,0.5,0.99,0.01638425239263383,7.694129107980167,0.3972144121632856,-0.04626640124958666,6.057643569217008,0.01638425239263383,0.3972144121632856,7.694129107980167,1.0,0.00022759766236152718,0.00022759766236152718,0.0,0.37419315865812586,0.37419315865812586,0.0,0.9736834627085111,0.9736834627085111,0.0,0.0,0.0,0.0,0.0,0.67,35.38,57.90666666666665,8620.853,26,HalfCheetah-v5,1042,Agente_3
238.13325548171997,28,981568,7.157754619864894,137.5354289703291,-107.67158808419208,1000.0,0.00022759766236152718,0.0,0.9736834627085111,0.37419315865812586,35050,0.5,0.99,0.01614803035280441,7.628736667773303,0.4071668091942282,-0.04547722803100067,6.071057982655132,0.01614803035280441,0.4071668091942282,7.628736667773303,1.0,0.00022759766236152718,0.00022759766236152718,0.0,0.37419315865812586,0.37419315865812586,0.0,0.9736834627085111,0.9736834627085111,0.0,0.0,0.0,0.0,0.0,0.5342857142857144,40.300000000000004,57.93571428571427,8756.765,27,HalfCheetah-v5,1042,Agente_3
246.12413811683655,29,1016624,22.541228614392576,215.81995638666066,-63.742913767245646,1000.0,0.00022759766236152718,0.0,0.9736834627085111,0.37419315865812586,35050,0.5,0.99,0.01646795241319042,7.645923230227302,0.3668213121154729,-0.0419267634039416,6.075813985572141,0.01646795241319042,0.3668213121154729,7.645923230227302,1.0,0.00022759766236152718,0.00022759766236152718,0.0,0.37419315865812586,0.37419315865812586,0.0,0.9736834627085111,0.9736834627085111,0.0,0.0,0.0,0.0,0.0,0.5908333333333333,41.041666666666664,57.916666666666664,8914.063,28,HalfCheetah-v5,1042,Agente_3
253.96186709403992,30,1051680,41.97623786012005,281.3583488491927,-63.742913767245646,1000.0,0.00022759766236152718,0.0,0.9736834627085111,0.37419315865812586,35050,0.5,0.99,0.01582591774341015,7.599782224262462,0.30503765826716145,-0.04325895055251963,6.18275430447915,0.01582591774341015,0.30503765826716145,7.599782224262462,1.0,0.00022759766236152718,0.00022759766236152718,0.0,0.37419315865812586,0.37419315865812586,0.0,0.9736834627085111,0.9736834627085111,0.0,0.0,0.0,0.0,0.0,0.9570000000000001,26.49,57.92999999999999,8941.451,29,HalfCheetah-v5,1042,Agente_3
264.7832717895508,21,1163040,494.6120109959757,602.6807483943692,-33.9831172957729,1000.0,4.870437286546632e-05,0.0,0.99,0.1876531345433491,60000,0.5,0.99,0.009942565260243104,6.5592747081039295,0.47341784661651676,-0.015607089256374246,4.872537367364281,0.009942565260243104,0.47341784661651676,6.5592747081039295,1.0,4.870437286546632e-05,4.870437286546632e-05,0.0,0.1876531345433491,0.1876531345433491,0.0,0.99,0.99,0.0,0.0,0.0,0.0,0.0,0.6188888888888889,36.58333333333334,57.84444444444445,12450.934,30,HalfCheetah-v5,1042,Agente_3
278.6549587249756,22,1223040,513.1669265664756,664.9085812946225,-164.20170630323375,1000.0,4.870437286546632e-05,0.0,0.99,0.1876531345433491,60000,0.5,0.99,0.009325391656677397,6.468128607008192,0.43517264392640853,-0.014917342027283122,4.899762044808804,0.009325391656677397,0.43517264392640853,6.468128607008192,1.0,4.870437286546632e-05,4.870437286546632e-05,0.0,0.1876531345433491,0.1876531345433491,0.0,0.99,0.99,0.0,0.0,0.0,0.0,0.0,0.7,34.352631578947374,58.252631578947366,13154.907,31,HalfCheetah-v5,1042,Agente_3
292.2837145328522,23,1283040,582.5849100254206,720.8280783383274,210.0987549073405,1000.0,4.870437286546632e-05,0.0,0.99,0.1876531345433491,60000,0.5,0.99,0.009692203972558823,6.297874711925148,0.5101953889060225,-0.01611745287465234,4.761109293016613,0.009692203972558823,0.5101953889060225,6.297874711925148,1.0,4.870437286546632e-05,4.870437286546632e-05,0.0,0.1876531345433491,0.1876531345433491,0.0,0.99,0.99,0.0,0.0,0.0,0.0,0.0,0.5615789473684211,37.81578947368421,49.72105263157895,13309.76,32,HalfCheetah-v5,1042,Agente_3
305.1277811527252,24,1343040,634.8434257666626,762.106064857338,-269.17466905565806,1000.0,4.870437286546632e-05,0.0,0.99,0.1876531345433491,60000,0.5,0.99,0.0079101266555275,6.343045620632987,-0.2505070127483107,-0.01153939902368519,9.784184736268132,0.0079101266555275,-0.2505070127483107,6.343045620632987,1.0,4.870437286546632e-05,4.870437286546632e-05,0.0,0.1876531345433491,0.1876531345433491,0.0,0.99,0.99,0.0,0.0,0.0,0.0,0.0,0.5694444444444444,32.25,49.38333333333334,12829.423,33,HalfCheetah-v5,1042,Agente_3
318.1024098396301,25,1403040,695.0614828320793,790.1207508011789,489.887725952071,1000.0,4.870437286546632e-05,0.0,0.99,0.1876531345433491,60000,0.5,0.99,0.007463164080922428,6.1932487512246155,-0.41924557482075486,-0.01327701330375977,9.318581599863167,0.007463164080922428,-0.41924557482075486,6.1932487512246155,1.0,4.870437286546632e-05,4.870437286546632e-05,0.0,0.1876531345433491,0.1876531345433491,0.0,0.99,0.99,0.0,0.0,0.0,0.0,0.0,0.6461111111111113,34.87222222222223,51.17222222222222,12961.534,34,HalfCheetah-v5,1042,Agente_3
338.5682899951935,27,1478080,819.885302482887,923.7101044202776,689.0263085324332,1000.0,4.870437286546632e-05,0.0,0.99,0.3512796952508398,44121,0.5,0.99,0.018193732633838933,5.840423289565153,0.5449844225201496,-0.020295162846572522,4.809804316176924,0.018193732633838933,0.5449844225201496,5.840423289565153,1.0,4.870437286546632e-05,4.870437286546632e-05,0.0,0.3512796952508398,0.3512796952508398,0.0,0.99,0.99,0.0,0.0,0.0,0.0,0.0,0.32727272727272727,23.7,40.42727272727273,7281.944,35,HalfCheetah-v5,1042,Agente_3
349.8546230792999,28,1522208,837.4584309911693,972.2320517042067,548.0831278914799,1000.0,4.870437286546632e-05,0.0,0.99,0.3512796952508398,44121,0.5,0.99,0.018705572237106376,5.598648997240288,0.4209627753773401,-0.022125141344812894,4.623810089188953,0.018705572237106376,0.4209627753773401,5.598648997240288,1.0,4.870437286546632e-05,4.870437286546632e-05,0.0,0.3512796952508398,0.3512796952508398,0.0,0.99,0.99,0.0,0.0,0.0,0.0,0.0,0.4773333333333333,35.059999999999995,47.36,9279.884,36,HalfCheetah-v5,1042,Agente_3
358.30641436576843,29,1566336,910.7227362824901,1002.4055747511804,659.73641500675,1000.0,4.870437286546632e-05,0.0,0.99,0.3512796952508398,44121,0.5,0.99,0.017283678768733397,5.611549207776092,-0.45748624441235564,-0.020977385796953078,9.838651596113692,0.017283678768733397,-0.45748624441235564,5.611549207776092,1.0,4.870437286546632e-05,4.870437286546632e-05,0.0,0.3512796952508398,0.3512796952508398,0.0,0.99,0.99,0.0,0.0,0.0,0.0,0.0,0.6983333333333334,32.5,51.025,8440.074,37,HalfCheetah-v5,1042,Agente_3
369.0734691619873,30,1610464,924.2112717220266,1018.1942008849433,659.73641500675,1000.0,4.870437286546632e-05,0.0,0.99,0.3512796952508398,44121,0.5,0.99,0.016732854286999353,5.471641961363859,-0.25578160223572755,-0.018925090953924282,9.794097208422285,0.016732854286999353,-0.25578160223572755,5.471641961363859,1.0,4.870437286546632e-05,4.870437286546632e-05,0.0,0.3512796952508398,0.3512796952508398,0.0,0.99,0.99,0.0,0.0,0.0,0.0,0.0,0.6180000000000001,38.04,51.27333333333333,9599.37,38,HalfCheetah-v5,1042,Agente_3
377.5194733142853,31,1654592,935.3419050332463,1016.6997266149712,563.8398782808541,1000.0,4.870437286546632e-05,0.0,0.99,0.3512796952508398,44121,0.5,0.99,0.013948867990037122,5.515299810365189,-0.5409850375596867,-0.01904849998522983,9.24185383707978,0.013948867990037122,-0.5409850375596867,5.515299810365189,1.0,4.870437286546632e-05,4.870437286546632e-05,0.0,0.3512796952508398,0.3512796952508398,0.0,0.99,0.99,0.0,0.0,0.0,0.0,0.0,0.6416666666666667,28.075,49.01666666666667,8431.97,39,HalfCheetah-v5,1042,Agente_3
388.50464248657227,32,1698720,938.131811601386,1065.5523581457423,330.3532362734871,1000.0,4.870437286546632e-05,0.0,0.99,0.3512796952508398,44121,0.5,0.99,0.0131677435941827,5.4368052382801855,-0.31366449975690175,-0.017017711840873195,7.799144979964855,0.0131677435941827,-0.31366449975690175,5.4368052382801855,1.0,4.870437286546632e-05,4.870437286546632e-05,0.0,0.3512796952508398,0.3512796952508398,0.0,0.99,0.99,0.0,0.0,0.0,0.0,0.0,0.39999999999999997,37.59375,48.506249999999994,9703.677,40,HalfCheetah-v5,1042,Agente_3
397.3902668952942,33,1742848,986.872297782139,1071.5335660396017,879.8206779257195,1000.0,4.870437286546632e-05,0.0,0.99,0.3512796952508398,44121,0.5,0.99,0.01316555403233049,5.391450701203457,-0.6357813575933146,-0.01755600362842859,7.341068921532742,0.01316555403233049,-0.6357813575933146,5.391450701203457,1.0,4.870437286546632e-05,4.870437286546632e-05,0.0,0.3512796952508398,0.3512796952508398,0.0,0.99,0.99,0.0,0.0,0.0,0.0,0.0,0.17923076923076925,28.930769230769233,40.376923076923084,8875.342,41,HalfCheetah-v5,1042,Agente_3
406.4346933364868,34,1786976,976.3743178499965,1071.5335660396017,-15.703307046913196,1000.0,4.870437286546632e-05,0.0,0.99,0.3512796952508398,44121,0.5,0.99,0.012559090822841776,5.377156917438951,-0.32157836299996045,-0.017532179921020775,6.884381860355998,0.012559090822841776,-0.32157836299996045,5.377156917438951,1.0,4.870437286546632e-05,4.870437286546632e-05,0.0,0.3512796952508398,0.3512796952508398,0.0,0.99,0.99,0.0,0.0,0.0,0.0,0.0,0.5283333333333333,34.76666666666667,48.31666666666667,8954.544,42,HalfCheetah-v5,1042,Agente_3
413.7128801345825,35,1831104,1004.2021458538896,1098.1984861124092,852.0392623093364,1000.0,4.870437286546632e-05,0.0,0.99,0.3512796952508398,44121,0.5,0.99,0.013261844606584229,5.3483540712400925,-0.6443051733249842,-0.016885291754679625,6.991219373082005,0.013261844606584229,-0.6443051733249842,5.3483540712400925,1.0,4.870437286546632e-05,4.870437286546632e-05,0.0,0.3512796952508398,0.3512796952508398,0.0,0.99,0.99,0.0,0.0,0.0,0.0,0.0,0.29545454545454547,24.954545454545453,40.845454545454544,7264.767,43,HalfCheetah-v5,1042,Agente_3
424.18584728240967,36,1875232,1009.4475498564784,1098.1984861124092,852.0392623093364,1000.0,4.870437286546632e-05,0.0,0.99,0.3512796952508398,44121,0.5,0.99,0.013962765972356475,5.344941889408023,-0.3080728557913802,-0.01910563992163123,6.88464025896649,0.013962765972356475,-0.3080728557913802,5.344941889408023,1.0,4.870437286546632e-05,4.870437286546632e-05,0.0,0.3512796952508398,0.3512796952508398,0.0,0.99,0.99,0.0,0.0,0.0,0.0,0.0,0.4207142857142857,36.521428571428565,46.714285714285715,8863.892,44,HalfCheetah-v5,1042,Agente_3
433.95669746398926,37,1919360,1004.7640062342715,1076.264526693798,735.5429193815903,1000.0,4.870437286546632e-05,0.0,0.99,0.3512796952508398,44121,0.5,0.99,0.013529344330011269,5.332356552190559,-0.6091021803229354,-0.018828089060911605,6.984933610849602,0.013529344330011269,-0.6091021803229354,5.332356552190559,1.0,4.870437286546632e-05,4.870437286546632e-05,0.0,0.3512796952508398,0.3512796952508398,0.0,0.99,0.99,0.0,0.0,0.0,0.0,0.0,0.43000000000000005,33.88571428571428,47.300000000000004,9758.122,45,HalfCheetah-v5,1042,Agente_3
430.6387183666229,36,1917584,1062.861602803821,1141.843119488744,990.2660620468043,1000.0,3.710951857707037e-05,0.0,0.9,0.14942975822398,42356,0.5,0.99,0.004951493026477263,5.182602119445801,0.5762576283478156,-0.006422640744414999,4.0016346483695795,0.004951493026477263,0.5762576283478156,5.182602119445801,1.0,3.710951857707037e-05,3.710951857707037e-05,0.0,0.14942975822398,0.14942975822398,0.0,0.9,0.9,0.0,0.0,0.0,0.0,0.0,0.4258333333333333,25.141666666666666,43.34166666666667,7915.077,46,HalfCheetah-v5,1042,Agente_3
440.0290071964264,37,1959944,1059.7559806422082,1141.843119488744,961.9790171646091,1000.0,3.710951857707037e-05,0.0,0.9,0.14942975822398,42356,0.5,0.99,0.0065457556833103635,5.113439866973133,0.4718941011079928,-0.00895782898566345,3.870541799940714,0.0065457556833103635,0.4718941011079928,5.113439866973133,1.0,3.710951857707037e-05,3.710951857707037e-05,0.0,0.14942975822398,0.14942975822398,0.0,0.9,0.9,0.0,0.0,0.0,0.0,0.0,0.4523076923076923,32.638461538461534,45.94615384615385,8647.687,47,HalfCheetah-v5,1042,Agente_3
449.4327554702759,38,2002304,1066.2440330657666,1148.2277400962753,961.9790171646091,1000.0,3.710951857707037e-05,0.0,0.9,0.14942975822398,42356,0.5,0.99,0.0064072604836926585,5.035275674447781,0.43272934890374903,-0.009080257857354676,3.684597361669308,0.0064072604836926585,0.43272934890374903,5.035275674447781,1.0,3.710951857707037e-05,3.710951857707037e-05,0.0,0.14942975822398,0.14942975822398,0.0,0.9,0.9,0.0,0.0,0.0,0.0,0.0,0.6207692307692307,22.47692307692308,45.692307692307686,8897.106,48,HalfCheetah-v5,1042,Agente_3
11.91482162475586,1,46152,-365.53948122832156,-244.33033935469032,-575.5606345100271,1000.0,0.0009266626890814851,0.0,0.9173400681113337,0.19894673197135085,46152,0.5,0.99,0.021449712401825107,8.492263210084703,0.2397110844982995,0.004342870753672388,4.830446027384864,0.021449712401825107,0.2397110844982995,8.492263210084703,1.0,0.0009266626890814851,0.0009266626890814851,0.0,0.19894673197135085,0.19894673197135085,0.0,0.9173400681113337,0.9173400681113337,0.0,0.0,0.0,0.0,0.0,0.4776470588235295,37.95882352941177,54.90588235294118,11901.442,0,HalfCheetah-v5,1042,Agente_4
22.486322164535522,2,92304,-346.577591393333,-197.58055943324783,-575.5606345100271,1000.0,0.0009266626890814851,0.0,0.9173400681113337,0.19894673197135085,46152,0.5,0.99,0.025015861862015713,8.489896989398533,0.41370545625686644,0.004003117425988118,4.444769158628252,0.025015861862015713,0.41370545625686644,8.489896989398533,1.0,0.0009266626890814851,0.0009266626890814851,0.0,0.19894673197135085,0.19894673197135085,0.0,0.9173400681113337,0.9173400681113337,0.0,0.0,0.0,0.0,0.0,0.702,37.88666666666666,56.97333333333332,11230.026,1,HalfCheetah-v5,1042,Agente_4
33.22101306915283,3,138456,-318.9404676137375,-177.91546252693814,-453.0788462855699,1000.0,0.0009266626890814851,0.0,0.9173400681113337,0.19894673197135085,46152,0.5,0.99,0.020418746941916963,8.480474414825439,0.4544699263572693,-0.002997871224458019,5.118117108080122,0.020418746941916963,0.4544699263572693,8.480474414825439,1.0,0.0009266626890814851,0.0009266626890814851,0.0,0.19894673197135085,0.19894673197135085,0.0,0.9173400681113337,0.9173400681113337,0.0,0.0,0.0,0.0,0.0,0.87,36.873333333333335,57.25999999999999,11061.312,2,HalfCheetah-v5,1042,Agente_4
44.74078726768494,4,184608,-304.91079063323696,-137.04647032842615,-453.0788462855699,1000.0,0.0009266626890814851,0.0,0.9173400681113337,0.19894673197135085,46152,0.5,0.99,0.019591099345772023,8.473048760096232,0.48577493621243373,0.0003215706948604849,4.799821162223816,0.019591099345772023,0.48577493621243373,8.473048760096232,1.0,0.0009266626890814851,0.0009266626890814851,0.0,0.19894673197135085,0.19894673197135085,0.0,0.9173400681113337,0.9173400681113337,0.0,0.0,0.0,0.0,0.0,0.7306250000000001,38.925,57.4,11173.751,3,HalfCheetah-v5,1042,Agente_4
54.90369749069214,5,230760,-284.87554328490813,-137.04647032842615,-427.7844155620369,1000.0,0.0009266626890814851,0.0,0.9173400681113337,0.19894673197135085,46152,0.5,0.99,0.018882051759089045,8.451844108369615,0.5072911442650689,-0.0020911630015406344,4.598177488777373,0.018882051759089045,0.5072911442650689,8.451844108369615,1.0,0.0009266626890814851,0.0009266626890814851,0.0,0.19894673197135085,0.19894673197135085,0.0,0.9173400681113337,0.9173400681113337,0.0,0.0,0.0,0.0,0.0,0.8071428571428572,30.550000000000004,57.521428571428565,10968.685,4,HalfCheetah-v5,1042,Agente_4
67.66952109336853,6,276912,-278.467421530036,-151.1381358149775,-436.51376383845263,1000.0,0.0009266626890814851,0.0,0.9173400681113337,0.19894673197135085,46152,0.5,0.99,0.020118527596069826,8.45030456331041,0.4823487718237771,-0.0019192980364378955,4.538138315147823,0.020118527596069826,0.4823487718237771,8.45030456331041,1.0,0.0009266626890814851,0.0009266626890814851,0.0,0.19894673197135085,0.19894673197135085,0.0,0.9173400681113337,0.9173400681113337,0.0,0.0,0.0,0.0,0.0,0.6005882352941176,37.805882352941175,57.51764705882353,11266.007,5,HalfCheetah-v5,1042,Agente_4
78.25708246231079,7,323064,-266.52347211137294,-113.94657206674489,-436.51376383845263,1000.0,0.0009266626890814851,0.0,0.9173400681113337,0.19894673197135085,46152,0.5,0.99,0.01692974091837338,8.453828244739109,0.5584356691439947,-0.002563082654443052,4.068734403186374,0.01692974091837338,0.5584356691439947,8.453828244739109,1.0,0.0009266626890814851,0.0009266626890814851,0.0,0.19894673197135085,0.19894673197135085,0.0,0.9173400681113337,0.9173400681113337,0.0,0.0,0.0,0.0,0.0,0.7566666666666667,34.986666666666665,54.43999999999998,11166.748,6,HalfCheetah-v5,1042,Agente_4
88.96814441680908,8,369216,-253.4812524844569,-109.0884105642422,-401.0011492135159,1000.0,0.0009266626890814851,0.0,0.9173400681113337,0.19894673197135085,46152,0.5,0.99,0.016758007606776034,8.448548259735107,0.5893778337372674,-0.0044756619445979594,4.081501140859392,0.016758007606776034,0.5893778337372674,8.448548259735107,1.0,0.0009266626890814851,0.0009266626890814851,0.0,0.19894673197135085,0.19894673197135085,0.0,0.9173400681113337,0.9173400681113337,0.0,0.0,0.0,0.0,0.0,0.5646666666666668,36.12666666666667,57.453333333333326,11108.615,7,HalfCheetah-v5,1042,Agente_4
99.68706250190735,9,415368,-238.31602178923654,-27.01078949931665,-401.0011492135159,1000.0,0.0009266626890814851,0.0,0.9173400681113337,0.19894673197135085,46152,0.5,0.99,0.016919230129205973,8.383679191801283,0.5582613682746888,-0.004863255730726652,3.852806311978234,0.016919230129205973,0.5582613682746888,8.383679191801283,1.0,0.0009266626890814851,0.0009266626890814851,0.0,0.19894673197135085,0.19894673197135085,0.0,0.9173400681113337,0.9173400681113337,0.0,0.0,0.0,0.0,0.0,0.48066666666666674,37.9,57.91999999999999,11064.313,8,HalfCheetah-v5,1042,Agente_4
109.91677904129028,10,461520,-208.7481956206545,-27.01078949931665,-375.7113863171383,1000.0,0.0009266626890814851,0.0,0.9173400681113337,0.19894673197135085,46152,0.5,0.99,0.01694367943334835,8.431765105989244,0.6355509970585506,-0.005542909670621157,4.161829113430447,0.01694367943334835,0.6355509970585506,8.431765105989244,1.0,0.0009266626890814851,0.0009266626890814851,0.0,0.19894673197135085,0.19894673197135085,0.0,0.9173400681113337,0.9173400681113337,0.0,0.0,0.0,0.0,0.0,0.7321428571428571,36.535714285714285,57.83571428571428,10979.498,9,HalfCheetah-v5,1042,Agente_4
121.18165421485901,11,507672,-205.30642584249136,-4.719790594881879,-375.7113863171383,1000.0,0.0009266626890814851,0.0,0.9173400681113337,0.19894673197135085,46152,0.5,0.99,0.017368068413602,8.385342568291557,0.5737376874685287,-0.005851875873179072,3.8343456896146138,0.017368068413602,0.5737376874685287,8.385342568291557,1.0,0.0009266626890814851,0.0009266626890814851,0.0,0.19894673197135085,0.19894673197135085,0.0,0.9173400681113337,0.9173400681113337,0.0,0.0,0.0,0.0,0.0,0.854375,36.1375,57.768750000000004,10914.893,10,HalfCheetah-v5,1042,Agente_4
131.09730672836304,12,553824,-178.93253047863982,60.976186598091346,-320.2992114061732,1000.0,0.0009266626890814851,0.0,0.9173400681113337,0.19894673197135085,46152,0.5,0.99,0.016424317812133188,8.44006323284573,0.7019592335489061,-0.005464491434395313,4.23427031967375,0.016424317812133188,0.7019592335489061,8.44006323284573,1.0,0.0009266626890814851,0.0009266626890814851,0.0,0.19894673197135085,0.19894673197135085,0.0,0.9173400681113337,0.9173400681113337,0.0,0.0,0.0,0.0,0.0,0.8992857142857144,33.06428571428571,57.78571428571428,10849.526,11,HalfCheetah-v5,1042,Agente_4
144.507004737854,13,599976,-161.8091217128951,60.976186598091346,-304.2189175192341,1000.0,0.0009266626890814851,0.0,0.9173400681113337,0.19894673197135085,46152,0.5,0.99,0.01670471153558338,8.368577347861397,0.6439753462870915,-0.007947473983383841,4.049026283158196,0.01670471153558338,0.6439753462870915,8.368577347861397,1.0,0.0009266626890814851,0.0009266626890814851,0.0,0.19894673197135085,0.19894673197135085,0.0,0.9173400681113337,0.9173400681113337,0.0,0.0,0.0,0.0,0.0,0.6100000000000001,36.611111111111114,57.43333333333333,11116.929,12,HalfCheetah-v5,1042,Agente_4
154.3002369403839,14,646128,-130.05484935470295,82.36428189226359,-379.6213192283344,1000.0,0.0009266626890814851,0.0,0.9173400681113337,0.19894673197135085,46152,0.5,0.99,0.01730957271725252,8.358502007590399,0.7291815602117114,-0.007121840622276067,4.0968066951963635,0.01730957271725252,0.7291815602117114,8.358502007590399,1.0,0.0009266626890814851,0.0009266626890814851,0.0,0.19894673197135085,0.19894673197135085,0.0,0.9173400681113337,0.9173400681113337,0.0,0.0,0.0,0.0,0.0,0.6328571428571429,37.857142857142854,54.228571428571435,10943.737,13,HalfCheetah-v5,1042,Agente_4
165.40228939056396,15,692280,-112.28892451650958,90.8426325041497,-379.6213192283344,1000.0,0.0009266626890814851,0.0,0.9173400681113337,0.19894673197135085,46152,0.5,0.99,0.018124982807009193,8.299525294303894,0.6529063128100501,-0.006589005123823881,4.023981762727102,0.018124982807009193,0.6529063128100501,8.299525294303894,1.0,0.0009266626890814851,0.0009266626890814851,0.0,0.19894673197135085,0.19894673197135085,0.0,0.9173400681113337,0.9173400681113337,0.0,0.0,0.0,0.0,0.0,0.6793333333333335,31.100000000000005,57.79333333333333,11037.995,14,HalfCheetah-v5,1042,Agente_4
176.8700258731842,16,738432,-86.70839698371925,105.46277843423287,-195.65945724132172,1000.0,0.0009266626890814851,0.0,0.9173400681113337,0.19894673197135085,46152,0.5,0.99,0.01758047233495745,8.238240959379407,0.6959713818629583,-0.007754867712242736,3.780465370019277,0.01758047233495745,0.6959713818629583,8.238240959379407,1.0,0.0009266626890814851,0.0009266626890814851,0.0,0.19894673197135085,0.19894673197135085,0.0,0.9173400681113337,0.9173400681113337,0.0,0.0,0.0,0.0,0.0,0.574375,39.625,57.8375,10908.101,15,HalfCheetah-v5,1042,Agente_4
187.86874985694885,17,784584,-73.56095956413414,131.70293416816773,-176.74358268414449,1000.0,0.0009266626890814851,0.0,0.9173400681113337,0.19894673197135085,46152,0.5,0.99,0.016846841659159204,8.306608367496066,0.7210891785886553,-0.008984608312861787,4.256665346357558,0.016846841659159204,0.7210891785886553,8.306608367496066,1.0,0.0009266626890814851,0.0009266626890814851,0.0,0.19894673197135085,0.19894673197135085,0.0,0.9173400681113337,0.9173400681113337,0.0,0.0,0.0,0.0,0.0,0.7926666666666667,36.39333333333333,57.953333333333326,10949.865,16,HalfCheetah-v5,1042,Agente_4
198.92549896240234,18,830736,-54.155528510116,131.70293416816773,-174.3862329062818,1000.0,0.0009266626890814851,0.0,0.9173400681113337,0.19894673197135085,46152,0.5,0.99,0.01905812068221473,8.204549051390753,0.6233715501758788,-0.007690575337037444,3.921356029510498,0.01905812068221473,0.6233715501758788,8.204549051390753,1.0,0.0009266626890814851,0.0009266626890814851,0.0,0.19894673197135085,0.19894673197135085,0.0,0.9173400681113337,0.9173400681113337,0.0,0.0,0.0,0.0,0.0,0.855,34.89375,57.875,10984.436,17,HalfCheetah-v5,1042,Agente_4
209.0393877029419,19,876888,-29.875852836244604,211.76362445111835,-294.04516418437476,1000.0,0.0009266626890814851,0.0,0.9173400681113337,0.19894673197135085,46152,0.5,0.99,0.017379367860719697,8.29213862101237,0.7364415150880813,-0.00840227406265007,4.152997599707709,0.017379367860719697,0.7364415150880813,8.29213862101237,1.0,0.0009266626890814851,0.0009266626890814851,0.0,0.19894673197135085,0.19894673197135085,0.0,0.9173400681113337,0.9173400681113337,0.0,0.0,0.0,0.0,0.0,0.7685714285714286,37.32142857142857,57.95,10923.385,18,HalfCheetah-v5,1042,Agente_4
219.11689448356628,20,923040,-19.013760084386323,211.76362445111835,-294.04516418437476,1000.0,0.0009266626890814851,0.0,0.9173400681113337,0.19894673197135085,46152,0.5,0.99,0.01913292179265735,8.214634222454494,0.6490603984726799,-0.00744717278621263,4.196724117332034,0.01913292179265735,0.6490603984726799,8.214634222454494,1.0,0.0009266626890814851,0.0009266626890814851,0.0,0.19894673197135085,0.19894673197135085,0.0,0.9173400681113337,0.9173400681113337,0.0,0.0,0.0,0.0,0.0,0.7107142857142856,35.99285714285715,57.921428571428564,10907.568,19,HalfCheetah-v5,1042,Agente_4
229.58470153808594,21,969192,23.208997573176703,330.9982997236072,-286.23800592083285,1000.0,0.0009266626890814851,0.0,0.9173400681113337,0.19894673197135085,46152,0.5,0.99,0.01810033027014776,8.240092838075427,0.759015039338006,-0.0075176375566257374,4.468339335653517,0.01810033027014776,0.759015039338006,8.240092838075427,1.0,0.0009266626890814851,0.0009266626890814851,0.0,0.19894673197135085,0.19894673197135085,0.0,0.9173400681113337,0.9173400681113337,0.0,0.0,0.0,0.0,0.0,0.6157142857142858,34.68571428571429,57.86428571428571,10827.656,20,HalfCheetah-v5,1042,Agente_4
241.59100484848022,22,1015344,48.00624345446192,330.9982997236072,-92.68654678270295,1000.0,0.0009266626890814851,0.0,0.9173400681113337,0.19894673197135085,46152,0.5,0.99,0.01830406952857528,8.172199317614238,0.6829380688402388,-0.008103138972073794,4.379114765591091,0.01830406952857528,0.6829380688402388,8.172199317614238,1.0,0.0009266626890814851,0.0009266626890814851,0.0,0.19894673197135085,0.19894673197135085,0.0,0.9173400681113337,0.9173400681113337,0.0,0.0,0.0,0.0,0.0,0.6411764705882352,38.258823529411764,57.93529411764706,11036.572,21,HalfCheetah-v5,1042,Agente_4
253.64609956741333,23,1061496,86.676282634626,281.641296393469,-87.45331226263662,1000.0,0.0009266626890814851,0.0,0.9173400681113337,0.19894673197135085,46152,0.5,0.99,0.017306465181108184,8.20811500867208,0.7897141905625661,-0.009314259261720711,4.638961562845442,0.017306465181108184,0.7897141905625661,8.20811500867208,1.0,0.0009266626890814851,0.0009266626890814851,0.0,0.19894673197135085,0.19894673197135085,0.0,0.9173400681113337,0.9173400681113337,0.0,0.0,0.0,0.0,0.0,0.6864705882352942,34.33529411764705,57.91764705882353,10901.245,22,HalfCheetah-v5,1042,Agente_4
264.4598217010498,24,1107648,114.3117927324619,343.2383906656876,-87.45331226263662,1000.0,0.0009266626890814851,0.0,0.9173400681113337,0.19894673197135085,46152,0.5,0.99,0.018004475903516254,8.209806153509351,0.7372368290026983,-0.011042490947163768,4.841138021151225,0.018004475903516254,0.7372368290026983,8.209806153509351,1.0,0.0009266626890814851,0.0009266626890814851,0.0,0.19894673197135085,0.19894673197135085,0.0,0.9173400681113337,0.9173400681113337,0.0,0.0,0.0,0.0,0.0,0.5359999999999999,38.13999999999999,53.5,11003.68,23,HalfCheetah-v5,1042,Agente_4
277.8005838394165,25,1153800,154.61093944000694,465.3557386490411,-266.142123530977,1000.0,0.0009266626890814851,0.0,0.9173400681113337,0.19894673197135085,46152,0.5,0.99,0.018565145148661234,8.159295667012533,0.7674359591139688,-0.009038177167789804,4.606378047996097,0.018565145148661234,0.7674359591139688,8.159295667012533,1.0,0.0009266626890814851,0.0009266626890814851,0.0,0.19894673197135085,0.19894673197135085,0.0,0.9173400681113337,0.9173400681113337,0.0,0.0,0.0,0.0,0.0,0.5861111111111111,38.65555555555555,58.116666666666674,11227.264,24,HalfCheetah-v5,1042,Agente_4
289.767778635025,26,1199952,169.72416877999774,465.3557386490411,-266.142123530977,1000.0,0.0009266626890814851,0.0,0.9173400681113337,0.19894673197135085,46152,0.5,0.99,0.01868736781076428,8.161722395155165,0.752375518878301,-0.008081166772171855,4.854803184138404,0.01868736781076428,0.752375518878301,8.161722395155165,1.0,0.0009266626890814851,0.0009266626890814851,0.0,0.19894673197135085,0.19894673197135085,0.0,0.9173400681113337,0.9173400681113337,0.0,0.0,0.0,0.0,0.0,0.6494117647058824,35.35294117647059,58.235294117647065,11277.234,25,HalfCheetah-v5,1042,Agente_4
293.82359743118286,23,1283040,612.2746385184228,715.1549519723598,302.6168774766858,1000.0,3.896349829237306e-05,0.0,0.9,0.15012250763467927,60000,0.5,0.99,0.005281452537218535,6.387452147964739,-0.11626823249026241,-0.009398506370842712,9.854701624161159,0.005281452537218535,-0.11626823249026241,6.387452147964739,1.0,3.896349829237306e-05,3.896349829237306e-05,0.0,0.15012250763467927,0.15012250763467927,0.0,0.9,0.9,0.0,0.0,0.0,0.0,0.0,0.45,36.18181818181819,49.94545454545455,15155.267,26,HalfCheetah-v5,1042,Agente_4
308.089720249176,24,1343040,553.5350120257438,725.1865799046761,-428.2843544006331,1000.0,3.896349829237306e-05,0.0,0.9,0.15012250763467927,60000,0.5,0.99,0.005797446902013519,6.42896272830474,0.5034081910410498,-0.009742469433695078,4.6774627496034675,0.005797446902013519,0.5034081910410498,6.42896272830474,1.0,3.896349829237306e-05,3.896349829237306e-05,0.0,0.15012250763467927,0.15012250763467927,0.0,0.9,0.9,0.0,0.0,0.0,0.0,0.0,0.655,34.52499999999999,49.92999999999999,14252.025,27,HalfCheetah-v5,1042,Agente_4
314.07822847366333,25,1367776,741.6709699414426,818.7017026240995,660.4483660903568,1000.0,3.246958191031088e-05,0.0,0.99,0.16671640752286215,44121,0.5,0.99,0.006098569188061305,6.089555888952211,0.5203115337116774,-0.01200039212721898,5.0092007623162385,0.006098569188061305,0.5203115337116774,6.089555888952211,1.0,3.246958191031088e-05,3.246958191031088e-05,0.0,0.16671640752286215,0.16671640752286215,0.0,0.99,0.99,0.0,0.0,0.0,0.0,0.0,0.6346153846153846,33.02307692307692,49.81538461538461,9040.356,28,HalfCheetah-v5,1042,Agente_4
325.29779601097107,26,1411904,748.7693660027737,854.7110804330091,575.9874000824814,1000.0,3.246958191031088e-05,0.0,0.99,0.16671640752286215,44121,0.5,0.99,0.006380162752967181,5.921169791110726,0.43888563756332843,-0.012829896992852174,4.73903573890065,0.006380162752967181,0.43888563756332843,5.921169791110726,1.0,3.246958191031088e-05,3.246958191031088e-05,0.0,0.16671640752286215,0.16671640752286215,0.0,0.99,0.99,0.0,0.0,0.0,0.0,0.0,0.6737500000000001,39.14375,55.41875,10124.025,29,HalfCheetah-v5,1042,Agente_4
334.7218155860901,27,1456032,772.5533138972318,880.911802730983,575.9874000824814,1000.0,3.246958191031088e-05,0.0,0.99,0.16671640752286215,44121,0.5,0.99,0.006075012829546276,5.908230695613595,0.4844018614569376,-0.01159661335783989,4.88421085213506,0.006075012829546276,0.4844018614569376,5.908230695613595,1.0,3.246958191031088e-05,3.246958191031088e-05,0.0,0.16671640752286215,0.16671640752286215,0.0,0.99,0.99,0.0,0.0,0.0,0.0,0.0,0.8430769230769232,33.53076923076923,55.869230769230775,9887.151,30,HalfCheetah-v5,1042,Agente_4
343.8892443180084,28,1500160,799.753523345676,932.9634527085091,619.4732765124758,1000.0,3.246958191031088e-05,0.0,0.99,0.16671640752286215,44121,0.5,0.99,0.006059243896328801,5.814033850958181,0.44939731137697086,-0.011917807486687982,4.750071220896965,0.006059243896328801,0.44939731137697086,5.814033850958181,1.0,3.246958191031088e-05,3.246958191031088e-05,0.0,0.16671640752286215,0.16671640752286215,0.0,0.99,0.99,0.0,0.0,0.0,0.0,0.0,0.6038461538461538,32.38461538461537,48.11538461538461,9703.54,31,HalfCheetah-v5,1042,Agente_4
354.1803958415985,29,1544288,852.1779069465317,908.2591572310287,768.4114625725416,1000.0,3.246958191031088e-05,0.0,0.99,0.16671640752286215,44121,0.5,0.99,0.005662822699225809,5.850441791844922,-0.5973266229380009,-0.011271616898823616,9.757993056053339,0.005662822699225809,-0.5973266229380009,5.850441791844922,1.0,3.246958191031088e-05,3.246958191031088e-05,0.0,0.16671640752286215,0.16671640752286215,0.0,0.99,0.99,0.0,0.0,0.0,0.0,0.0,0.44266666666666665,32.08,45.373333333333335,10278.006,32,HalfCheetah-v5,1042,Agente_4
363.1601285934448,30,1588416,858.8276039576135,952.5285725899314,768.4114625725416,1000.0,3.246958191031088e-05,0.0,0.99,0.16671640752286215,44121,0.5,0.99,0.005456008907454278,5.765890872201254,-0.286258722252624,-0.010936882329541583,9.251549655337666,0.005456008907454278,-0.286258722252624,5.765890872201254,1.0,3.246958191031088e-05,3.246958191031088e-05,0.0,0.16671640752286215,0.16671640752286215,0.0,0.99,0.99,0.0,0.0,0.0,0.0,0.0,0.5483333333333335,42.45833333333333,52.21666666666667,9623.946,33,HalfCheetah-v5,1042,Agente_4
371.42487025260925,31,1632544,860.2808823808347,928.5205584109982,772.3056005664641,1000.0,3.246958191031088e-05,0.0,0.99,0.16671640752286215,44121,0.5,0.99,0.0046217064724683975,5.798109100031298,-0.593875977674196,-0.009819813666128835,8.018543056554572,0.0046217064724683975,-0.593875977674196,5.798109100031298,1.0,3.246958191031088e-05,3.246958191031088e-05,0.0,0.16671640752286215,0.16671640752286215,0.0,0.99,0.99,0.0,0.0,0.0,0.0,0.0,0.32666666666666666,30.324999999999992,44.18333333333334,8250.837,34,HalfCheetah-v5,1042,Agente_4
382.6079430580139,32,1676672,864.2120712677075,939.6826852308168,772.3056005664641,1000.0,3.246958191031088e-05,0.0,0.99,0.16671640752286215,44121,0.5,0.99,0.005369588415546946,5.778770833791689,-0.34413144810255186,-0.0088434107027688,7.520650721705237,0.005369588415546946,-0.34413144810255186,5.778770833791689,1.0,3.246958191031088e-05,3.246958191031088e-05,0.0,0.16671640752286215,0.16671640752286215,0.0,0.99,0.99,0.0,0.0,0.0,0.0,0.0,0.48062499999999997,36.60625,50.912499999999994,9712.025,35,HalfCheetah-v5,1042,Agente_4
380.6606287956238,31,1663416,935.3419050332463,1016.6997266149712,563.8398782808541,1000.0,3.092459881422531e-05,0.0,0.9,0.2810237562006718,52945,0.5,0.99,0.008848663359398476,5.503515115756433,-0.4825948516142021,-0.013347291239329333,9.757354985394525,0.008848663359398476,-0.4825948516142021,5.503515115756433,1.0,3.092459881422531e-05,3.092459881422531e-05,0.0,0.2810237562006718,0.2810237562006718,0.0,0.9,0.9,0.0,0.0,0.0,0.0,0.0,0.6576470588235294,34.25294117647059,51.205882352941174,11573.834,36,HalfCheetah-v5,1042,Agente_4
413.3534336090088,34,1822272,1004.7334543463714,1124.189613300959,882.4317207657216,1000.0,3.092459881422531e-05,0.0,0.9,0.2810237562006718,52945,0.5,0.99,0.009118062177780726,5.288000402635741,0.5525495893168217,-0.012676205883905726,3.963807689796374,0.009118062177780726,0.5525495893168217,5.288000402635741,1.0,3.092459881422531e-05,3.092459881422531e-05,0.0,0.2810237562006718,0.2810237562006718,0.0,0.9,0.9,0.0,0.0,0.0,0.0,0.0,0.37533333333333335,32.300000000000004,44.85333333333333,10492.488,37,HalfCheetah-v5,1042,Agente_4
422.71028780937195,35,1875224,1027.2243641112545,1099.2838101891325,800.8695546082129,1000.0,3.092459881422531e-05,0.0,0.9,0.2810237562006718,52945,0.5,0.99,0.008992152321718311,5.196288571311432,0.5673722084286144,-0.012655036853065769,3.9009579600639714,0.008992152321718311,0.5673722084286144,5.196288571311432,1.0,3.092459881422531e-05,3.092459881422531e-05,0.0,0.2810237562006718,0.2810237562006718,0.0,0.9,0.9,0.0,0.0,0.0,0.0,0.0,0.34846153846153843,31.469230769230766,44.853846153846156,9343.233,38,HalfCheetah-v5,1042,Agente_4
436.0769033432007,36,1928176,1062.861602803821,1141.843119488744,990.2660620468043,1000.0,3.092459881422531e-05,0.0,0.9,0.2810237562006718,52945,0.5,0.99,0.008836747626844048,5.138578403343275,0.571379105442936,-0.01279043667741771,3.92585389868727,0.008836747626844048,0.571379105442936,5.138578403343275,1.0,3.092459881422531e-05,3.092459881422531e-05,0.0,0.2810237562006718,0.2810237562006718,0.0,0.9,0.9,0.0,0.0,0.0,0.0,0.0,0.5499999999999999,35.98947368421054,52.66842105263159,13357.929,39,HalfCheetah-v5,1042,Agente_4
446.8113338947296,37,1981128,1094.963883442718,1168.597563406996,1008.1521450153421,1000.0,3.092459881422531e-05,0.0,0.9,0.2810237562006718,52945,0.5,0.99,0.008765950455704524,5.072236282848618,0.5039808978733508,-0.013133331312282571,3.9167909358311626,0.008765950455704524,0.5039808978733508,5.072236282848618,1.0,3.092459881422531e-05,3.092459881422531e-05,0.0,0.2810237562006718,0.2810237562006718,0.0,0.9,0.9,0.0,0.0,0.0,0.0,0.0,0.4033333333333334,30.346666666666675,45.48,10723.691,40,HalfCheetah-v5,1042,Agente_4
456.67560863494873,38,2034080,1091.0891737507548,1192.5987882739114,972.1847594680005,1000.0,3.092459881422531e-05,0.0,0.9,0.2810237562006718,52945,0.5,0.99,0.00948031332916862,4.979703254144169,0.4600039951430941,-0.012739450379627423,3.799526395149601,0.00948031332916862,0.4600039951430941,4.979703254144169,1.0,3.092459881422531e-05,3.092459881422531e-05,0.0,0.2810237562006718,0.2810237562006718,0.0,0.9,0.9,0.0,0.0,0.0,0.0,0.0,0.6142857142857142,23.5,46.55714285714286,10289.352,41,HalfCheetah-v5,1042,Agente_4
