comparison,metric,learner,environment,cutoff,n_training_seeds,median,q1,q3,n_positive,n_zero,n_negative
fixed_kernel,delta_fixed,PPO,HalfCheetah-v5,0.7,10,0.0168286348768778,0.00410270358500295,0.04787497903197632,8,0,2
fixed_kernel,delta_fixed,PPO,Hopper-v5,0.7,10,0.01498396927473315,0.012252649780717875,0.025936631092362276,8,0,2
fixed_kernel,delta_fixed,PPO,Swimmer-v5,0.7,10,0.0010907099878328,-0.004894350536459675,0.0609580336584608,5,0,5
fixed_kernel,delta_fixed,PPO,Walker2d-v5,0.7,10,0.00408152276854095,-0.000332410078573075,0.024411512000070225,7,0,3
fixed_kernel,delta_fixed,SAC,HalfCheetah-v5,0.7,10,0.01859641147428575,-0.060503962727670474,0.0794093877064891,6,0,4
fixed_kernel,delta_fixed,SAC,Hopper-v5,0.7,10,0.1485141210131076,0.12425267850623817,0.19324330076787277,10,0,0
fixed_kernel,delta_fixed,SAC,Swimmer-v5,0.7,10,0.0092316827792721,0.0053687638313376,0.01452712078226955,8,0,2
fixed_kernel,delta_fixed,SAC,Walker2d-v5,0.7,10,0.0940422397737759,0.04209438167767063,0.13706106784104266,8,0,2
independent_refit,delta_refit,PPO,HalfCheetah-v5,0.7,10,0.00294948809006855,-0.01222429708209455,0.05225797708688318,7,0,3
independent_refit,delta_refit,PPO,Hopper-v5,0.7,10,0.014895093669078801,0.011875840497888826,0.1587054219117471,8,0,2
independent_refit,delta_refit,PPO,Swimmer-v5,0.7,10,-0.0046595189991473,-0.2335667904066138,0.023455315882059527,5,0,5
independent_refit,delta_refit,PPO,Walker2d-v5,0.7,10,-0.0515324016648019,-0.21093541708045535,1.5280201156999995e-05,3,0,7
independent_refit,delta_refit,SAC,HalfCheetah-v5,0.7,10,0.00475492930316205,-0.27758497441765706,0.0591428814735956,5,0,5
independent_refit,delta_refit,SAC,Hopper-v5,0.7,10,-0.0654608563669606,-0.14407096642642417,0.03985922151090785,3,0,7
independent_refit,delta_refit,SAC,Swimmer-v5,0.7,10,-0.0177941200566204,-0.0557665535625874,0.001924504572679325,3,0,7
independent_refit,delta_refit,SAC,Walker2d-v5,0.7,10,0.03533545099111065,-0.13213214293472073,0.21952116289705143,6,0,4
shuffled_diagnostic,delta_shuffled,PPO,HalfCheetah-v5,0.7,10,-0.0004115468432012,-0.06225589230991865,0.0165074864745973,5,0,5
shuffled_diagnostic,delta_shuffled,PPO,Hopper-v5,0.7,10,-0.00012506850826075568,-0.18457005434758203,0.0646195151968157,5,0,5
shuffled_diagnostic,delta_shuffled,PPO,Swimmer-v5,0.7,10,0.0031483680246478427,-0.029049640842455277,0.10142893156562244,5,0,5
shuffled_diagnostic,delta_shuffled,PPO,Walker2d-v5,0.7,10,-0.04069838248095372,-0.2341382876528164,0.0003245042949607,5,0,5
shuffled_diagnostic,delta_shuffled,SAC,HalfCheetah-v5,0.7,10,0.021688627490035847,-0.10492696943444432,0.15470986552858892,5,0,5
shuffled_diagnostic,delta_shuffled,SAC,Hopper-v5,0.7,10,-0.19225339236187794,-0.33956035701496284,-0.07885359665588784,2,0,8
shuffled_diagnostic,delta_shuffled,SAC,Swimmer-v5,0.7,10,-0.0111715370257677,-0.049334559564508176,0.1313657180542115,4,0,6
shuffled_diagnostic,delta_shuffled,SAC,Walker2d-v5,0.7,10,-0.13561719642749076,-0.28493676448709276,0.002386940275245525,3,0,7
