learner,environment,seed,cutoff,delta_fixed,delta_refit,delta_shuffled
PPO,HalfCheetah-v5,1042,0.7,1.03890230737374,0.0685331987270816,0.3373668493199011
PPO,HalfCheetah-v5,2854,0.7,0.003314238222466,0.0032264460621491,-0.0010346601239786
PPO,HalfCheetah-v5,3910,0.7,0.0222147600081318,0.5816788103271437,0.0212986559464951
PPO,HalfCheetah-v5,4721,0.7,0.1196918289851532,-0.0857978289381596,-0.2105185577677253
PPO,HalfCheetah-v5,5603,0.7,0.026086207383496,0.0022860789256432,0.0021339780589039
PPO,HalfCheetah-v5,6198,0.7,-0.00492914061822,-0.0170610890846738,-0.0079340102818994
PPO,HalfCheetah-v5,7433,0.7,-0.0026016311886926,-0.1430260535364318,-0.143212221382623
PPO,HalfCheetah-v5,8256,0.7,0.0551379029148031,0.0034323121662879,0.0002115664375762
PPO,HalfCheetah-v5,9107,0.7,0.0064680996726138,0.07500741098167,-0.0803631863192584
PPO,HalfCheetah-v5,9845,0.7,0.0114425097456238,0.002672530117988,0.4538979048569449
PPO,Hopper-v5,1042,0.7,-0.0094922977967425,0.361544403652092,0.0720911173028884
PPO,Hopper-v5,2854,0.7,0.0161918786796164,-0.1237881494984032,-0.7608896060482517
PPO,Hopper-v5,3910,0.7,0.0118450082915062,0.8544811128418159,9.277330939538864e-05
PPO,Hopper-v5,4721,0.7,0.0291848818966109,0.0752074362391257,-0.2449362781095068
PPO,Hopper-v5,5603,0.7,0.2114443920026085,0.015029643238794,-0.0034713830618077
PPO,Hopper-v5,6198,0.7,0.0134755742483529,0.0134755774465137,0.0422047088785976
PPO,Hopper-v5,7433,0.7,0.154057214892954,-0.4100165608529638,-1.0571795165714548
PPO,Hopper-v5,8256,0.7,0.0152067586467765,0.0113425948483472,-0.0003429103259169
PPO,Hopper-v5,9107,0.7,0.0147611799026898,0.0147605440993636,0.2085416678433181
PPO,Hopper-v5,9845,0.7,-0.0194973311081296,0.1865380838026209,0.2059033759230317
PPO,Swimmer-v5,1042,0.7,-0.0176958747387747,0.0293888547923338,0.00629675099795
PPO,Swimmer-v5,2854,0.7,0.1344811620262936,-0.0106173157545177,-0.0148586716389259
PPO,Swimmer-v5,3910,0.7,-0.0010813029595997,-0.7164377100174429,-0.7159498617783938
PPO,Swimmer-v5,4721,0.7,0.0032627229352653,0.0012982777562231,-1.494865431439507e-08
PPO,Swimmer-v5,5603,0.7,-0.1633399497656066,-1.3225698257686531,-0.0337799639102984
PPO,Swimmer-v5,6198,0.7,0.0892876209161049,0.1392387144130274,0.125761790313359
PPO,Swimmer-v5,7433,0.7,0.0372196953850814,0.9564020842177028,1.4007153449589418
PPO,Swimmer-v5,8256,0.7,-0.0030801052098632,-0.0832099993255731,0.0284303553224128
PPO,Swimmer-v5,9107,0.7,0.0688708130829206,-0.2836857207669607,-0.1167326001936888
PPO,Swimmer-v5,9845,0.7,-0.0054990989786585,0.0056546991512367,0.3608407331738813
PPO,Walker2d-v5,1042,0.7,0.0058318290214455,-0.0969053741324669,-0.2835481281805159
PPO,Walker2d-v5,2854,0.7,-0.006159497494269,-0.0061594291971369,0.0036294566130413
PPO,Walker2d-v5,3910,0.7,0.1121348461702384,-0.462544506711542,-0.6577822271982017
PPO,Walker2d-v5,4721,0.7,0.0306047396596118,-0.7578542049480516,-0.2243092833279221
PPO,Walker2d-v5,5603,0.7,0.0001405619673287,0.000138643354051,0.0001304087511139
PPO,Walker2d-v5,6198,0.7,-0.000490067427207,-0.000354809257525,0.0003892028095763
PPO,Walker2d-v5,7433,0.7,-0.0823640754816386,-0.2194924436795955,-0.2374146224277812
PPO,Walker2d-v5,8256,0.7,0.0045126025669193,0.0091592531220409,0.0050840767159887
PPO,Walker2d-v5,9107,0.7,0.0036504429701626,0.0030039127673605,4.597221636476467e-05
PPO,Walker2d-v5,9845,0.7,0.2430469685271117,-0.1852643372830349,-0.0814427371782722
SAC,HalfCheetah-v5,1042,0.7,0.2777269770198654,0.3775263933935355,0.1732843109194386
SAC,HalfCheetah-v5,2854,0.7,0.3073393481242684,0.4018497159329675,0.0989865293560399
SAC,HalfCheetah-v5,3910,0.7,-0.3388295639090454,-0.8653747959926048,-0.3599526446357842
SAC,HalfCheetah-v5,4721,0.7,-0.0777782910870024,-0.0004634679176713,-0.0026685417754297
SAC,HalfCheetah-v5,5603,0.7,-0.1966362980257501,-0.0682919236550397,0.0460457967555014
SAC,HalfCheetah-v5,6198,0.7,0.0030059951907693,-0.7089104371663957,-0.7099360987136786
SAC,HalfCheetah-v5,7433,0.7,0.0341868277578022,0.0099733265239954,0.443378225485399
SAC,HalfCheetah-v5,8256,0.7,0.080095044544818,-0.3473493246718628,-0.1361893901280809
SAC,HalfCheetah-v5,9107,0.7,0.0773524171915024,0.0656377221293349,-0.0111397073535346
SAC,HalfCheetah-v5,9845,0.7,-0.0086809776496747,0.0396583595063777,0.9507680590976688
SAC,Hopper-v5,1042,0.7,0.1198544838910058,0.056735840527063,-0.8099336054323851
SAC,Hopper-v5,2854,0.7,0.1830568989259692,-0.2835171687002559,-0.4444240791218737
SAC,Hopper-v5,3910,0.7,0.0354868592726654,-0.0107706355375576,0.2548258568786434
SAC,Hopper-v5,4721,0.7,0.1966387680485073,0.8035631081533913,-0.1131357927081661
SAC,Hopper-v5,5603,0.7,0.0790803569704803,-0.1021100425799187,-0.1807321213156436
SAC,Hopper-v5,6198,0.7,0.155917991770545,-0.2122292809635231,-0.3577779815505859
SAC,Hopper-v5,7433,0.7,0.2590205707363102,-0.0713876880912416,-0.2037746634081123
SAC,Hopper-v5,8256,0.7,0.1374472623519353,0.1244610649604197,0.0062549727772567
SAC,Hopper-v5,9107,0.7,0.4335510194406183,-0.0595340246426796,-0.0674261979717951
SAC,Hopper-v5,9845,0.7,0.1411102502556702,-0.158057941041926,-0.2849074834080938
SAC,Swimmer-v5,1042,0.7,-0.0058573265078865,-0.0102079790476319,-0.0211513207240936
SAC,Swimmer-v5,2854,0.7,0.0086735404237373,-0.0001732651879456,0.7116266075438376
SAC,Swimmer-v5,3910,0.7,0.0638840765217781,-0.0630376763061101,-0.0277259028824198
SAC,Swimmer-v5,4721,0.7,0.0059243863978521,0.0026237611595543,-0.0011917533274418
SAC,Swimmer-v5,5603,0.7,0.0136992127722573,0.0181861937499301,-0.0855081834249421
SAC,Swimmer-v5,6198,0.7,0.0148030901189403,-0.0339531853320193,0.1648106677760679
SAC,Swimmer-v5,7433,0.7,0.0051835563091661,0.1854859398445378,0.1638954581242748
SAC,Swimmer-v5,8256,0.7,0.247407379185696,-1.3942991759397796,-1.2560904053438344
SAC,Swimmer-v5,9107,0.7,0.0097898251348069,-0.0253802610656089,0.0337764978440215
SAC,Swimmer-v5,9845,0.7,-0.0401831957055798,-0.3634326474983835,-0.0565374451252043
SAC,Walker2d-v5,1042,0.7,0.0411334336090724,0.0411019144864825,0.0035793487160508
SAC,Walker2d-v5,2854,0.7,0.0868079466012599,-0.1524842860611563,-0.2855243172229897
SAC,Walker2d-v5,3910,0.7,0.1355179537415387,-0.4340084996312658,-0.5740518528371569
SAC,Walker2d-v5,4721,0.7,-0.1809319087247356,-0.181348131766456,-0.283174106279402
SAC,Walker2d-v5,5603,0.7,-0.1494687601033959,0.0295689874957388,-0.1662676399557192
SAC,Walker2d-v5,6198,0.7,0.0449772258834653,0.0464967165508086,0.0094613832865537
SAC,Walker2d-v5,7433,0.7,0.137575439207544,1.0041118113725396,-0.0011902850471703
SAC,Walker2d-v5,8256,0.7,0.2787659171256319,0.277195978345799,0.0206685718566432
SAC,Walker2d-v5,9107,0.7,0.1012765329462919,1.1769961726351732,-0.1049667528992623
SAC,Walker2d-v5,9845,0.7,0.1601235024602654,-0.071075713555414,-1.066126488333476
