learner,environment,seed,cutoff,delta_fixed,delta_refit,delta_shuffled,rmse_real_fixed,rmse_noS_fixed,rmse_real_refit,rmse_noS_refit,rmse_shuffled_refit_median,n_train,n_test
PPO,HalfCheetah-v5,1042,0.7,1.03890230737374,0.06853319872708163,0.33736684931990113,0.5023493067392132,1.5412516141129533,1.0249351921831897,1.0934683909102714,1.3623020415030909,287,702
PPO,HalfCheetah-v5,2854,0.7,0.003314238222466015,0.0032264460621491686,-0.0010346601239786812,0.50819489941272,0.511509137635186,0.5080986011985001,0.5113250472606493,0.5070639410745215,263,244
PPO,HalfCheetah-v5,3910,0.7,0.022214760008131884,0.5816788103271437,0.02129865594649516,0.4141274245011568,0.4363421845092887,0.38942106776427715,0.971099878091421,0.4107197237107723,363,330
PPO,HalfCheetah-v5,4721,0.7,0.11969182898515324,-0.08579782893815968,-0.21051855776772538,0.4186291251505448,0.538320954135698,0.6668949841764552,0.5810971552382955,0.45637642640872983,296,119
PPO,HalfCheetah-v5,5603,0.7,0.026086207383496096,0.0022860789256432534,0.002133978058903918,0.6766178277916385,0.7027040351751346,0.5637581044557697,0.5660441833814129,0.5658920825146736,420,660
PPO,HalfCheetah-v5,6198,0.7,-0.004929140618220085,-0.017061089084673853,-0.007934010281899495,0.4326551948979994,0.42772605427977933,0.4289907149392079,0.411929625854534,0.4210567046573084,390,65
PPO,HalfCheetah-v5,7433,0.7,-0.0026016311886926102,-0.14302605353643183,-0.14321222138262302,0.6323365297931576,0.629734898604465,0.7784987296788821,0.6354726761424503,0.6352865082962591,312,91
PPO,HalfCheetah-v5,8256,0.7,0.05513790291480314,0.003432312166287921,0.00021156643757624938,1.0132483584199268,1.06838626133473,0.7654710655041195,0.7689033776704074,0.7656826319416957,210,261
PPO,HalfCheetah-v5,9107,0.7,0.006468099672613858,0.07500741098167008,-0.08036318631925843,0.7487970600125429,0.7552651596851567,1.0141881829520936,1.0891955939337636,0.9338249966328351,263,126
PPO,HalfCheetah-v5,9845,0.7,0.011442509745623886,0.00267253011798807,0.4538979048569449,0.7767187887655346,0.7881612985111585,0.7100377597207741,0.7127102898387622,1.163935664577719,119,160
PPO,Hopper-v5,1042,0.7,-0.009492297796742544,0.36154440365209206,0.07209111730288842,0.9048776870971426,0.8953853893004,0.5197848366296406,0.8813292402817327,0.591875953932529,461,205
PPO,Hopper-v5,2854,0.7,0.016191878679616467,-0.12378814949840322,-0.7608896060482517,1.3137104890847136,1.32990236776433,2.0749493607191365,1.9511612112207333,1.3140597546708848,284,141
PPO,Hopper-v5,3910,0.7,0.011845008291506254,0.8544811128418159,9.277330939538864e-05,1.1124239784439718,1.124268986735478,1.1102367069817591,1.964717819823575,1.1103294802911545,533,184
PPO,Hopper-v5,4721,0.7,0.029184881896610948,0.07520743623912574,-0.2449362781095068,0.42414919943807255,0.4533340813346835,1.0155150814086353,1.090722517647761,0.7705788032991285,419,116
PPO,Hopper-v5,5603,0.7,0.21144439200260856,0.015029643238794077,-0.00347138306180772,0.9165152617128274,1.127959653715436,0.8756270865234,0.8906567297621941,0.8721557034615923,607,288
PPO,Hopper-v5,6198,0.7,0.013475574248352995,0.013475577446513731,0.04220470887859762,0.7276122724218813,0.7410878466702343,0.7276122724319798,0.7410878498784935,0.7698169813105774,577,108
PPO,Hopper-v5,7433,0.7,0.154057214892954,-0.4100165608529638,-1.0571795165714548,1.6968891968919573,1.8509464117849113,2.5974390047340474,2.1874224438810836,1.5402594881625926,502,343
PPO,Hopper-v5,8256,0.7,0.015206758646776564,0.01134259484834721,-0.00034291032591693416,1.1397117252077433,1.15491848385452,1.093137220552746,1.1044798154010933,1.0927943102268292,552,493
PPO,Hopper-v5,9107,0.7,0.01476117990268988,0.01476054409936367,0.20854166784331818,0.843231242146677,0.8579924220493669,0.8432318780418845,0.8579924221412482,1.0517735458852027,748,174
PPO,Hopper-v5,9845,0.7,-0.01949733110812968,0.18653808380262094,0.20590337592303176,1.5283819268756575,1.5088845957675279,1.5274726197789232,1.7140107035815442,1.733375995701955,174,99
PPO,Swimmer-v5,1042,0.7,-0.017695874738774764,0.029388854792333885,0.006296750997950018,0.6736158546119484,0.6559199798731736,0.6795908530309676,0.7089797078233014,0.6858876040289176,218,122
PPO,Swimmer-v5,2854,0.7,0.13448116202629368,-0.010617315754517798,-0.014858671638925958,0.8951251972824165,1.0296063593087101,0.4819116963463476,0.4712943805918298,0.46705302470742166,215,67
PPO,Swimmer-v5,3910,0.7,-0.0010813029595997392,-0.7164377100174429,-0.7159498617783938,0.5138744425760671,0.5127931396164673,1.2298441821976005,0.5134064721801576,0.5138943204192067,316,122
PPO,Swimmer-v5,4721,0.7,0.0032627229352653053,0.001298277756223154,-1.494865431439507e-08,0.7158556841948608,0.7191184071301261,0.7156675265820306,0.7169658043382537,0.7156675116333763,198,280
PPO,Swimmer-v5,5603,0.7,-0.16333994976560662,-1.3225698257686533,-0.03377996391029847,1.012374394344768,0.8490344445791614,1.8201312005398247,0.49756137477117135,1.7863512366295262,362,347
PPO,Swimmer-v5,6198,0.7,0.08928762091610498,0.13923871441302743,0.125761790313359,0.5912613478131528,0.6805489687292577,0.36933591148726713,0.5085746259002946,0.4950977018006261,227,99
PPO,Swimmer-v5,7433,0.7,0.03721969538508141,0.9564020842177027,1.4007153449589418,1.6797918431472052,1.7170115385322866,0.6375663667082095,1.5939684509259122,2.0382817116671514,629,150
PPO,Swimmer-v5,8256,0.7,-0.0030801052098632375,-0.08320999932557316,0.028430355322412892,0.6139187127594149,0.6108386075495517,0.6898321108638908,0.6066221115383177,0.7182624661863037,208,65
PPO,Swimmer-v5,9107,0.7,0.06887081308292065,-0.28368572076696075,-0.1167326001936888,0.6445049221114548,0.7133757351943755,1.0275839096940367,0.7438981889270759,0.9108513095003479,245,80
PPO,Swimmer-v5,9845,0.7,-0.005499098978658523,0.005654699151236731,0.3608407331738813,1.7313908420745268,1.7258917430958682,0.2520394454474649,0.25769414459870166,0.6128801786213462,256,84
PPO,Walker2d-v5,1042,0.7,0.005831829021445578,-0.09690537413246691,-0.2835481281805159,0.2637998610551246,0.2696316900765702,0.8231484737458499,0.726243099613383,0.539600345565334,363,102
PPO,Walker2d-v5,2854,0.7,-0.006159497494269028,-0.0061594291971369675,0.003629456613041371,0.6408129208578154,0.6346534233635464,0.640812949261767,0.63465352006463,0.6444424058748084,310,95
PPO,Walker2d-v5,3910,0.7,0.11213484617023844,-0.462544506711542,-0.6577822271982017,0.34839992778543316,0.4605347739556716,1.0061243952849892,0.5435798885734472,0.3483421680867876,550,144
PPO,Walker2d-v5,4721,0.7,0.030604739659611857,-0.7578542049480516,-0.2243092833279221,0.779965129022411,0.8105698686820229,1.5421105085648856,0.7842563036168341,1.3178012252369635,615,550
PPO,Walker2d-v5,5603,0.7,0.00014056196732870063,0.00013864335405100459,0.00013040875111391959,0.639344135467227,0.6394846974345557,0.6393441489351352,0.6394827922891863,0.6394745576862492,403,129
PPO,Walker2d-v5,6198,0.7,-0.000490067427207086,-0.0003548092575250128,0.0003892028095763278,0.4045474465044321,0.404057379077225,0.404448004641233,0.40409319538370797,0.4048372074508093,462,70
PPO,Walker2d-v5,7433,0.7,-0.0823640754816386,-0.21949244367959553,-0.23741462242778122,1.304700868707207,1.2223367932255684,1.0539494560837481,0.8344570124041526,0.8165348336559669,543,213
PPO,Walker2d-v5,8256,0.7,0.0045126025669193215,0.009159253122040911,0.005084076715988761,0.556935071331325,0.5614476738982443,0.5528049455623164,0.5619641986843573,0.5578890222783052,428,95
PPO,Walker2d-v5,9107,0.7,0.003650442970162676,0.003003912767360506,4.597221636476467e-05,0.23594103722762955,0.23959148019779222,0.23593867950873398,0.2389425922760945,0.23598465172509875,536,74
PPO,Walker2d-v5,9845,0.7,0.24304696852711177,-0.18526433728303493,-0.08144273717827222,0.4119207862723668,0.6549677547994786,1.707129296781159,1.5218649594981242,1.6256865596028869,755,319
SAC,HalfCheetah-v5,1042,0.7,0.2777269770198654,0.37752639339353555,0.17328431091943863,0.6092687739738127,0.8869957509936781,0.6092687739738127,0.9867951673673483,0.7825530848932514,614,285
SAC,HalfCheetah-v5,2854,0.7,0.30733934812426844,0.4018497159329675,0.09898652935603991,0.7402504350170319,1.0475897831413004,1.4677677216527745,1.869617437585742,1.5667542510088144,642,277
SAC,HalfCheetah-v5,3910,0.7,-0.33882956390904545,-0.8653747959926048,-0.35995264463578425,0.7500933145442469,0.41126375063520143,1.2766380690403536,0.41126327304774885,0.9166854244045693,577,228
SAC,HalfCheetah-v5,4721,0.7,-0.0777782910870024,-0.0004634679176713785,-0.0026685417754297447,0.7801433813073487,0.7023650902203463,1.4505079792035567,1.4500445112858853,1.447839437428127,618,257
SAC,HalfCheetah-v5,5603,0.7,-0.1966362980257501,-0.06829192365503978,0.04604579675550147,1.6536004535531612,1.456964155527411,0.7935332542193477,0.725241330564308,0.8395790509748492,605,261
SAC,HalfCheetah-v5,6198,0.7,0.003005995190769384,-0.7089104371663957,-0.7099360987136786,0.5002027742007308,0.5032087693915002,1.2121192065578958,0.5032087693915002,0.5021831078442173,618,269
SAC,HalfCheetah-v5,7433,0.7,0.03418682775780224,0.009973326523995463,0.443378225485399,0.4960123048377293,0.5301991325955315,0.49343823511975876,0.5034115616437542,0.9368164606051578,591,259
SAC,HalfCheetah-v5,8256,0.7,0.08009504454481808,-0.34734932467186286,-0.13618939012808096,0.6416328861929006,0.7217279307377187,1.0184256925073627,0.6710763678354998,0.8822363023792817,590,233
SAC,HalfCheetah-v5,9107,0.7,0.07735241719150243,0.06563772212933494,-0.011139707353534645,0.6339638104164566,0.711316227607959,0.645678505478624,0.711316227607959,0.6345387981250894,605,253
SAC,HalfCheetah-v5,9845,0.7,-0.008680977649674793,0.03965835950637775,0.9507680590976687,1.6099690190873341,1.6012880414376593,0.5050367184624837,0.5446950779688614,1.4558047775601524,639,259
SAC,Hopper-v5,1042,0.7,0.11985448389100584,0.05673584052706304,-0.8099336054323851,0.7891461059056771,0.909000589796683,1.6029724127179428,1.6597082532450058,0.7930388072855576,752,293
SAC,Hopper-v5,2854,0.7,0.1830568989259692,-0.2835171687002559,-0.44442407912187376,0.9148908655042526,1.0979477644302218,1.2680530489804418,0.9845358802801859,0.823628969858568,773,318
SAC,Hopper-v5,3910,0.7,0.03548685927266548,-0.010770635537557638,0.25482585687864345,0.9912826498601776,1.026769509132843,1.0374964765924082,1.0267258410548505,1.2923223334710516,703,302
SAC,Hopper-v5,4721,0.7,0.19663876804850733,0.8035631081533913,-0.1131357927081661,0.578189360040694,0.7748281280892013,0.7907676111223628,1.594330719275754,0.6776318184141967,738,318
SAC,Hopper-v5,5603,0.7,0.07908035697048033,-0.10211004257991874,-0.18073212131564365,0.9162327027109578,0.9953130596814381,1.0974231016528833,0.9953130590729645,0.9166909803372396,709,328
SAC,Hopper-v5,6198,0.7,0.155917991770545,-0.21222928096352311,-0.35777798155058593,0.9092192441970691,1.0651372359676141,1.2773665168793746,1.0651372359158515,0.9195885353287887,691,296
SAC,Hopper-v5,7433,0.7,0.25902057073631024,-0.07138768809124163,-0.20377466340811234,1.0741038470731954,1.3331244178095056,1.4045121056803302,1.3331244175890886,1.200737442272218,704,327
SAC,Hopper-v5,8256,0.7,0.13744726235193538,0.12446106496041975,0.006254972777256729,0.9386063337147217,1.076053596066657,0.9378412211333952,1.062302286093815,0.9440961939106519,735,306
SAC,Hopper-v5,9107,0.7,0.43355101944061836,-0.05953402464267965,-0.06742619797179517,0.7418741779998409,1.1754251974404593,1.1303694655661662,1.0708354409234866,1.062943267594371,753,291
SAC,Hopper-v5,9845,0.7,0.14111025025567026,-0.15805794104192605,-0.2849074834080938,1.6935795887383316,1.8346898389940018,1.2819498600789805,1.1238919190370544,0.9970423766708867,666,306
SAC,Swimmer-v5,1042,0.7,-0.005857326507886562,-0.010207979047631932,-0.021151320724093647,0.2713313944473495,0.26547406793946293,1.3253667156211293,1.3151587365734974,1.3042153948970356,632,253
SAC,Swimmer-v5,2854,0.7,0.008673540423737303,-0.00017326518794563706,0.7116266075438376,0.4243872710046281,0.4330608114283654,0.41890604722792274,0.4187327820399771,1.1305326547717602,614,275
SAC,Swimmer-v5,3910,0.7,0.06388407652177819,-0.06303767630611012,-0.02772590288241983,0.5595704573481137,0.6234545338698919,0.7980749330860633,0.7350372567799531,0.7703490302036434,648,257
SAC,Swimmer-v5,4721,0.7,0.005924386397852199,0.0026237611595543164,-0.0011917533274418135,0.4443343628339252,0.4502587492317774,0.8899321720536386,0.8925559332131929,0.8887404187261968,550,255
SAC,Swimmer-v5,5603,0.7,0.01369921277225733,0.018186193749930135,-0.08550818342494215,0.3370441511262454,0.35074336389850275,1.061242753737787,1.0794289474877172,0.9757345703128449,647,298
SAC,Swimmer-v5,6198,0.7,0.01480309011894032,-0.0339531853320193,0.1648106677760679,0.9250907763480586,0.9398938664669989,0.7188715845117272,0.6849183991797079,0.8836822522877951,568,280
SAC,Swimmer-v5,7433,0.7,0.005183556309166115,0.18548593984453787,0.16389545812427486,0.496035230635111,0.5012187869442771,1.8513023795690755,2.0367883194136134,2.0151978376933504,622,305
SAC,Swimmer-v5,8256,0.7,0.247407379185696,-1.3942991759397796,-1.2560904053438344,0.46895075351485116,0.7163581327005472,1.760380734362072,0.3660815584222925,0.5042903290182376,611,277
SAC,Swimmer-v5,9107,0.7,0.009789825134806918,-0.025380261065608978,0.03377649784402159,0.2631103427837304,0.27290016791853733,0.29983916917557357,0.2744589081099646,0.33361566701959516,572,332
SAC,Swimmer-v5,9845,0.7,-0.04018319570557982,-0.36343264749838355,-0.05653744512520431,1.065946221556117,1.0257630258505372,1.48953960840558,1.1261069609071965,1.4330021632803758,629,283
SAC,Walker2d-v5,1042,0.7,0.0411334336090724,0.041101914486482594,0.003579348716050812,0.6010767414637314,0.6422101750728038,0.6010653600352227,0.6421672745217053,0.6046447087512735,722,303
SAC,Walker2d-v5,2854,0.7,0.0868079466012599,-0.15248428606115638,-0.28552431722298977,1.6200671969708385,1.7068751435720984,1.25610767485747,1.1036233887963136,0.9705833576344802,674,312
SAC,Walker2d-v5,3910,0.7,0.13551795374153874,-0.43400849963126586,-0.5740518528371569,0.6666852540538567,0.8022032077953954,1.236212449583215,0.8022039499519491,0.6621605967460581,667,328
SAC,Walker2d-v5,4721,0.7,-0.18093190872473564,-0.18134813176645603,-0.283174106279402,1.4665253970546452,1.2855934883299096,1.467192527645136,1.28584439587868,1.184018421365734,756,323
SAC,Walker2d-v5,5603,0.7,-0.14946876010339594,0.029568987495738885,-0.16626763995571925,1.4248453872690339,1.275376627165638,0.9987573834021576,1.0283263708978965,0.8324897434464383,712,319
SAC,Walker2d-v5,6198,0.7,0.04497722588346531,0.04649671655080867,0.00946138328655377,0.6675803827115777,0.712557608595043,0.6678010842557787,0.7142978008065873,0.6772624675423324,721,338
SAC,Walker2d-v5,7433,0.7,0.137575439207544,1.0041118113725396,-0.0011902850471703363,0.6857127142148973,0.8232881534224413,0.6821620075216805,1.6862738188942201,0.6809717224745102,711,328
SAC,Walker2d-v5,8256,0.7,0.2787659171256319,0.277195978345799,0.02066857185664328,0.7193429850127165,0.9981089021383485,0.7193326534680745,0.9965286318138735,0.7400012253247178,690,318
SAC,Walker2d-v5,9107,0.7,0.10127653294629191,1.1769961726351732,-0.10496675289926238,0.5708924915687537,0.6721690245150456,0.671928287177652,1.8489244598128252,0.5669615342783896,712,347
SAC,Walker2d-v5,9845,0.7,0.1601235024602654,-0.07107571355541409,-1.066126488333476,0.7454278666412207,0.9055513691014861,2.000734349381576,1.929658635826162,0.9346078610481001,671,361
