learner,environment,training_seed,n_guided_events,n_active_events,o2i_active_rate,o2i_near_max_rate,o2i_history_envelope_rate,i2o_valid_rate,i2o_state_median,i2o_near_saturation_rate
PPO,HalfCheetah-v5,1042,17,14,0.8235294117647058,0.5,0.7142857142857143,1.0,0.7321031208325014,0.1388888888888889
PPO,HalfCheetah-v5,2854,17,16,0.9411764705882353,0.625,1.0,1.0,0.8082146494480985,0.1161290322580645
PPO,HalfCheetah-v5,3910,25,21,0.84,0.6666666666666666,0.9047619047619048,1.0,0.8021195775160483,0.2533333333333333
PPO,HalfCheetah-v5,4721,15,14,0.9333333333333333,0.6428571428571429,0.8571428571428571,1.0,0.669112835690177,0.0975609756097561
PPO,HalfCheetah-v5,5603,23,21,0.9130434782608695,0.5714285714285714,1.0,1.0,0.6109026202215495,0.0413793103448275
PPO,HalfCheetah-v5,6198,20,16,0.8,0.5625,1.0,1.0,0.7044078243915337,0.1188811188811188
PPO,HalfCheetah-v5,7433,15,13,0.8666666666666667,0.6923076923076923,1.0,1.0,0.6794639210791782,0.0902777777777777
PPO,HalfCheetah-v5,8256,17,16,0.9411764705882353,0.875,1.0,1.0,0.7307092762660332,0.1013513513513513
PPO,HalfCheetah-v5,9107,25,23,0.92,0.5217391304347826,0.9565217391304348,1.0,0.421875578125,0.2733812949640288
PPO,HalfCheetah-v5,9845,12,12,1.0,0.5833333333333334,1.0,1.0,0.7668713415484485,0.272
PPO,Hopper-v5,1042,14,13,0.9285714285714286,0.5384615384615384,1.0,1.0,0.9214916469929426,0.4347826086956521
PPO,Hopper-v5,2854,21,21,1.0,0.6190476190476191,1.0,1.0,0.8371220519596854,0.1266666666666666
PPO,Hopper-v5,3910,19,18,0.9473684210526315,0.6666666666666666,1.0,1.0,0.8164814704538099,0.1357142857142857
PPO,Hopper-v5,4721,19,18,0.9473684210526315,0.5,0.8888888888888888,1.0,0.9061351557941296,0.3623188405797101
PPO,Hopper-v5,5603,26,25,0.9615384615384616,0.72,1.0,1.0,0.7945668282280843,0.1632653061224489
PPO,Hopper-v5,6198,17,15,0.8823529411764706,0.6,0.9333333333333333,1.0,0.8491165954362607,0.2661870503597122
PPO,Hopper-v5,7433,21,19,0.9047619047619048,0.7368421052631579,1.0,1.0,0.8440952408934659,0.1492537313432835
PPO,Hopper-v5,8256,18,17,0.9444444444444444,0.5294117647058824,0.8823529411764706,1.0,0.9259445825754068,0.4459459459459459
PPO,Hopper-v5,9107,19,18,0.9473684210526315,0.7222222222222222,1.0,1.0,0.8783424461426135,0.3767123287671233
PPO,Hopper-v5,9845,14,12,0.8571428571428571,0.5833333333333334,1.0,1.0,0.8717661226589831,0.2740740740740741
PPO,Swimmer-v5,1042,16,13,0.8125,0.6153846153846154,0.8461538461538461,1.0,0.7388856260715785,0.1395348837209302
PPO,Swimmer-v5,2854,21,19,0.9047619047619048,0.5789473684210527,1.0,1.0,0.6807201381948641,0.0704225352112676
PPO,Swimmer-v5,3910,22,18,0.8181818181818182,0.5555555555555556,1.0,1.0,0.8104021361376407,0.1678321678321678
PPO,Swimmer-v5,4721,17,14,0.8235294117647058,0.5,0.9285714285714286,1.0,0.7076703716078945,0.1134751773049645
PPO,Swimmer-v5,5603,21,18,0.8571428571428571,0.6666666666666666,0.8888888888888888,1.0,0.7268089712583403,0.0472972972972973
PPO,Swimmer-v5,6198,16,15,0.9375,0.6666666666666666,0.9333333333333333,1.0,0.8144498246394078,0.158273381294964
PPO,Swimmer-v5,7433,22,21,0.9545454545454546,0.6666666666666666,0.9523809523809523,1.0,0.8835705209201858,0.3445945945945945
PPO,Swimmer-v5,8256,19,18,0.9473684210526315,0.6111111111111112,0.9444444444444444,1.0,0.8460324758887302,0.04
PPO,Swimmer-v5,9107,17,15,0.8823529411764706,0.4666666666666667,0.7333333333333333,1.0,0.8583463136913788,0.303030303030303
PPO,Swimmer-v5,9845,21,20,0.9523809523809523,0.55,0.85,1.0,0.8663792236988346,0.3206106870229007
PPO,Walker2d-v5,1042,20,18,0.9,0.5555555555555556,0.8888888888888888,1.0,0.6042103349187742,0.1605839416058394
PPO,Walker2d-v5,2854,22,21,0.9545454545454546,0.6190476190476191,0.8095238095238095,1.0,0.7439249554492988,0.2957746478873239
PPO,Walker2d-v5,3910,20,18,0.9,0.5555555555555556,1.0,1.0,0.593090649682865,0.0725806451612903
PPO,Walker2d-v5,4721,25,22,0.88,0.6363636363636364,1.0,1.0,0.6322435177928287,0.087248322147651
PPO,Walker2d-v5,5603,24,21,0.875,0.6190476190476191,1.0,1.0,0.7258442606073646,0.1655172413793103
PPO,Walker2d-v5,6198,22,20,0.9090909090909091,0.45,0.55,1.0,0.9182880359599292,0.4222222222222222
PPO,Walker2d-v5,7433,24,21,0.875,0.5714285714285714,0.8571428571428571,1.0,0.7682243115773483,0.1438356164383561
PPO,Walker2d-v5,8256,21,19,0.9047619047619048,0.5263157894736842,1.0,1.0,0.7532103810150873,0.0567375886524822
PPO,Walker2d-v5,9107,18,15,0.8333333333333334,0.7333333333333333,1.0,1.0,0.6757877340567762,0.3134328358208955
PPO,Walker2d-v5,9845,18,17,0.9444444444444444,0.5294117647058824,0.8823529411764706,1.0,0.7916949175115047,0.344
SAC,HalfCheetah-v5,1042,15,13,0.8666666666666667,0.07692307692307693,0.7692307692307693,1.0,0.9597931278323188,0.5569620253164557
SAC,HalfCheetah-v5,2854,12,10,0.8333333333333334,0.5,1.0,1.0,0.9576165572628578,0.569620253164557
SAC,HalfCheetah-v5,3910,12,11,0.9166666666666666,0.0,0.2727272727272727,1.0,0.9718498974798956,0.6486486486486487
SAC,HalfCheetah-v5,4721,11,10,0.9090909090909091,0.2,0.7,1.0,0.9762029416770976,0.6710526315789473
SAC,HalfCheetah-v5,5603,9,8,0.8888888888888888,0.125,1.0,1.0,0.963013603209919,0.581081081081081
SAC,HalfCheetah-v5,6198,16,13,0.8125,0.15384615384615385,0.7692307692307693,1.0,0.9703069988982274,0.6486486486486487
SAC,HalfCheetah-v5,7433,11,8,0.7272727272727273,0.375,0.75,1.0,0.965363294413467,0.6666666666666666
SAC,HalfCheetah-v5,8256,17,14,0.8235294117647058,0.14285714285714285,0.8571428571428571,1.0,0.9465241828184284,0.4871794871794871
SAC,HalfCheetah-v5,9107,12,11,0.9166666666666666,0.09090909090909091,1.0,1.0,0.9593304884028911,0.5753424657534246
SAC,HalfCheetah-v5,9845,14,12,0.8571428571428571,0.08333333333333333,0.8333333333333334,1.0,0.9712184806753456,0.6621621621621622
SAC,Hopper-v5,1042,10,8,0.8,0.0,1.0,1.0,0.9285743459564436,0.4246575342465753
SAC,Hopper-v5,2854,12,9,0.75,0.1111111111111111,1.0,1.0,0.9619230199941212,0.5526315789473685
SAC,Hopper-v5,3910,12,10,0.8333333333333334,0.2,0.7,1.0,0.9525820879763264,0.5066666666666667
SAC,Hopper-v5,4721,13,12,0.9230769230769231,0.16666666666666666,1.0,1.0,0.9755664806840688,0.6233766233766234
SAC,Hopper-v5,5603,11,10,0.9090909090909091,0.1,0.9,1.0,0.9750349663702608,0.5584415584415584
SAC,Hopper-v5,6198,13,11,0.8461538461538461,0.09090909090909091,1.0,1.0,0.966779797863268,0.6438356164383562
SAC,Hopper-v5,7433,9,7,0.7777777777777778,0.42857142857142855,1.0,1.0,0.9569920450197548,0.5394736842105263
SAC,Hopper-v5,8256,13,9,0.6923076923076923,0.1111111111111111,0.7777777777777778,1.0,0.9406847663918948,0.48
SAC,Hopper-v5,9107,12,9,0.75,0.1111111111111111,1.0,1.0,0.963467889802565,0.56
SAC,Hopper-v5,9845,15,11,0.7333333333333333,0.09090909090909091,0.9090909090909091,1.0,0.94761280727601,0.4933333333333333
SAC,Swimmer-v5,1042,14,12,0.8571428571428571,0.16666666666666666,0.75,1.0,0.995525265400286,0.8375
SAC,Swimmer-v5,2854,15,11,0.7333333333333333,0.18181818181818182,1.0,1.0,0.9888139579990092,0.7236842105263158
SAC,Swimmer-v5,3910,12,10,0.8333333333333334,0.2,0.2,1.0,0.9925257078658584,0.8181818181818182
SAC,Swimmer-v5,4721,13,11,0.8461538461538461,0.18181818181818182,0.9090909090909091,1.0,0.9904213735144936,0.8051948051948052
SAC,Swimmer-v5,5603,11,10,0.9090909090909091,0.2,0.8,1.0,0.991783314160874,0.8181818181818182
SAC,Swimmer-v5,6198,17,13,0.7647058823529411,0.23076923076923078,1.0,1.0,0.9918293389207689,0.8024691358024691
SAC,Swimmer-v5,7433,15,13,0.8666666666666667,0.23076923076923078,1.0,1.0,0.9940476595215936,0.8607594936708861
SAC,Swimmer-v5,8256,15,12,0.8,0.25,0.5833333333333334,1.0,0.9920449602808872,0.7654320987654321
SAC,Swimmer-v5,9107,15,11,0.7333333333333333,0.09090909090909091,1.0,1.0,0.994716740439886,0.8243243243243243
SAC,Swimmer-v5,9845,10,8,0.8,0.0,0.75,1.0,0.99020623728573,0.7808219178082192
SAC,Walker2d-v5,1042,8,5,0.625,0.2,1.0,1.0,0.9452049595963292,0.4933333333333333
SAC,Walker2d-v5,2854,12,8,0.6666666666666666,0.125,1.0,1.0,0.8458512900935911,0.2409638554216867
SAC,Walker2d-v5,3910,13,12,0.9230769230769231,0.08333333333333333,1.0,1.0,0.9270627040187888,0.4415584415584415
SAC,Walker2d-v5,4721,16,13,0.8125,0.23076923076923078,1.0,1.0,0.9641493498296856,0.5641025641025641
SAC,Walker2d-v5,5603,14,11,0.7857142857142857,0.18181818181818182,1.0,1.0,0.9233688473587914,0.4078947368421052
SAC,Walker2d-v5,6198,16,13,0.8125,0.15384615384615385,1.0,1.0,0.8929879890313801,0.3571428571428571
SAC,Walker2d-v5,7433,15,10,0.6666666666666666,0.3,1.0,1.0,0.8505917067354749,0.2988505747126437
SAC,Walker2d-v5,8256,15,12,0.8,0.08333333333333333,0.9166666666666666,1.0,0.92555036363626,0.3947368421052631
SAC,Walker2d-v5,9107,12,8,0.6666666666666666,0.5,1.0,1.0,0.9029903252383804,0.3253012048192771
SAC,Walker2d-v5,9845,13,11,0.8461538461538461,0.18181818181818182,1.0,1.0,0.9623997566251664,0.5625
