Trial,Time,train_batch_size,lambda,clip_param,lr,Reward,policy_update_state,policy_update_state_valid,entropy_coeff,guided_update,o2i_uncertainty_raw,o2i_uncertainty_thresholded,o2i_warmup_gain,o2i_uncertainty_effective,entropy_increment,gp_data_count
CODA_FULL_Swimmer-v5_9845_9cfdb_00002,52656,26327,0.9188804038290999,0.11799086148040644,0.0002996566385562959,5.680250505564386,1.0,1.0,0.0,0.0,0.0,0.0,0.0,0.0,0.0,0.0
CODA_FULL_Swimmer-v5_9845_9cfdb_00003,58776,58776,0.9193817897698446,0.46069765723358647,0.00012007238712148428,-2.505182758585524,0.0029483988214633948,1.0,0.0,0.0,0.0,0.0,0.0,0.0,0.0,0.0
CODA_FULL_Swimmer-v5_9845_9cfdb_00001,71760,35879,0.9863745589079682,0.10515119560162832,0.0002868860528256031,4.997652170954041,1.0,1.0,0.0,0.0,0.0,0.0,0.0,0.0,0.0,0.0
CODA_FULL_Swimmer-v5_9845_9cfdb_00000,93696,46845,0.9324665166570727,0.3448961159822288,1.067073147579695e-05,7.8374942468386894,0.20719210587513878,1.0,0.0,0.0,0.0,0.0,0.0,0.0,0.0,0.0
CODA_FULL_Swimmer-v5_9845_9cfdb_00002,105312,26327,0.9188804038290999,0.11799086148040644,0.0002996566385562959,13.147458114391275,1.0,1.0,0.0,0.0,0.0,0.0,0.0,0.0,0.0,0.0
CODA_FULL_Swimmer-v5_9845_9cfdb_00003,117552,58776,0.9193817897698446,0.46069765723358647,0.00012007238712148428,11.450862178643836,0.006164304432400465,1.0,0.0,0.0,0.0,0.0,0.0,0.0,0.0,0.0
CODA_FULL_Swimmer-v5_9845_9cfdb_00001,143520,35879,0.9863745589079682,0.10515119560162832,0.0002868860528256031,16.122622212691567,1.0,1.0,0.0,0.0,0.0,0.0,0.0,0.0,0.0,0.0
CODA_FULL_Swimmer-v5_9845_9cfdb_00002,157968,26327,0.9188804038290999,0.11799086148040644,0.0002996566385562959,17.709956166286464,1.0,1.0,0.0,0.0,0.0,0.0,0.0,0.0,0.0,0.0
CODA_FULL_Swimmer-v5_9845_9cfdb_00003,176328,58776,0.9193817897698446,0.46069765723358647,0.00012007238712148428,21.345081057254262,0.02292829127990314,1.0,0.0,0.0,0.0,0.0,0.0,0.0,0.0,0.0
CODA_FULL_Swimmer-v5_9845_9cfdb_00000,187392,46845,0.9324665166570727,0.3448961159822288,1.067073147579695e-05,20.63747486255631,0.4885636868870858,1.0,0.0,0.0,0.0,0.0,0.0,0.0,0.0,0.0
CODA_FULL_Swimmer-v5_9845_9cfdb_00001,215280,35879,0.9863745589079682,0.10515119560162832,0.0002868860528256031,26.06236376480815,1.0,1.0,0.0,0.0,0.0,0.0,0.0,0.0,0.0,0.0
CODA_FULL_Swimmer-v5_9845_9cfdb_00002,210624,26327,0.9188804038290999,0.11799086148040644,0.0002996566385562959,22.018948661686625,1.0,1.0,0.0,0.0,0.0,0.0,0.0,0.0,0.0,0.0
CODA_FULL_Swimmer-v5_9845_9cfdb_00003,235104,58776,0.9193817897698446,0.46069765723358647,0.00012007238712148428,24.863342403124893,0.2524174301015557,1.0,0.0,0.0,0.0,0.0,0.0,0.0,0.0,0.0
CODA_FULL_Swimmer-v5_9845_9cfdb_00002,263280,26327,0.9188804038290999,0.11799086148040644,0.0002996566385562959,25.006883685126613,1.0,1.0,0.0,0.0,0.0,0.0,0.0,0.0,0.0,0.0
CODA_FULL_Swimmer-v5_9845_9cfdb_00001,287040,35879,0.9863745589079682,0.10515119560162832,0.0002868860528256031,30.45234907674227,1.0,1.0,0.0,0.0,0.0,0.0,0.0,0.0,0.0,0.0
CODA_FULL_Swimmer-v5_9845_9cfdb_00000,281088,46845,0.9324665166570727,0.3448961159822288,1.067073147579695e-05,25.52843274056673,0.7123170738739858,1.0,0.0,0.0,0.0,0.0,0.0,0.0,0.0,0.0
CODA_FULL_Swimmer-v5_9845_9cfdb_00003,293880,58776,0.9193817897698446,0.46069765723358647,0.00012007238712148428,24.86921582566075,0.4393130725761668,1.0,0.0,0.0,0.0,0.0,0.0,0.0,0.0,0.0
CODA_FULL_Swimmer-v5_9845_9cfdb_00003,287040,1000,0.9900000095367432,0.5,0.0010000000474974513,30.45234907674227,1.0,1.0,0.0,,,,,,,
CODA_FULL_Swimmer-v5_9845_9cfdb_00002,315936,26327,0.9188804038290999,0.11799086148040644,0.0002996566385562959,26.70418763141669,1.0,1.0,0.0,0.0,0.0,0.0,0.0,0.0,0.0,0.0
CODA_FULL_Swimmer-v5_9845_9cfdb_00001,358800,35879,0.9863745589079682,0.10515119560162832,0.0002868860528256031,29.42070734430432,1.0,1.0,0.0,0.0,0.0,0.0,0.0,0.0,0.0,0.0
CODA_FULL_Swimmer-v5_9845_9cfdb_00000,374784,46845,0.9324665166570727,0.3448961159822288,1.067073147579695e-05,27.064837912988587,0.8145063227443055,1.0,0.0,0.0,0.0,0.0,0.0,0.0,0.0,0.0
CODA_FULL_Swimmer-v5_9845_9cfdb_00003,337040,1000,0.9900000095367432,0.5,0.0010000000474974513,29.71815890348317,0.9689768880422243,1.0,0.0,1.0,0.9987132600877199,0.9985702889863555,0.0,0.0,0.0,13.0
CODA_FULL_Swimmer-v5_9845_9cfdb_00002,368592,26327,0.9188804038290999,0.11799086148040644,0.0002996566385562959,30.740689340177013,1.0,1.0,0.0,0.0,0.0,0.0,0.0,0.0,0.0,0.0
CODA_FULL_Swimmer-v5_9845_9cfdb_00001,430560,35879,0.9863745589079682,0.10515119560162832,0.0002868860528256031,26.601320215480982,1.0,1.0,0.0,0.0,0.0,0.0,0.0,0.0,0.0,0.0
CODA_FULL_Swimmer-v5_9845_9cfdb_00001,368592,60000,0.8999999761581421,0.10000000149011612,0.0010000000474974513,30.740689340177013,1.0,1.0,0.00024257450270020138,,,,,,,
CODA_FULL_Swimmer-v5_9845_9cfdb_00003,387040,1000,0.9900000095367432,0.5,0.0010000000474974513,17.858366764934093,0.67697288020451,1.0,0.0,1.0,0.9987132600877199,0.9985702889863555,0.0,0.0,0.0,13.0
CODA_FULL_Swimmer-v5_9845_9cfdb_00003,368592,1000,0.8999999761581421,0.5,9.999999747378752e-06,30.740689340177013,1.0,1.0,0.00021089463869457815,,,,,,,
CODA_FULL_Swimmer-v5_9845_9cfdb_00002,421248,26327,0.9188804038290999,0.11799086148040644,0.0002996566385562959,32.59988370743716,1.0,1.0,0.0,0.0,0.0,0.0,0.0,0.0,0.0,0.0
CODA_FULL_Swimmer-v5_9845_9cfdb_00000,468480,46845,0.9324665166570727,0.3448961159822288,1.067073147579695e-05,30.432775725525975,1.0,1.0,0.0,0.0,0.0,0.0,0.0,0.0,0.0,0.0
CODA_FULL_Swimmer-v5_9845_9cfdb_00001,428592,60000,0.8999999761581421,0.10000000149011612,0.0010000000474974513,32.75047836227826,0.9127307039407285,1.0,0.00024257450270020138,1.0,0.9732682097207249,0.9702980108008055,0.0625,0.06064362567505034,0.00024257450270020138,19.0
CODA_FULL_Swimmer-v5_9845_9cfdb_00003,418592,1000,0.8999999761581421,0.5,9.999999747378752e-06,33.67820565734135,1.0,1.0,0.00021089463869457815,1.0,0.669415524475361,0.6326839160837344,0.08333333333333333,0.052723659673644535,0.00021089463869457815,20.0
CODA_FULL_Swimmer-v5_9845_9cfdb_00002,473904,26327,0.9188804038290999,0.11799086148040644,0.0002996566385562959,36.08346626067238,1.0,1.0,0.0,0.0,0.0,0.0,0.0,0.0,0.0,0.0
CODA_FULL_Swimmer-v5_9845_9cfdb_00001,488592,60000,0.8999999761581421,0.10000000149011612,0.0010000000474974513,34.29421498136372,0.962752261302185,1.0,0.00024257450270020138,1.0,0.9732682097207249,0.9702980108008055,0.0625,0.06064362567505034,0.00024257450270020138,19.0
CODA_FULL_Swimmer-v5_9845_9cfdb_00003,468592,1000,0.8999999761581421,0.5,9.999999747378752e-06,34.91104633386848,1.0,1.0,0.00021089463869457815,1.0,0.669415524475361,0.6326839160837344,0.08333333333333333,0.052723659673644535,0.00021089463869457815,20.0
CODA_FULL_Swimmer-v5_9845_9cfdb_00002,526560,26327,0.9188804038290999,0.11799086148040644,0.0002996566385562959,37.59916205077981,1.0,1.0,0.0,0.0,0.0,0.0,0.0,0.0,0.0,0.0
CODA_FULL_Swimmer-v5_9845_9cfdb_00000,562176,46845,0.9324665166570727,0.3448961159822288,1.067073147579695e-05,31.24256265729895,1.0,1.0,0.0,0.0,0.0,0.0,0.0,0.0,0.0,0.0
CODA_FULL_Swimmer-v5_9845_9cfdb_00000,526560,1000,0.8999999761581421,0.10000000149011612,0.0010000000474974513,37.59916205077981,1.0,1.0,0.0007889048733063113,,,,,,,
CODA_FULL_Swimmer-v5_9845_9cfdb_00001,548592,60000,0.8999999761581421,0.10000000149011612,0.0010000000474974513,33.82673791388704,0.974457728329521,1.0,0.00024257450270020138,1.0,0.9732682097207249,0.9702980108008055,0.0625,0.06064362567505034,0.00024257450270020138,19.0
CODA_FULL_Swimmer-v5_9845_9cfdb_00002,579216,26327,0.9188804038290999,0.11799086148040644,0.0002996566385562959,37.966802271841395,1.0,1.0,0.0,0.0,0.0,0.0,0.0,0.0,0.0,0.0
CODA_FULL_Swimmer-v5_9845_9cfdb_00003,518592,1000,0.8999999761581421,0.5,9.999999747378752e-06,35.27739091437331,1.0,1.0,0.00021089463869457815,1.0,0.669415524475361,0.6326839160837344,0.08333333333333333,0.052723659673644535,0.00021089463869457815,20.0
CODA_FULL_Swimmer-v5_9845_9cfdb_00000,576560,1000,0.8999999761581421,0.10000000149011612,0.0010000000474974513,41.79078313225493,0.9891156656345943,1.0,0.0007889048733063113,1.0,0.7553978947467817,0.7282198830519796,0.2708333333333333,0.1972262183265778,0.0007889048733063113,29.0
CODA_FULL_Swimmer-v5_9845_9cfdb_00001,608592,60000,0.8999999761581421,0.10000000149011612,0.0010000000474974513,35.14091697792303,0.9928639215924002,1.0,0.00024257450270020138,1.0,0.9732682097207249,0.9702980108008055,0.0625,0.06064362567505034,0.00024257450270020138,19.0
CODA_FULL_Swimmer-v5_9845_9cfdb_00001,576560,60000,0.8999999761581421,0.5,0.0010000000474974513,41.79078313225493,0.9891156656345943,1.0,0.0013011648722086578,,,,,,,
CODA_FULL_Swimmer-v5_9845_9cfdb_00003,568592,1000,0.8999999761581421,0.5,9.999999747378752e-06,36.34239504045843,1.0,1.0,0.00021089463869457815,1.0,0.669415524475361,0.6326839160837344,0.08333333333333333,0.052723659673644535,0.00021089463869457815,20.0
CODA_FULL_Swimmer-v5_9845_9cfdb_00002,631872,26327,0.9188804038290999,0.11799086148040644,0.0002996566385562959,40.36868136089105,1.0,1.0,0.0,0.0,0.0,0.0,0.0,0.0,0.0,0.0
CODA_FULL_Swimmer-v5_9845_9cfdb_00000,626560,1000,0.8999999761581421,0.10000000149011612,0.0010000000474974513,40.79228650976811,0.969311964721612,1.0,0.0007889048733063113,1.0,0.7553978947467817,0.7282198830519796,0.2708333333333333,0.1972262183265778,0.0007889048733063113,29.0
CODA_FULL_Swimmer-v5_9845_9cfdb_00001,636560,60000,0.8999999761581421,0.5,0.0010000000474974513,40.70906997563958,0.7523975639645044,1.0,0.0013011648722086578,1.0,0.8806989233251946,0.8674432481391051,0.375,0.32529121805216443,0.0013011648722086578,34.0
CODA_FULL_Swimmer-v5_9845_9cfdb_00003,618592,1000,0.8999999761581421,0.5,9.999999747378752e-06,37.18927165754871,0.999904465928025,1.0,0.00021089463869457815,1.0,0.669415524475361,0.6326839160837344,0.08333333333333333,0.052723659673644535,0.00021089463869457815,20.0
CODA_FULL_Swimmer-v5_9845_9cfdb_00003,626560,1000,0.9900000095367432,0.5,9.999999747378752e-06,40.79228650976811,0.969311964721612,1.0,0.0019059936341961153,,,,,,,
CODA_FULL_Swimmer-v5_9845_9cfdb_00002,684528,26327,0.9188804038290999,0.11799086148040644,0.0002996566385562959,41.00441036649073,1.0,1.0,0.0,0.0,0.0,0.0,0.0,0.0,0.0,0.0
CODA_FULL_Swimmer-v5_9845_9cfdb_00000,676560,1000,0.8999999761581421,0.10000000149011612,0.0010000000474974513,9.27068650770316,0.8955606344396263,1.0,0.0007889048733063113,1.0,0.7553978947467817,0.7282198830519796,0.2708333333333333,0.1972262183265778,0.0007889048733063113,29.0
CODA_FULL_Swimmer-v5_9845_9cfdb_00000,684528,41133,0.9306530952453613,0.21817947924137115,0.0005536279641091824,41.00441036649073,1.0,1.0,0.0020832990992851307,,,,,,,
CODA_FULL_Swimmer-v5_9845_9cfdb_00001,696560,60000,0.8999999761581421,0.5,0.0010000000474974513,38.21121895426468,0.7970413491441057,1.0,0.0013011648722086578,1.0,0.8806989233251946,0.8674432481391051,0.375,0.32529121805216443,0.0013011648722086578,34.0
CODA_FULL_Swimmer-v5_9845_9cfdb_00003,676560,1000,0.9900000095367432,0.5,9.999999747378752e-06,9.757165166437467,0.9963083381414194,1.0,0.0019059936341961153,1.0,0.994988315187741,0.9944314613197123,0.4791666666666667,0.4764984085490288,0.0019059936341961153,39.0
CODA_FULL_Swimmer-v5_9845_9cfdb_00002,737184,26327,0.9188804038290999,0.11799086148040644,0.0002996566385562959,42.35213283244737,1.0,1.0,0.0,0.0,0.0,0.0,0.0,0.0,0.0,0.0
CODA_FULL_Swimmer-v5_9845_9cfdb_00001,756560,60000,0.8999999761581421,0.5,0.0010000000474974513,39.0169790912544,0.8914093222056517,1.0,0.0013011648722086578,1.0,0.8806989233251946,0.8674432481391051,0.375,0.32529121805216443,0.0013011648722086578,34.0
CODA_FULL_Swimmer-v5_9845_9cfdb_00000,766800,41133,0.9306530952453613,0.21817947924137115,0.0005536279641091824,42.281481231140035,0.685843300302848,1.0,0.0020832990992851307,1.0,0.9999852108911764,0.9999835676568627,0.5208333333333334,0.5208247748212826,0.0020832990992851307,41.0
CODA_FULL_Swimmer-v5_9845_9cfdb_00003,726560,1000,0.9900000095367432,0.5,9.999999747378752e-06,26.599903031555435,0.6417966614150756,1.0,0.0019059936341961153,1.0,0.994988315187741,0.9944314613197123,0.4791666666666667,0.4764984085490288,0.0019059936341961153,39.0
CODA_FULL_Swimmer-v5_9845_9cfdb_00003,737184,23082,0.9679146409034729,0.3602137863636017,7.090930739650503e-05,42.35213283244737,1.0,1.0,0.0025832926970989433,,,,,,,
CODA_FULL_Swimmer-v5_9845_9cfdb_00002,789840,26327,0.9188804038290999,0.11799086148040644,0.0002996566385562959,45.23341232239964,1.0,1.0,0.0,0.0,0.0,0.0,0.0,0.0,0.0,0.0
CODA_FULL_Swimmer-v5_9845_9cfdb_00001,816560,60000,0.8999999761581421,0.5,0.0010000000474974513,38.804657347794524,0.774127828845023,1.0,0.0013011648722086578,1.0,0.8806989233251946,0.8674432481391051,0.375,0.32529121805216443,0.0013011648722086578,34.0
CODA_FULL_Swimmer-v5_9845_9cfdb_00000,849072,41133,0.9306530952453613,0.21817947924137115,0.0005536279641091824,44.18856870494366,0.5652858927957053,1.0,0.0020832990992851307,1.0,0.9999852108911764,0.9999835676568627,0.5208333333333334,0.5208247748212826,0.0020832990992851307,41.0
CODA_FULL_Swimmer-v5_9845_9cfdb_00003,806448,23082,0.9679146409034729,0.3602137863636017,7.090930739650503e-05,45.68413112404548,0.506436358609345,1.0,0.0025832926970989433,1.0,0.9999858428602769,0.9999842698447521,0.6458333333333334,0.6458231742747358,0.0025832926970989433,47.0
CODA_FULL_Swimmer-v5_9845_9cfdb_00002,842496,26327,0.9188804038290999,0.11799086148040644,0.0002996566385562959,47.39292877766761,1.0,1.0,0.0,0.0,0.0,0.0,0.0,0.0,0.0,0.0
CODA_FULL_Swimmer-v5_9845_9cfdb_00001,876560,60000,0.8999999761581421,0.5,0.0010000000474974513,41.111977280833415,0.8798544382265647,1.0,0.0013011648722086578,1.0,0.8806989233251946,0.8674432481391051,0.375,0.32529121805216443,0.0013011648722086578,34.0
CODA_FULL_Swimmer-v5_9845_9cfdb_00001,842496,16523,0.9645729064941406,0.3480866551399231,0.0007681892602704465,47.39292877766761,1.0,1.0,0.0030832833732246196,,,,,,,
CODA_FULL_Swimmer-v5_9845_9cfdb_00000,931344,41133,0.9306530952453613,0.21817947924137115,0.0005536279641091824,49.112509502333,0.7974399507987826,1.0,0.0020832990992851307,1.0,0.9999852108911764,0.9999835676568627,0.5208333333333334,0.5208247748212826,0.0020832990992851307,41.0
CODA_FULL_Swimmer-v5_9845_9cfdb_00003,875712,23082,0.9679146409034729,0.3602137863636017,7.090930739650503e-05,60.48104236096192,0.9549564785963702,1.0,0.0025832926970989433,1.0,0.9999858428602769,0.9999842698447521,0.6458333333333334,0.6458231742747358,0.0025832926970989433,47.0
CODA_FULL_Swimmer-v5_9845_9cfdb_00002,895152,26327,0.9188804038290999,0.11799086148040644,0.0002996566385562959,49.86231526367908,1.0,1.0,0.0,0.0,0.0,0.0,0.0,0.0,0.0,0.0
CODA_FULL_Swimmer-v5_9845_9cfdb_00001,908608,16523,0.9645729064941406,0.3480866551399231,0.0007681892602704465,50.926021206050976,0.44522084457952676,1.0,0.0030832833732246196,1.0,0.9999854170493484,0.9999837967214982,0.7708333333333334,0.7708208433061549,0.0030832833732246196,53.0
CODA_FULL_Swimmer-v5_9845_9cfdb_00002,947808,26327,0.9188804038290999,0.11799086148040644,0.0002996566385562959,51.21233460115919,1.0,1.0,0.0,0.0,0.0,0.0,0.0,0.0,0.0,0.0
CODA_FULL_Swimmer-v5_9845_9cfdb_00003,944976,23082,0.9679146409034729,0.3602137863636017,7.090930739650503e-05,73.24114767479482,0.825064955353438,1.0,0.0025832926970989433,1.0,0.9999858428602769,0.9999842698447521,0.6458333333333334,0.6458231742747358,0.0025832926970989433,47.0
CODA_FULL_Swimmer-v5_9845_9cfdb_00000,1013616,41133,0.9306530952453613,0.21817947924137115,0.0005536279641091824,49.58514048838386,0.6874187614899517,1.0,0.0020832990992851307,1.0,0.9999852108911764,0.9999835676568627,0.5208333333333334,0.5208247748212826,0.0020832990992851307,41.0
CODA_FULL_Swimmer-v5_9845_9cfdb_00000,944976,20461,0.9525354504585266,0.4776777923107147,0.0007411583792418242,73.24114767479482,0.825064955353438,1.0,0.003666608535341384,,,,,,,
CODA_FULL_Swimmer-v5_9845_9cfdb_00001,974720,16523,0.9645729064941406,0.3480866551399231,0.0007681892602704465,63.792682662037585,0.3492758123866477,1.0,0.0030832833732246196,1.0,0.9999854170493484,0.9999837967214982,0.7708333333333334,0.7708208433061549,0.0030832833732246196,53.0
CODA_FULL_Swimmer-v5_9845_9cfdb_00002,1000464,26327,0.9188804038290999,0.11799086148040644,0.0002996566385562959,54.23785357887877,1.0,1.0,0.0,0.0,0.0,0.0,0.0,0.0,0.0,0.0
CODA_FULL_Swimmer-v5_9845_9cfdb_00003,1014240,23082,0.9679146409034729,0.3602137863636017,7.090930739650503e-05,89.03596220708327,0.8676100977032428,1.0,0.0025832926970989433,1.0,0.9999858428602769,0.9999842698447521,0.6458333333333334,0.6458231742747358,0.0025832926970989433,47.0
CODA_FULL_Swimmer-v5_9845_9cfdb_00000,1006368,20461,0.9525354504585266,0.4776777923107147,0.0007411583792418242,87.83561772705913,0.44406464457157296,1.0,0.003666608535341384,1.0,0.9999857314019762,0.9999841460021958,0.9166666666666666,0.916652133835346,0.003666608535341384,60.0
CODA_FULL_Swimmer-v5_9845_9cfdb_00001,1040832,16523,0.9645729064941406,0.3480866551399231,0.0007681892602704465,82.4793648161938,0.45196520030902454,1.0,0.0030832833732246196,1.0,0.9999854170493484,0.9999837967214982,0.7708333333333334,0.7708208433061549,0.0030832833732246196,53.0
CODA_FULL_Swimmer-v5_9845_9cfdb_00002,1053120,26327,0.9188804038290999,0.11799086148040644,0.0002996566385562959,62.843532626587866,1.0,1.0,0.0,0.0,0.0,0.0,0.0,0.0,0.0,0.0
CODA_FULL_Swimmer-v5_9845_9cfdb_00002,1014240,22953,0.9357999563217163,0.315619558095932,0.0003090912359766662,89.03596220708327,0.8676100977032428,1.0,0.003999944239829092,,,,,,,
CODA_FULL_Swimmer-v5_9845_9cfdb_00003,1083504,23082,0.9679146409034729,0.3602137863636017,7.090930739650503e-05,97.17372676996645,0.8867933979315434,1.0,0.0025832926970989433,1.0,0.9999858428602769,0.9999842698447521,0.6458333333333334,0.6458231742747358,0.0025832926970989433,47.0
CODA_FULL_Swimmer-v5_9845_9cfdb_00000,1067760,20461,0.9525354504585266,0.4776777923107147,0.0007411583792418242,89.66470356476388,0.649558109432397,1.0,0.003666608535341384,1.0,0.9999857314019762,0.9999841460021958,0.9166666666666666,0.916652133835346,0.003666608535341384,60.0
CODA_FULL_Swimmer-v5_9845_9cfdb_00001,1106944,16523,0.9645729064941406,0.3480866551399231,0.0007681892602704465,89.86547605912634,0.6633546441569557,1.0,0.0030832833732246196,1.0,0.9999854170493484,0.9999837967214982,0.7708333333333334,0.7708208433061549,0.0030832833732246196,53.0
CODA_FULL_Swimmer-v5_9845_9cfdb_00002,1083120,22953,0.9357999563217163,0.315619558095932,0.0003090912359766662,95.53807295650736,0.5850806109655893,1.0,0.003999944239829092,1.0,0.9999874539615459,0.9999860599572732,1.0,0.9999860599572732,0.003999944239829092,66.0
CODA_FULL_Swimmer-v5_9845_9cfdb_00003,1152768,23082,0.9679146409034729,0.3602137863636017,7.090930739650503e-05,102.75847836736834,0.7918739232977251,1.0,0.0025832926970989433,1.0,0.9999858428602769,0.9999842698447521,0.6458333333333334,0.6458231742747358,0.0025832926970989433,47.0
CODA_FULL_Swimmer-v5_9845_9cfdb_00000,1129152,20461,0.9525354504585266,0.4776777923107147,0.0007411583792418242,93.03608825257326,0.9261992780397317,1.0,0.003666608535341384,1.0,0.9999857314019762,0.9999841460021958,0.9166666666666666,0.916652133835346,0.003666608535341384,60.0
CODA_FULL_Swimmer-v5_9845_9cfdb_00001,1173056,16523,0.9645729064941406,0.3480866551399231,0.0007681892602704465,86.27058188107688,0.7381679612494584,1.0,0.0030832833732246196,1.0,0.9999854170493484,0.9999837967214982,0.7708333333333334,0.7708208433061549,0.0030832833732246196,53.0
CODA_FULL_Swimmer-v5_9845_9cfdb_00001,1152768,40439,0.9421882033348083,0.23141911625862122,0.0007596811628900468,102.75847836736834,0.7918739232977251,1.0,0.003999942918827574,,,,,,,
CODA_FULL_Swimmer-v5_9845_9cfdb_00002,1152000,22953,0.9357999563217163,0.315619558095932,0.0003090912359766662,100.69625066838232,0.7566705918936945,1.0,0.003999944239829092,1.0,0.9999874539615459,0.9999860599572732,1.0,0.9999860599572732,0.003999944239829092,66.0
CODA_FULL_Swimmer-v5_9845_9cfdb_00003,1222032,23082,0.9679146409034729,0.3602137863636017,7.090930739650503e-05,108.69298496382993,0.8563791602122228,1.0,0.0025832926970989433,1.0,0.9999858428602769,0.9999842698447521,0.6458333333333334,0.6458231742747358,0.0025832926970989433,47.0
CODA_FULL_Swimmer-v5_9845_9cfdb_00000,1190544,20461,0.9525354504585266,0.4776777923107147,0.0007411583792418242,95.03943525286093,0.9261992780397317,1.0,0.003666608535341384,1.0,0.9999857314019762,0.9999841460021958,0.9166666666666666,0.916652133835346,0.003666608535341384,60.0
CODA_FULL_Swimmer-v5_9845_9cfdb_00001,1233648,40439,0.9421882033348083,0.23141911625862122,0.0007596811628900468,108.19678408831388,0.5952324218000399,1.0,0.003999942918827574,1.0,0.9999871567362041,0.9999857297068935,1.0,0.9999857297068935,0.003999942918827574,73.0
CODA_FULL_Swimmer-v5_9845_9cfdb_00002,1220880,22953,0.9357999563217163,0.315619558095932,0.0003090912359766662,105.44342448919453,0.7175299908913063,1.0,0.003999944239829092,1.0,0.9999874539615459,0.9999860599572732,1.0,0.9999860599572732,0.003999944239829092,66.0
CODA_FULL_Swimmer-v5_9845_9cfdb_00003,1291296,23082,0.9679146409034729,0.3602137863636017,7.090930739650503e-05,113.10338404873441,0.8788232047048959,1.0,0.0025832926970989433,1.0,0.9999858428602769,0.9999842698447521,0.6458333333333334,0.6458231742747358,0.0025832926970989433,47.0
CODA_FULL_Swimmer-v5_9845_9cfdb_00000,1251936,20461,0.9525354504585266,0.4776777923107147,0.0007411583792418242,98.75802779779949,0.7362580990943041,1.0,0.003666608535341384,1.0,0.9999857314019762,0.9999841460021958,0.9166666666666666,0.916652133835346,0.003666608535341384,60.0
CODA_FULL_Swimmer-v5_9845_9cfdb_00000,1291296,54525,0.9008191227912903,0.3783183991909027,0.0003337119414936751,113.10338404873441,0.8788232047048959,1.0,0.003999941316364654,,,,,,,
CODA_FULL_Swimmer-v5_9845_9cfdb_00001,1314528,40439,0.9421882033348083,0.23141911625862122,0.0007596811628900468,108.41480672221795,0.5802023205718227,1.0,0.003999942918827574,1.0,0.9999871567362041,0.9999857297068935,1.0,0.9999857297068935,0.003999942918827574,73.0
CODA_FULL_Swimmer-v5_9845_9cfdb_00002,1289760,22953,0.9357999563217163,0.315619558095932,0.0003090912359766662,106.62086437768454,0.7407573719143843,1.0,0.003999944239829092,1.0,0.9999874539615459,0.9999860599572732,1.0,0.9999860599572732,0.003999944239829092,66.0
CODA_FULL_Swimmer-v5_9845_9cfdb_00003,1360560,23082,0.9679146409034729,0.3602137863636017,7.090930739650503e-05,114.46735320734422,0.8937224290537963,1.0,0.0025832926970989433,1.0,0.9999858428602769,0.9999842698447521,0.6458333333333334,0.6458231742747358,0.0025832926970989433,47.0
CODA_FULL_Swimmer-v5_9845_9cfdb_00000,1345824,54525,0.9008191227912903,0.3783183991909027,0.0003337119414936751,115.38659244007573,0.7030906147697479,1.0,0.003999941316364654,1.0,0.9999867961820472,0.9999853290911636,1.0,0.9999853290911636,0.003999941316364654,80.0
CODA_FULL_Swimmer-v5_9845_9cfdb_00002,1358640,22953,0.9357999563217163,0.315619558095932,0.0003090912359766662,107.68667218725398,0.7098397266578397,1.0,0.003999944239829092,1.0,0.9999874539615459,0.9999860599572732,1.0,0.9999860599572732,0.003999944239829092,66.0
CODA_FULL_Swimmer-v5_9845_9cfdb_00002,1345824,22945,0.9360883831977844,0.36732402443885803,0.0007200156105682254,115.38659244007573,0.7030906147697479,1.0,0.003999940780292242,,,,,,,
CODA_FULL_Swimmer-v5_9845_9cfdb_00001,1395408,40439,0.9421882033348083,0.23141911625862122,0.0007596811628900468,109.61120674159176,0.5749770576277586,1.0,0.003999942918827574,1.0,0.9999871567362041,0.9999857297068935,1.0,0.9999857297068935,0.003999942918827574,73.0
CODA_FULL_Swimmer-v5_9845_9cfdb_00003,1429824,23082,0.9679146409034729,0.3602137863636017,7.090930739650503e-05,114.08744445496775,0.8449491549756886,1.0,0.0025832926970989433,1.0,0.9999858428602769,0.9999842698447521,0.6458333333333334,0.6458231742747358,0.0025832926970989433,47.0
CODA_FULL_Swimmer-v5_9845_9cfdb_00000,1400352,54525,0.9008191227912903,0.3783183991909027,0.0003337119414936751,115.27217045550735,0.6469144696809039,1.0,0.003999941316364654,1.0,0.9999867961820472,0.9999853290911636,1.0,0.9999853290911636,0.003999941316364654,80.0
CODA_FULL_Swimmer-v5_9845_9cfdb_00002,1414680,22945,0.9360883831977844,0.36732402443885803,0.0007200156105682254,115.61937466491067,0.4827463379595578,1.0,0.003999940780292242,1.0,0.9999866755657544,0.9999851950730604,1.0,0.9999851950730604,0.003999940780292242,85.0
CODA_FULL_Swimmer-v5_9845_9cfdb_00001,1476288,40439,0.9421882033348083,0.23141911625862122,0.0007596811628900468,111.6904021712359,0.7029888388498593,1.0,0.003999942918827574,1.0,0.9999871567362041,0.9999857297068935,1.0,0.9999857297068935,0.003999942918827574,73.0
CODA_FULL_Swimmer-v5_9845_9cfdb_00001,1414680,28680,0.9119978547096252,0.46700000762939453,0.00039010526961646974,115.61937466491067,0.4827463379595578,1.0,0.0039999408984398065,,,,,,,
CODA_FULL_Swimmer-v5_9845_9cfdb_00000,1454880,54525,0.9008191227912903,0.3783183991909027,0.0003337119414936751,115.65997673334205,0.7855342327065056,1.0,0.003999941316364654,1.0,0.9999867961820472,0.9999853290911636,1.0,0.9999853290911636,0.003999941316364654,80.0
CODA_FULL_Swimmer-v5_9845_9cfdb_00003,1499088,23082,0.9679146409034729,0.3602137863636017,7.090930739650503e-05,118.26969228481912,0.8157417104866332,1.0,0.0025832926970989433,1.0,0.9999858428602769,0.9999842698447521,0.6458333333333334,0.6458231742747358,0.0025832926970989433,47.0
CODA_FULL_Swimmer-v5_9845_9cfdb_00002,1483536,22945,0.9360883831977844,0.36732402443885803,0.0007200156105682254,116.51405518218887,0.6413294737271018,1.0,0.003999940780292242,1.0,0.9999866755657544,0.9999851950730604,1.0,0.9999851950730604,0.003999940780292242,85.0
CODA_FULL_Swimmer-v5_9845_9cfdb_00001,1472040,28680,0.9119978547096252,0.46700000762939453,0.00039010526961646974,115.61382452683915,0.6123918224216248,1.0,0.0039999408984398065,1.0,0.9999867021489564,0.9999852246099515,1.0,0.9999852246099515,0.0039999408984398065,90.0
CODA_FULL_Swimmer-v5_9845_9cfdb_00001,1499088,58266,0.9436475038528442,0.13917018473148346,0.0003817560791503638,118.26969228481912,0.8157417104866332,1.0,0.00399994064855278,,,,,,,
CODA_FULL_Swimmer-v5_9845_9cfdb_00000,1509408,54525,0.9008191227912903,0.3783183991909027,0.0003337119414936751,115.62562111778608,0.7626702463401783,1.0,0.003999941316364654,1.0,0.9999867961820472,0.9999853290911636,1.0,0.9999853290911636,0.003999941316364654,80.0
CODA_FULL_Swimmer-v5_9845_9cfdb_00002,1552392,22945,0.9360883831977844,0.36732402443885803,0.0007200156105682254,118.60044154869848,0.677989213385601,1.0,0.003999940780292242,1.0,0.9999866755657544,0.9999851950730604,1.0,0.9999851950730604,0.003999940780292242,85.0
CODA_FULL_Swimmer-v5_9845_9cfdb_00001,1557360,58266,0.9436475038528442,0.13917018473148346,0.0003817560791503638,119.93033361830305,0.7057947867657337,1.0,0.00399994064855278,1.0,0.9999866459243755,0.999985162138195,1.0,0.999985162138195,0.00399994064855278,94.0
CODA_FULL_Swimmer-v5_9845_9cfdb_00003,1568352,23082,0.9679146409034729,0.3602137863636017,7.090930739650503e-05,120.99788672958636,0.8873767577509231,1.0,0.0025832926970989433,1.0,0.9999858428602769,0.9999842698447521,0.6458333333333334,0.6458231742747358,0.0025832926970989433,47.0
CODA_FULL_Swimmer-v5_9845_9cfdb_00000,1563936,54525,0.9008191227912903,0.3783183991909027,0.0003337119414936751,114.40850641815541,0.7711676046047136,1.0,0.003999941316364654,1.0,0.9999867961820472,0.9999853290911636,1.0,0.9999853290911636,0.003999941316364654,80.0
CODA_FULL_Swimmer-v5_9845_9cfdb_00000,1568352,4801,0.9075400829315186,0.11621678620576859,0.000633269315585494,120.99788672958636,0.8873767577509231,1.0,0.003999940349780315,,,,,,,
CODA_FULL_Swimmer-v5_9845_9cfdb_00002,1621248,22945,0.9360883831977844,0.36732402443885803,0.0007200156105682254,118.50119111757573,0.6838370635833113,1.0,0.003999940780292242,1.0,0.9999866755657544,0.9999851950730604,1.0,0.9999851950730604,0.003999940780292242,85.0
CODA_FULL_Swimmer-v5_9845_9cfdb_00001,1615632,58266,0.9436475038528442,0.13917018473148346,0.0003817560791503638,121.03861517911068,0.7718279373410433,1.0,0.00399994064855278,1.0,0.9999866459243755,0.999985162138195,1.0,0.999985162138195,0.00399994064855278,94.0
CODA_FULL_Swimmer-v5_9845_9cfdb_00000,1621240,4801,0.9075400829315186,0.11621678620576859,0.000633269315585494,120.60688177832012,0.8722556492505121,1.0,0.003999940349780315,1.0,0.9999865787005708,0.9999850874450787,1.0,0.9999850874450787,0.003999940349780315,99.0
CODA_FULL_Swimmer-v5_9845_9cfdb_00003,1637616,23082,0.9679146409034729,0.3602137863636017,7.090930739650503e-05,121.28396640267562,0.7948154796771782,1.0,0.0025832926970989433,1.0,0.9999858428602769,0.9999842698447521,0.6458333333333334,0.6458231742747358,0.0025832926970989433,47.0
CODA_FULL_Swimmer-v5_9845_9cfdb_00001,1673904,58266,0.9436475038528442,0.13917018473148346,0.0003817560791503638,119.92815057832996,0.8225399034091454,1.0,0.00399994064855278,1.0,0.9999866459243755,0.999985162138195,1.0,0.999985162138195,0.00399994064855278,94.0
CODA_FULL_Swimmer-v5_9845_9cfdb_00000,1674128,4801,0.9075400829315186,0.11621678620576859,0.000633269315585494,118.91771436668418,0.9085265870872896,1.0,0.003999940349780315,1.0,0.9999865787005708,0.9999850874450787,1.0,0.9999850874450787,0.003999940349780315,99.0
CODA_FULL_Swimmer-v5_9845_9cfdb_00002,1690104,22945,0.9360883831977844,0.36732402443885803,0.0007200156105682254,118.3696194732527,0.6973507240632872,1.0,0.003999940780292242,1.0,0.9999866755657544,0.9999851950730604,1.0,0.9999851950730604,0.003999940780292242,85.0
CODA_FULL_Swimmer-v5_9845_9cfdb_00002,1637616,13563,0.9595125913619995,0.10640645027160645,0.00017495086649432778,121.28396640267562,0.7948154796771782,1.0,0.003999940429082374,,,,,,,
CODA_FULL_Swimmer-v5_9845_9cfdb_00003,1706880,23082,0.9679146409034729,0.3602137863636017,7.090930739650503e-05,121.41453496463035,0.8540025970969187,1.0,0.0025832926970989433,1.0,0.9999858428602769,0.9999842698447521,0.6458333333333334,0.6458231742747358,0.0025832926970989433,47.0
CODA_FULL_Swimmer-v5_9845_9cfdb_00001,1732176,58266,0.9436475038528442,0.13917018473148346,0.0003817560791503638,120.84400053291309,0.8415027345262116,1.0,0.00399994064855278,1.0,0.9999866459243755,0.999985162138195,1.0,0.999985162138195,0.00399994064855278,94.0
CODA_FULL_Swimmer-v5_9845_9cfdb_00002,1691888,13563,0.9595125913619995,0.10640645027160645,0.00017495086649432778,121.10471758280657,0.8924901727053114,1.0,0.003999940429082374,1.0,0.9999865965435342,0.9999851072705935,1.0,0.9999851072705935,0.003999940429082374,106.0
CODA_FULL_Swimmer-v5_9845_9cfdb_00000,1727016,4801,0.9075400829315186,0.11621678620576859,0.000633269315585494,117.89362475924955,0.9455838247035987,1.0,0.003999940349780315,1.0,0.9999865787005708,0.9999850874450787,1.0,0.9999850874450787,0.003999940349780315,99.0
CODA_FULL_Swimmer-v5_9845_9cfdb_00000,1706880,36002,0.924585223197937,0.35408732295036316,0.0002223487972514704,121.41453496463035,0.8540025970969187,1.0,0.003999940486274528,,,,,,,
CODA_FULL_Swimmer-v5_9845_9cfdb_00003,1776144,23082,0.9679146409034729,0.3602137863636017,7.090930739650503e-05,121.5695005515991,0.8725909824434619,1.0,0.0025832926970989433,1.0,0.9999858428602769,0.9999842698447521,0.6458333333333334,0.6458231742747358,0.0025832926970989433,47.0
CODA_FULL_Swimmer-v5_9845_9cfdb_00001,1790448,58266,0.9436475038528442,0.13917018473148346,0.0003817560791503638,120.60155027249941,0.8811270508946587,1.0,0.00399994064855278,1.0,0.9999866459243755,0.999985162138195,1.0,0.999985162138195,0.00399994064855278,94.0
CODA_FULL_Swimmer-v5_9845_9cfdb_00002,1746160,13563,0.9595125913619995,0.10640645027160645,0.00017495086649432778,122.20496563031425,0.9659832187075399,1.0,0.003999940429082374,1.0,0.9999865965435342,0.9999851072705935,1.0,0.9999851072705935,0.003999940429082374,106.0
CODA_FULL_Swimmer-v5_9845_9cfdb_00000,1778896,36002,0.924585223197937,0.35408732295036316,0.0002223487972514704,122.13334886491842,0.6107515785300645,1.0,0.003999940486274528,1.0,0.9999866094117689,0.9999851215686321,1.0,0.9999851215686321,0.003999940486274528,110.0
CODA_FULL_Swimmer-v5_9845_9cfdb_00003,1845408,23082,0.9679146409034729,0.3602137863636017,7.090930739650503e-05,123.03526611158443,0.8938039869100485,1.0,0.0025832926970989433,1.0,0.9999858428602769,0.9999842698447521,0.6458333333333334,0.6458231742747358,0.0025832926970989433,47.0
CODA_FULL_Swimmer-v5_9845_9cfdb_00002,1800432,13563,0.9595125913619995,0.10640645027160645,0.00017495086649432778,123.67599760617449,0.9350783353666071,1.0,0.003999940429082374,1.0,0.9999865965435342,0.9999851072705935,1.0,0.9999851072705935,0.003999940429082374,106.0
CODA_FULL_Swimmer-v5_9845_9cfdb_00001,1848720,58266,0.9436475038528442,0.13917018473148346,0.0003817560791503638,122.43527299160743,0.861806282864975,1.0,0.00399994064855278,1.0,0.9999866459243755,0.999985162138195,1.0,0.999985162138195,0.00399994064855278,94.0
CODA_FULL_Swimmer-v5_9845_9cfdb_00000,1850912,36002,0.924585223197937,0.35408732295036316,0.0002223487972514704,121.62607053362665,0.6747655637448762,1.0,0.003999940486274528,1.0,0.9999866094117689,0.9999851215686321,1.0,0.9999851215686321,0.003999940486274528,110.0
CODA_FULL_Swimmer-v5_9845_9cfdb_00000,1800432,42683,0.9703972339630127,0.4136934280395508,5.515194789040834e-05,123.67599760617449,0.9350783353666071,1.0,0.003999940302356904,,,,,,,
CODA_FULL_Swimmer-v5_9845_9cfdb_00002,1854704,13563,0.9595125913619995,0.10640645027160645,0.00017495086649432778,122.01073580273567,0.9350783353666071,1.0,0.003999940429082374,1.0,0.9999865965435342,0.9999851072705935,1.0,0.9999851072705935,0.003999940429082374,106.0
CODA_FULL_Swimmer-v5_9845_9cfdb_00003,1914672,23082,0.9679146409034729,0.3602137863636017,7.090930739650503e-05,123.73174272156297,0.8881688068649174,1.0,0.0025832926970989433,1.0,0.9999858428602769,0.9999842698447521,0.6458333333333334,0.6458231742747358,0.0025832926970989433,47.0
CODA_FULL_Swimmer-v5_9845_9cfdb_00001,1906992,58266,0.9436475038528442,0.13917018473148346,0.0003817560791503638,122.13183419518913,0.861806282864975,1.0,0.00399994064855278,1.0,0.9999866459243755,0.999985162138195,1.0,0.999985162138195,0.00399994064855278,94.0
CODA_FULL_Swimmer-v5_9845_9cfdb_00000,1885808,42683,0.9703972339630127,0.4136934280395508,5.515194789040834e-05,121.17217312072404,0.8663792236988346,1.0,0.003999940302356904,1.0,0.9999865680303033,0.9999850755892259,1.0,0.9999850755892259,0.003999940302356904,118.0
CODA_FULL_Swimmer-v5_9845_9cfdb_00000,1914672,13270,0.9050276875495911,0.4073353111743927,0.00039982705493457615,123.73174272156297,0.8881688068649174,1.0,0.003999940637936764,,,,,,,
CODA_FULL_Swimmer-v5_9845_9cfdb_00002,1908976,13563,0.9595125913619995,0.10640645027160645,0.00017495086649432778,121.64363549877066,0.9350783353666071,1.0,0.003999940429082374,1.0,0.9999865965435342,0.9999851072705935,1.0,0.9999851072705935,0.003999940429082374,106.0
CODA_FULL_Swimmer-v5_9845_9cfdb_00001,1965264,58266,0.9436475038528442,0.13917018473148346,0.0003817560791503638,122.24632456339745,0.861806282864975,1.0,0.00399994064855278,1.0,0.9999866459243755,0.999985162138195,1.0,0.999985162138195,0.00399994064855278,94.0
CODA_FULL_Swimmer-v5_9845_9cfdb_00003,1983936,23082,0.9679146409034729,0.3602137863636017,7.090930739650503e-05,124.66905298033419,0.8167937141364432,1.0,0.0025832926970989433,1.0,0.9999858428602769,0.9999842698447521,0.6458333333333334,0.6458231742747358,0.0025832926970989433,47.0
CODA_FULL_Swimmer-v5_9845_9cfdb_00000,1967760,13270,0.9050276875495911,0.4073353111743927,0.00039982705493457615,123.52186583210614,0.4495111087912136,1.0,0.003999940637936764,1.0,0.9999866435357718,0.9999851594841909,1.0,0.9999851594841909,0.003999940637936764,122.0
CODA_FULL_Swimmer-v5_9845_9cfdb_00002,1963248,13563,0.9595125913619995,0.10640645027160645,0.00017495086649432778,122.21829951727292,0.9350783353666071,1.0,0.003999940429082374,1.0,0.9999865965435342,0.9999851072705935,1.0,0.9999851072705935,0.003999940429082374,106.0
CODA_FULL_Swimmer-v5_9845_9cfdb_00002,1983936,39064,0.9871305227279663,0.23051707446575165,0.0004458488547243178,124.66905298033419,0.8167937141364432,1.0,0.00399994086904548,,,,,,,
